customer_id,engagement_score,billing_stability,tenure_months,avg_session_seconds,monthly_spend_usd,support_tickets_90d,late_payments_12m,marketing_emails_opened_30d,region,plan_type,primary_device,churned_next_month
2373,55.59471445511593,0.6713274964768169,14,308,57.770117786620474,1,1,3,Midwest,Basic,Tablet,1.0
165,57.438668353502976,0.716016083408799,25,161,57.62807121434513,1,0,1,Northeast,Standard,Desktop,0.0
1917,55.191799903989015,0.6882958848017602,31,335,66.35297880625299,1,1,5,Northeast,Standard,Mobile,0.0
2074,88.586482674008,0.4542686571967227,35,363,96.1991251917928,0,2,4,Northeast,Basic,Desktop,1.0
1656,54.71336286737899,0.7802858691768726,36,161,,2,1,0,Northeast,Basic,,1.0
2637,56.19156364307557,0.6485305471235876,29,186,42.37744206672145,2,2,1,Northeast,Pro,Mobile,1.0
2109,57.7138770700163,,19,380,26.889049680828258,1,2,1,Mountain,Basic,Mobile,1.0
361,68.44930336214335,0.6351493352787415,55,382,69.07218375405049,2,1,3,Northeast,Pro,,1.0
2381,51.51216577226886,0.7045628912657445,19,244,46.18151575571727,1,1,5,South,Basic,Desktop,1.0
2204,53.402611160743064,0.5280007417141093,34,246,,3,2,1,Mountain,Basic,Mobile,1.0
382,43.13549230041275,0.8654530284074962,20,133,72.99772615169687,1,0,2,Mountain,Basic,Mobile,0.0
69,40.26652153357932,0.5004260092677844,0,79,48.46076651529742,1,2,4,Mountain,Pro,Desktop,1.0
441,60.21488296247527,0.6119821043623977,17,208,27.44567413039681,0,0,6,Midwest,Basic,Desktop,0.0
162,26.71834867462402,0.6644304102633879,11,22,71.34509326498967,2,2,3,West,Pro,Mobile,0.0
1784,60.78650813051841,0.5250375829209963,26,294,55.91898380132873,3,1,3,Midwest,Standard,Mobile,1.0
423,61.52756254990346,0.5177903813783218,34,237,59.12944959262834,2,0,6,Northeast,Standard,Mobile,0.0
1707,63.92390849499551,0.6545013361859624,48,355,49.30416966566347,2,2,3,Mountain,Standard,,0.0
1647,90.25765604744807,0.6860464445250886,30,356,116.11678560879515,2,0,3,Northeast,Pro,Desktop,1.0
2479,83.08101335904921,0.5674473734832062,37,325,131.23479469490343,0,0,4,South,Pro,Desktop,0.0
1490,32.87735899876496,0.7230166133225862,12,247,34.987448387048715,0,3,2,Mountain,Standard,Mobile,
1791,74.50960576926889,0.8539167879865621,12,270,61.689086955071694,1,1,1,South,Basic,Mobile,0.0
2084,93.56859314867721,0.5197613899661354,50,358,149.65542720381907,1,1,2,Northeast,Standard,Desktop,0.0
2375,79.92063447047506,0.3486808317877789,25,358,79.04240572493445,2,0,1,South,Basic,Desktop,0.0
2058,62.847104368759936,0.6084815300060878,29,343,19.436960097063476,2,1,2,Midwest,Basic,Mobile,0.0
1202,63.26906766709773,0.6518007419661831,32,278,58.50528184911585,0,2,7,Midwest,Standard,Mobile,0.0
2759,39.95252805353944,0.9400166761435786,35,233,58.79382048547897,0,1,4,Mountain,Standard,Desktop,0.0
2052,73.54773481576717,0.5020489027886573,18,305,83.34363955502124,3,0,3,Midwest,Basic,Tablet,1.0
372,45.07530389924199,0.46450085237219485,24,320,49.478887500420925,3,1,1,Mountain,Basic,Desktop,0.0
2595,34.653016983484505,0.9392105425193636,22,43,51.861989172278996,0,3,3,Mountain,Pro,Mobile,0.0
985,28.17119403907072,0.5000598207105716,7,68,61.49967309138711,2,2,3,West,Pro,Mobile,0.0
1164,42.71804566168744,0.6223978457514923,3,85,43.88407843673477,1,0,4,Midwest,Standard,Mobile,0.0
1266,95.23271724920926,-0.005728038451360495,36,412,,2,0,2,Northeast,Basic,Desktop,0.0
2776,57.95833229608712,0.8565482945181792,26,255,61.33804077349948,2,0,3,Midwest,Basic,Mobile,0.0
1862,28.966950151555608,0.431993128120317,17,86,45.921335207169804,4,2,1,Mountain,Basic,Desktop,1.0
1495,77.41735974630555,0.35799419808892124,23,444,57.22214083172318,2,0,4,Midwest,Standard,Desktop,0.0
691,67.34504561667178,0.5958471824480744,19,440,62.23369289788164,1,0,5,South,Basic,Mobile,0.0
620,55.621273441171574,0.4859322676115996,19,280,20.662729197019203,2,1,3,South,Basic,Mobile,0.0
164,69.9319293648547,0.49019024970210784,27,298,81.12050734771321,1,0,1,South,Standard,Mobile,1.0
2232,32.475250120952836,0.808871717744177,24,244,33.39405373111289,1,1,3,Midwest,Basic,Desktop,1.0
1041,68.89704122421408,0.5319154936226647,27,346,47.15732124785646,2,1,3,Midwest,Basic,Desktop,1.0
1688,71.96610486410633,0.2416804660363289,40,473,66.2418124632476,3,1,3,South,Basic,Mobile,0.0
2878,60.070950428906485,0.598953650886201,36,348,86.70279630831884,2,1,3,Northeast,Standard,Mobile,1.0
2567,65.11877016625597,0.16571967143170546,13,391,75.86642922219812,1,1,1,Midwest,Standard,Desktop,1.0
2672,72.02616841116611,0.6813572564898647,16,340,67.51132426408552,2,0,3,Northeast,Pro,Desktop,0.0
2565,23.011696800178438,0.7519054417850426,5,129,95.1070920513861,0,3,2,West,Standard,Desktop,
505,63.10546478506018,0.9672101124932991,12,271,48.58544607454512,1,1,5,Mountain,Standard,Desktop,1.0
1944,55.826513291915376,,42,256,75.4039343022174,0,0,6,Midwest,Pro,Mobile,0.0
1208,56.884655285813686,0.111177976978518,17,274,,2,0,5,Mountain,Basic,Mobile,1.0
908,73.58928275927066,0.37613232272602704,13,531,30.253621761493335,0,1,3,Midwest,Standard,Desktop,1.0
2740,82.08260832845174,0.5511000011419898,25,372,131.7755810291655,1,0,2,South,Standard,,0.0
1222,33.351100046228794,0.7494647970807342,15,123,89.64078651345174,0,1,2,Mountain,Standard,Mobile,
1813,62.1863965631065,0.16414771994524907,48,310,54.75290228047266,1,2,4,South,Basic,Desktop,0.0
651,59.13820013888099,0.46355787203655363,26,321,47.243569322192286,1,1,2,South,Basic,,0.0
1737,64.86619453544527,0.32545817598988525,29,379,69.5407386751722,1,0,2,Midwest,Basic,Mobile,
1429,65.46291925048568,0.6394104090485161,29,223,55.23433215040382,1,1,6,South,Standard,Desktop,1.0
1362,71.99064422027281,0.3777482029159829,14,287,69.46832486034538,2,1,1,Northeast,Basic,Desktop,1.0
708,46.46633940008974,0.5284468878773415,6,135,30.89674135623554,1,0,1,Mountain,Basic,Desktop,1.0
2849,34.425823230860864,0.6420868849267583,21,128,68.8373732489801,3,3,3,West,Basic,Mobile,1.0
2970,77.74830981056904,0.2843823101047346,30,407,73.47753870796778,4,1,2,South,Basic,Mobile,
1133,48.3178238697526,0.9795193301818121,11,134,65.98892426087565,0,1,2,South,Standard,Mobile,0.0
2901,34.53304136311671,0.8023443685181272,22,20,67.72218343615357,0,2,1,West,Enterprise,Mobile,1.0
1709,84.3551296725517,0.42090901653093793,19,434,101.44086514182116,3,1,1,Northeast,Basic,Mobile,1.0
1881,62.593531434792844,0.24635495384325418,17,339,57.429967615540605,2,1,3,South,Basic,Mobile,0.0
2193,58.75623674324847,0.30619759977802974,18,312,51.125296103369266,1,0,7,South,Pro,Mobile,1.0
1440,56.580491978818344,0.6378487322024758,32,155,45.59907610388785,2,1,2,Mountain,Pro,Mobile,0.0
1459,72.17324323281551,0.3726847612235366,25,235,47.616231133840444,1,0,3,Midwest,Standard,Mobile,1.0
2401,50.872500910427895,0.8679175156996356,14,149,43.123102512491315,0,1,1,Mountain,Standard,Mobile,1.0
2806,58.515341266911165,0.6244359087265455,18,108,53.86276968329706,0,2,3,Midwest,Standard,Desktop,
1286,72.76574893667637,0.2725728728601023,32,370,,2,1,4,South,Basic,Desktop,0.0
2210,76.72495652993686,0.8209946785757964,46,238,81.03428568057191,2,2,3,Midwest,Basic,Tablet,0.0
2357,59.075951466131556,0.5459913442036788,27,459,61.30133137743967,2,0,2,Mountain,Basic,Mobile,0.0
2094,74.32325720250748,0.4080129359342239,31,307,,3,0,4,South,Basic,Desktop,0.0
2675,61.755435123756705,,5,394,31.22851258181286,2,1,4,South,Basic,Mobile,0.0
2571,52.99446732344305,0.48071916152901684,20,197,13.0418002811405,2,1,1,Midwest,Basic,Desktop,1.0
1547,64.56306781260164,0.41273521719717055,36,340,74.76678882618312,2,0,3,Northeast,Basic,Desktop,1.0
576,72.49688499420321,0.6867828761796674,21,250,43.79974928847861,1,0,2,South,Basic,Mobile,1.0
1951,19.481775929634953,0.5166569414041962,0,204,81.49132904717395,1,2,3,West,Pro,Desktop,1.0
641,79.30018687436623,0.37972685756245445,31,399,76.33583483639087,2,1,1,Northeast,Basic,Mobile,0.0
876,52.08689878792182,0.644593857703707,17,242,48.729426263929696,2,1,7,Midwest,Standard,Desktop,0.0
445,46.325035240823155,1.0209386624021095,24,20,,0,1,1,Mountain,Standard,,1.0
1605,80.37330674418358,0.4198430955217065,37,348,,1,1,2,Northeast,Basic,Desktop,0.0
1235,42.51200397678028,1.146543644075345,21,137,49.14691986122411,2,1,4,Midwest,Standard,Mobile,
2425,34.19329587352848,0.8346018863942737,24,126,64.43143271158712,2,0,2,Mountain,Basic,Mobile,0.0
537,71.47096270856365,0.2629930619362079,30,309,,2,1,0,South,Basic,Mobile,0.0
2377,61.75914782727805,0.6445047928021723,36,147,47.2499932679209,1,1,3,South,Pro,Desktop,1.0
1238,72.38263303298577,0.40330163369704997,19,363,57.555892071676446,2,0,5,Midwest,Standard,Desktop,1.0
2834,38.66520969752015,0.8711496415962351,8,161,51.557275021018064,2,0,2,West,Basic,Mobile,1.0
15,41.3721149731031,0.746750859008371,22,105,66.46870025202271,2,2,1,West,Basic,Mobile,
1187,66.61558620100618,0.3183902323350927,32,388,49.78239293709997,1,1,2,Midwest,Basic,Desktop,1.0
1510,79.1541230672071,0.43421565703012777,51,434,129.29885994712853,1,0,0,South,Basic,Mobile,0.0
1056,60.09670692030624,0.38809422921014547,32,119,56.40883913562932,4,1,5,Mountain,Basic,Mobile,0.0
2324,62.51485306448818,0.9594884110926208,23,255,55.50787313582242,0,0,2,Northeast,Standard,Desktop,0.0
2588,48.98655039398464,0.679745294033023,12,297,55.442699440180164,0,1,2,Midwest,Basic,,0.0
1870,64.52543023311915,0.5797715851239403,23,192,40.77544915993133,2,1,1,Midwest,Standard,Tablet,0.0
14,79.26221550435845,0.4244664614267811,17,408,81.18762122802684,1,2,1,South,Basic,Mobile,0.0
2140,33.839912286931295,0.6606017152821401,28,122,53.712330498892925,3,2,4,Mountain,Basic,Mobile,0.0
2409,50.899783487381974,0.497778331818961,8,260,33.3348585963802,0,1,4,Midwest,Basic,Desktop,1.0
1642,48.63464584500227,1.1332186147131194,34,200,55.747562011809556,1,0,4,Mountain,Pro,Mobile,0.0
2410,87.328061778697,0.6373955464334542,39,220,83.76024437927717,0,2,4,Mountain,Basic,Mobile,0.0
2989,75.89091762147012,0.3320670402749097,38,444,82.01497188382855,1,1,3,South,Standard,Desktop,1.0
2816,64.79149895271729,,12,271,36.86444445686423,3,0,1,South,Basic,Desktop,0.0
241,59.907410771744736,0.658535703217514,19,274,44.80726749719848,2,0,3,South,Standard,Mobile,0.0
873,66.58548520729015,0.9164882332064519,8,237,47.76856369383894,1,0,9,Mountain,Basic,Mobile,1.0
129,81.42119967572995,0.5597265850952863,42,295,87.53471183970652,0,1,4,Midwest,Standard,Desktop,1.0
1218,60.46851584458729,,31,339,44.17075581856827,1,2,2,Midwest,Basic,Mobile,0.0
1538,66.94717722823083,0.36609654346535037,30,235,45.68891416501469,1,1,3,South,Basic,Mobile,0.0
1113,58.45468249508325,0.7275504664222822,5,129,26.01949325246933,2,0,2,Midwest,Basic,Mobile,0.0
685,67.44974226406362,0.5441660693802479,18,271,37.502384973129836,1,1,4,Mountain,Basic,Desktop,1.0
1748,59.793853747949825,0.5825900197990082,28,160,35.27307277184618,3,1,2,Midwest,Basic,Mobile,1.0
1617,61.978455951489984,0.5349090313848908,23,291,57.253695999376305,2,2,3,Midwest,Basic,Desktop,
1777,75.19650607104018,0.31664855736843955,32,458,,3,0,8,Northeast,Basic,Mobile,1.0
1321,52.388923104334054,0.7415245910853026,24,201,60.53286411272977,0,2,4,Midwest,Enterprise,,0.0
2865,47.86071281495637,0.6184991133513109,20,63,48.307682008119265,2,1,5,Mountain,Standard,Mobile,1.0
493,81.46025538339534,0.6354967263460762,25,450,108.65366078313835,1,1,1,Northeast,Standard,Mobile,1.0
1972,92.0937011932196,0.23493060638583205,40,370,137.750680024082,0,1,2,South,Basic,Desktop,1.0
1477,73.74918137760939,0.5923269567363796,30,227,30.20764151718531,2,0,2,Midwest,Basic,Mobile,1.0
744,42.376934708891554,0.591280196061011,12,169,63.94246049303098,1,2,3,Mountain,Pro,Mobile,1.0
2242,25.92658023955446,0.8175367985537849,14,63,62.85059220469826,2,1,0,Mountain,Pro,Desktop,1.0
144,55.21664214190124,0.5406383411532873,29,106,72.58124074041089,2,1,1,South,Pro,Desktop,0.0
2271,72.67298770630129,0.5013030474029251,40,346,103.35360821355683,1,1,2,Northeast,Standard,Desktop,0.0
262,79.7235447444162,0.40307436643560823,28,365,109.67481988717005,1,1,3,South,Standard,Mobile,0.0
2866,45.00054217863049,0.5914247108649612,27,247,39.05367732189579,0,1,3,Mountain,Standard,Mobile,
2492,61.86693376794744,0.5049227133642603,14,267,47.10307407840599,0,1,2,South,Pro,Desktop,1.0
418,87.75018362212707,0.4051366568975016,56,597,146.1701387038513,1,0,4,South,Standard,Mobile,1.0
1756,64.05504056389101,0.32683450234862155,36,282,71.6643287735615,1,0,1,Midwest,Standard,,
819,76.28184544401756,0.42837095934015507,34,396,55.5854734944871,3,0,1,Northeast,Basic,Desktop,0.0
1992,43.250060054547774,0.6841181836683585,9,20,54.14852055400293,0,2,3,Mountain,Basic,Mobile,0.0
85,60.9998276373505,0.5903553142219087,22,227,36.894179872081004,2,1,3,Midwest,Standard,Mobile,0.0
858,49.46167053217886,0.4157934994018484,9,273,,1,2,4,Mountain,Basic,Desktop,0.0
1615,74.9599576939819,0.6293736099573379,54,335,100.80923373731183,2,0,3,South,Standard,Mobile,0.0
2723,58.39049085553265,0.6710674830106365,29,143,58.4157336830482,1,0,3,Midwest,Standard,Desktop,0.0
2687,29.891408712028547,0.5956673785028742,2,109,73.60860326833428,3,2,2,West,Standard,Desktop,0.0
2860,49.36661453537788,0.5453479565810101,0,391,16.472753912546715,1,0,2,South,Basic,Mobile,0.0
1298,55.85246133169376,0.27806126453215957,21,225,36.264568022207364,1,1,3,Midwest,Basic,Mobile,1.0
538,56.15498011133369,0.8529279224527807,15,182,54.06263247976172,1,0,0,Midwest,Standard,Desktop,0.0
2904,54.964761054468596,1.044388310187295,49,282,56.83527374494332,0,1,3,South,Standard,Mobile,1.0
2288,26.170168508053273,0.4027067326690644,31,172,41.53666364826415,2,1,2,West,Standard,Desktop,1.0
817,51.54735638324696,0.9927255750008002,36,72,51.470059182688864,1,1,0,Midwest,Pro,Mobile,1.0
2268,66.67916667688617,0.7147281763525914,16,230,62.938410582568665,1,0,4,Midwest,Standard,Tablet,0.0
1648,39.26434868301134,0.2727269982933901,0,148,29.524838810060373,3,2,1,West,Standard,Desktop,1.0
2911,73.30448819311913,,20,397,69.82453867281671,3,0,2,Northeast,Basic,Mobile,1.0
1819,58.8523573806957,0.3847383825524015,33,131,58.18786471709656,1,1,6,Midwest,Standard,Mobile,0.0
951,63.11958176957253,0.7413326402575601,32,247,48.03215269401605,3,2,3,South,Pro,Desktop,0.0
2230,51.02149837927624,0.629739153470106,16,250,32.37897011413235,0,1,7,Mountain,Basic,Desktop,0.0
1918,34.87507323369008,0.49184582581569325,0,148,50.82452775458253,1,1,2,West,Pro,Mobile,0.0
2137,58.83600107146881,1.0672136704727808,21,308,72.61487341194231,2,0,6,South,Pro,Desktop,1.0
416,64.21546026965366,0.3270065853612079,21,278,59.98546848949313,1,1,1,Mountain,Standard,Mobile,1.0
2863,55.923955408348405,0.9251685721251102,28,238,50.19913207693007,2,0,3,Midwest,Pro,Mobile,1.0
2123,54.1258153612589,0.7151231819276478,22,357,36.616229197493155,0,0,2,Mountain,Enterprise,Mobile,
2885,29.382811389055128,0.5230260399160164,3,68,52.91151026809998,1,3,3,West,Standard,Mobile,1.0
2399,81.1477859946408,0.5464073374089922,32,434,,2,0,2,South,Basic,Mobile,0.0
1341,57.96732808232288,1.170255646371887,16,199,51.23951715268331,1,2,0,Mountain,Basic,Desktop,
1935,84.06041725931775,0.4665584537280436,41,326,116.00601611277504,1,0,4,Northeast,Standard,Desktop,1.0
731,65.38577939906158,0.5522255427414017,23,267,79.79421561791617,1,1,3,Midwest,Basic,Desktop,0.0
2764,72.64512683510361,0.5223899856143723,47,360,94.31582233136032,1,2,4,Northeast,Basic,Desktop,
813,86.68111049798078,0.7903789066370581,25,484,141.76805405170887,0,0,2,Northeast,Standard,Mobile,1.0
267,71.00461657388401,0.49824712163021273,36,342,108.00792142603737,2,0,6,South,Pro,Mobile,1.0
1231,65.38740377049251,0.8587407573616403,31,120,30.81760110830845,1,1,0,South,Pro,Mobile,0.0
365,57.03955380997552,1.0447131393373357,1,194,64.68222239284806,1,1,3,South,Standard,Desktop,1.0
2027,48.710973468711096,0.7613897517396209,42,142,58.26419086916921,0,2,4,Mountain,Pro,Mobile,0.0
2880,40.50742564939078,0.47090731222768584,11,204,77.41640030108245,1,2,4,West,Pro,,0.0
1085,46.37181548551115,0.7654539346607295,27,369,69.2212594685242,1,1,1,Mountain,Standard,Desktop,0.0
1848,56.189411020342476,0.8612197330119922,19,183,48.09810948182436,1,1,2,Mountain,Standard,Desktop,0.0
1585,63.896660455207176,0.48284653197287714,47,437,86.8924718905404,0,0,2,Northeast,Basic,Desktop,0.0
1103,34.593916206313445,,6,109,66.58089654473076,2,1,6,West,Standard,Mobile,1.0
1871,83.36270768795858,0.6731597719663901,32,355,151.00128654444686,1,2,1,Northeast,Pro,Mobile,0.0
1155,94.25677055688502,0.87555601823353,46,522,129.69825344209593,1,0,2,Northeast,Basic,Mobile,1.0
38,98.94334039976815,0.496154570554601,38,485,119.4331322439672,2,0,3,Northeast,Standard,Desktop,1.0
2845,48.93207377274292,0.6280808868637103,23,302,60.5767470598219,2,1,2,Midwest,Pro,Desktop,0.0
1715,65.50657810430447,0.6749069207780237,40,271,,1,1,6,Midwest,Basic,Desktop,0.0
484,38.77524093939785,0.7656534146599622,19,159,48.626695890930826,2,0,3,Midwest,Standard,Mobile,1.0
2938,55.81496176379397,0.4451205505741408,36,241,58.67319978253432,1,2,2,South,Pro,Mobile,
1858,62.83865840873192,,17,447,79.00546145422574,3,2,1,Midwest,Basic,Desktop,
2923,49.37995612208483,0.32131521928359674,17,178,,2,1,3,Midwest,Standard,Desktop,0.0
894,61.75914356578899,0.5753601654507986,0,200,43.135038098770515,3,1,5,Mountain,Basic,Mobile,
2532,83.98885296290287,0.6180095896745266,36,418,105.12664134378116,1,0,3,Northeast,Standard,Mobile,1.0
533,49.941178370983764,,11,244,43.358780187399915,2,1,3,South,Standard,Tablet,0.0
1067,41.293797037727785,0.9601451103203557,18,110,60.342112369570145,1,1,3,Mountain,Pro,Tablet,0.0
854,97.5392704200891,0.72944310108903,41,335,,3,2,3,Northeast,Standard,,0.0
824,53.31269294900654,0.8252089303281082,37,264,48.79589803437693,0,0,5,South,Pro,Desktop,1.0
1419,66.96123695735865,0.44281271738437744,26,243,48.99598022488294,1,1,2,Midwest,Standard,Mobile,1.0
381,43.32257120748398,0.8191300770140728,13,321,,1,1,1,West,Basic,Mobile,1.0
199,88.59347382865836,0.46943275237336646,43,305,,1,0,4,Northeast,Basic,Desktop,1.0
2115,58.27868454566908,0.6075522790194118,18,318,65.49723960195145,2,0,4,South,Standard,Mobile,0.0
2912,34.27289776881988,0.8727536955734145,26,44,80.0377981841879,2,0,1,West,Standard,Mobile,0.0
2444,60.05969990977389,0.8633555842191027,25,243,50.073524230854254,1,1,1,Mountain,Basic,Desktop,0.0
2402,50.88354780650505,0.23520619573468887,13,322,,2,0,1,Midwest,Basic,Tablet,1.0
797,61.75573790881137,0.4817689878808718,4,319,,1,1,1,Midwest,Standard,Mobile,0.0
2838,59.63502136867939,0.680543779674796,29,172,37.039820649553235,1,1,2,Mountain,Standard,Tablet,1.0
428,72.0738593440911,,29,255,48.47978245681118,3,1,1,South,Basic,Tablet,1.0
1730,63.40542364992504,0.5022058946181986,41,362,86.82221060047023,1,1,2,Midwest,Standard,Tablet,0.0
2168,65.7719568184979,0.5962366898688394,16,216,51.52155757385061,2,1,4,Midwest,Basic,Mobile,0.0
76,31.51144671530479,1.1858132456707047,26,180,,1,2,3,Midwest,Standard,Desktop,0.0
2498,27.138901824955628,0.5232106552831207,0,156,77.38637222162777,2,3,0,West,Standard,Mobile,0.0
1960,94.0250572448564,0.69457298843748,38,307,158.34589515137216,0,0,2,South,Standard,Mobile,1.0
1014,75.54010883385713,0.9034646281536803,47,242,62.150277625832075,1,0,3,South,Pro,Mobile,1.0
1125,43.50777229306999,0.7737461694058211,24,208,45.1887664151023,1,1,3,Mountain,Basic,,0.0
2134,54.482922005488724,0.7220956612673984,24,384,21.79307298539808,2,1,2,Midwest,Standard,Mobile,1.0
781,56.70591487668162,0.7307845605756133,17,162,38.24033750782652,2,1,6,Mountain,Standard,Mobile,0.0
481,87.85745697572442,0.06905707271809036,44,423,95.76194881803002,1,2,3,Midwest,Standard,Desktop,0.0
1541,60.97182677846845,0.7183239211314947,21,221,63.81541386662819,1,1,4,West,Pro,Tablet,0.0
447,67.55856718986759,0.6899784336991603,31,312,,1,0,4,Midwest,Standard,Mobile,1.0
1827,49.72805784991935,0.41927972832921706,27,271,30.01920101560239,2,1,2,South,Standard,Tablet,1.0
516,35.985890932166214,0.8294127491391227,19,91,49.502815237924594,0,1,3,Mountain,Pro,Mobile,0.0
1517,55.01661491008457,0.7794693747476099,48,189,40.27652364818612,1,1,4,Midwest,Pro,Tablet,1.0
1102,63.87212415017454,0.5037474226219681,37,346,48.07468381138359,2,1,3,South,Standard,Desktop,0.0
2528,60.30894727678327,0.5904939601388978,35,413,62.966903970335736,1,0,2,South,Standard,Mobile,0.0
2839,48.754054243295485,0.5656561862114442,27,282,37.385036469826915,1,1,4,Mountain,Standard,Mobile,0.0
299,51.43491692050635,0.6383142069037342,27,362,,2,2,3,West,Basic,Desktop,1.0
75,56.982439194964066,0.49307626516362013,29,381,38.36352660284047,2,0,2,South,Basic,Mobile,1.0
664,75.47895368010165,0.2697129328024863,12,398,87.98304611359677,2,0,2,Northeast,Standard,Desktop,
874,70.56546738797965,0.6591292711096691,41,528,107.63767123279675,2,1,1,Northeast,Enterprise,Desktop,0.0
1089,57.23791416038131,0.8883023054805819,37,151,55.880823539781424,1,1,1,Mountain,Pro,Desktop,0.0
2003,38.87832478470604,0.513433014267618,11,86,47.53385758487651,0,1,2,Midwest,Standard,Desktop,0.0
860,54.785724824621035,1.0916153414101983,19,293,45.819935984857516,3,2,3,Mountain,Basic,Desktop,1.0
2983,72.68750912704749,0.7345337679639086,30,404,92.2315761321218,1,1,4,South,Pro,Mobile,1.0
1391,61.45621865141544,0.2579611547591065,15,346,,2,0,5,Midwest,Basic,Mobile,1.0
1636,65.37958596257789,0.47888955605520345,13,310,54.83241324834919,0,2,0,Midwest,Standard,Mobile,0.0
1618,61.65866597648206,0.5143749271554485,20,105,46.91550500082824,3,2,3,Midwest,Pro,Mobile,0.0
850,51.981147415151774,0.4705833602948379,21,391,28.9572231123572,2,1,5,South,Basic,Mobile,1.0
345,82.97456892037988,0.3154805758140418,11,429,68.55697658737488,2,1,1,Midwest,Standard,Tablet,1.0
2791,87.71467351942367,0.8674317491004212,41,269,125.82079336894881,1,0,2,Northeast,Standard,,0.0
1754,46.859016829880005,0.9323861416529048,18,174,56.24660085717687,2,1,3,Midwest,Pro,Mobile,0.0
2093,45.14957281901612,0.9303179787660867,24,174,42.98934795584796,1,0,5,West,Standard,Tablet,0.0
1136,78.494588577237,0.41718485541920647,25,371,,2,1,3,Northeast,Standard,Mobile,1.0
149,86.34254351254118,,19,369,119.804701660206,2,1,1,South,Standard,Mobile,
1030,70.98538594048033,0.38184176389686547,42,321,72.5398743911612,2,0,3,Midwest,Basic,Mobile,0.0
2511,79.15121240237255,0.3742251692591365,20,347,50.14834937709906,1,1,3,Mountain,Standard,,0.0
1989,74.31049945632317,0.2069130515711445,32,383,79.4169463804793,1,1,4,South,Standard,Desktop,1.0
1123,84.58257917255837,0.49037572464353607,25,223,138.4849201864431,0,1,1,South,Standard,Desktop,1.0
1817,68.38971062025435,0.19689823098985543,18,308,74.57715181590926,1,0,2,Northeast,Basic,Desktop,
2176,49.014990626933646,0.45827305370191923,28,323,41.630974777209126,2,0,1,Midwest,Standard,Mobile,0.0
2546,70.79144446548098,0.035047586541205517,14,526,61.80009257365526,3,0,3,South,Basic,Desktop,0.0
2966,49.51988665377954,0.4237472204093906,16,173,43.03264564039912,2,2,0,Midwest,Basic,Mobile,1.0
2171,64.72408569995093,0.2589716088109986,27,446,61.1576177732944,1,1,2,Northeast,Basic,Mobile,0.0
1180,68.14546481340672,0.6472908190762063,30,343,,1,0,4,Midwest,Basic,Mobile,0.0
22,65.38538124442708,0.1238042436650936,11,261,,2,0,2,South,Basic,Mobile,1.0
2041,51.91907088181208,0.514012065303177,18,342,30.526311907388692,1,0,2,Mountain,Basic,Desktop,0.0
2770,87.45023369650859,0.48160628028569114,48,455,102.79628354136045,1,0,3,Northeast,Standard,Mobile,0.0
55,42.78118584279986,0.4983606760034101,26,245,16.38121468537388,0,1,0,Midwest,Standard,Desktop,1.0
1526,39.55949726565365,0.5889847115066665,23,138,60.3194257073504,1,0,3,West,Standard,Mobile,1.0
302,61.61566058165194,0.8503811587506667,19,235,62.25671433165249,1,1,3,South,Standard,Desktop,1.0
1478,31.573338404325035,0.9773388247368251,19,121,63.12395479164864,0,0,1,Mountain,Standard,Tablet,0.0
1424,58.01181087781048,0.5696278070660382,20,269,56.21120044243969,1,1,3,Mountain,Standard,Mobile,0.0
1239,80.46099039573333,0.34079517427524253,36,352,98.33025081802187,2,0,5,South,Pro,Desktop,1.0
2581,74.67712950662695,0.6525852138604946,31,217,67.72235222603467,1,1,1,Midwest,Standard,Mobile,0.0
2580,44.607076833869435,1.055087290196519,11,94,48.537401156213356,2,1,2,Midwest,Pro,Mobile,
1051,60.67225890993658,0.36134536166844355,24,245,53.496681207226445,1,2,1,Midwest,Standard,Desktop,0.0
1566,55.18341682667508,0.6866653054315202,40,184,34.55620532740508,1,1,2,South,Pro,Mobile,0.0
2796,77.31316813164463,0.3058360032520152,15,494,,2,1,3,South,Basic,Mobile,1.0
2879,53.15434190991104,0.6684100253696822,29,210,29.027848956222023,0,0,1,Midwest,Pro,Desktop,1.0
2238,49.11462245877506,1.0181912582532684,36,324,,1,0,2,Mountain,Standard,Mobile,1.0
1475,60.85037041244868,1.0198480082336963,31,174,,1,1,4,South,Pro,Desktop,0.0
1821,49.949573681716025,,10,345,27.363591783311737,1,0,4,West,Standard,Mobile,1.0
491,71.79574720552111,0.4825302721104362,28,304,,2,0,7,Northeast,Basic,Desktop,1.0
2313,50.57754074299211,0.7769107718529944,37,235,,1,0,2,South,Pro,Desktop,1.0
2213,61.35412449109886,0.7782512724868521,18,284,49.50321724038982,1,2,5,South,Standard,Mobile,1.0
566,43.60737700229032,0.5830166240052149,23,190,,2,0,3,South,Basic,Mobile,0.0
79,83.54174933149261,0.5841371063613403,16,353,,2,1,2,South,Basic,Mobile,1.0
1854,70.17472663727881,0.35495371212480975,31,355,,0,1,1,South,Standard,Mobile,1.0
871,30.29317052503493,0.8146440405596976,16,145,44.604073176314394,1,2,2,Mountain,Standard,Desktop,1.0
1182,57.84277609285253,0.3481496327126058,48,254,53.98501742889901,2,0,1,Midwest,Basic,Desktop,1.0
1654,48.12642964879375,0.8759362926529377,30,167,43.07212709269621,3,1,2,Mountain,Standard,Desktop,1.0
1996,57.87818509785421,0.5079083740960367,27,218,30.313275848506233,1,1,3,Midwest,Basic,Desktop,1.0
433,78.76999470049135,0.7305393825883507,11,312,97.18572267432378,0,1,5,Northeast,Standard,Mobile,1.0
2960,61.275146336853226,0.8025803803636145,48,242,57.18080161646877,1,1,5,South,Standard,Desktop,1.0
1469,66.14981436298503,,26,315,,1,1,4,Northeast,Basic,Mobile,1.0
1589,44.150732267391994,0.6599747760169077,20,83,36.58147607355598,2,1,4,Midwest,Standard,Mobile,0.0
981,33.75548455174707,0.34791431851207255,0,200,41.809427239627766,3,1,2,West,Standard,Desktop,0.0
2010,32.67012718542062,0.6588293853265429,12,149,73.45006357707496,1,2,7,West,Pro,Desktop,
2430,71.41881481587359,0.5910685534760218,35,408,87.344025443085,2,0,0,Northeast,Standard,Desktop,1.0
2484,27.307028124831245,1.0721287616929203,7,142,63.82750111089117,2,2,4,West,Basic,Mobile,1.0
1330,49.990507736723394,0.5438352065968947,15,227,29.95070707438213,2,1,1,Midwest,Basic,Desktop,1.0
1604,59.26242687575241,0.33454117619440493,7,359,46.120962950122845,1,0,3,South,Standard,Desktop,
2351,48.459319815794395,0.8569068563327766,20,69,62.87729101486596,2,2,0,Mountain,Basic,Mobile,0.0
2192,57.77530008720796,1.0834424242513983,25,293,57.81808967198075,1,0,3,Mountain,Standard,Desktop,0.0
882,73.67713668117248,0.7128499637046581,55,482,74.92178096370314,1,1,0,Midwest,Pro,Desktop,
1578,55.753732694089116,0.49823115754510394,14,283,50.43053878700772,3,0,4,Midwest,Basic,Desktop,0.0
218,38.784667828053095,0.7623259858554262,14,79,64.56788777808985,1,1,3,West,Basic,Tablet,1.0
331,45.09756887772415,0.7797144913294652,5,102,,2,1,4,Midwest,Standard,Desktop,0.0
1905,72.95456824723686,0.23182035148586377,22,362,64.05289364482184,0,0,1,Northeast,Basic,Tablet,0.0
1682,59.36702449360069,0.6421728872719515,21,185,45.95524500343533,2,1,0,South,Standard,Desktop,0.0
947,66.42340233497407,0.1752099612557821,36,419,,3,0,4,Midwest,Standard,Mobile,0.0
2262,71.03250206169164,0.25845450225572475,29,369,65.91649666675079,2,1,5,Northeast,Basic,Mobile,0.0
1347,48.3206746686393,0.722718317469926,28,20,45.29948237534819,1,1,2,Midwest,Standard,Tablet,1.0
656,52.78270644493352,0.6342421353536047,15,300,24.886143923361594,1,1,0,South,Standard,Mobile,0.0
2732,57.504433386798794,0.7655403641352614,8,140,46.95654061563206,0,1,5,Midwest,Standard,Mobile,1.0
1452,55.569492933983014,0.8421739349813004,16,307,48.823539806351626,1,0,0,Mountain,Standard,Mobile,0.0
161,45.710957949539925,0.21302688457304145,0,71,63.247716101606144,1,3,1,West,Basic,Tablet,0.0
723,37.568598283887404,0.6344414926354547,3,106,48.465275984359835,1,2,2,Mountain,Pro,Desktop,1.0
2308,62.53517998980584,0.014253587402546952,24,352,50.93774541372248,2,0,3,South,Basic,Desktop,1.0
454,68.52316732296717,0.4338746606037101,42,410,80.25507036543151,3,1,2,Northeast,Basic,Mobile,1.0
216,35.126941915454886,0.5942390002121274,9,63,71.75701898499126,2,3,3,West,Standard,Mobile,1.0
872,51.31057835999964,0.6027151782608021,30,105,54.682560771484,0,0,1,Midwest,Pro,Mobile,0.0
1677,68.8703134668884,0.04611150460069219,15,344,48.949789119201235,3,0,4,Mountain,Basic,Desktop,0.0
1226,58.568019695715144,0.7190737008418587,20,267,,0,0,2,Northeast,Basic,Desktop,0.0
1153,31.791294739065286,,3,54,82.50372281979672,2,1,2,Mountain,Standard,Mobile,0.0
1425,27.990327620578014,0.5572442004013696,8,73,68.65380517681388,1,2,2,Mountain,Standard,Mobile,0.0
2575,66.61913937564454,0.5240480548951463,19,204,,2,1,1,Midwest,Basic,Mobile,0.0
1666,49.83230233633094,1.0302940118092547,27,29,61.13431292358462,2,1,4,Midwest,Standard,Mobile,1.0
821,60.89396344274616,0.43033241870069056,19,216,39.4863582635914,2,0,4,Midwest,Basic,Desktop,1.0
1719,75.03990904568464,0.43830004677654244,25,273,84.83990261852827,1,0,4,Northeast,Basic,Desktop,1.0
139,41.25822307985085,0.35083386850186293,23,178,43.93345914314018,1,0,5,South,Basic,Mobile,1.0
931,82.95973878139404,0.48801401298677777,38,417,80.78329001139441,1,1,8,Northeast,Standard,Tablet,1.0
1983,64.08647958399938,0.655436738438697,46,193,58.54109839701523,1,1,1,Northeast,Pro,Mobile,0.0
1159,52.80181924977549,0.4978528142651728,25,173,45.89296934175239,2,1,5,West,Standard,Desktop,1.0
2245,49.0792604515501,0.3598026225099149,3,264,,3,2,2,West,Basic,Desktop,0.0
1456,66.94879476187384,0.3368216080690847,20,250,72.07057253401618,3,0,2,Midwest,Standard,Mobile,0.0
891,71.53705131548354,0.3495302685051106,20,253,67.0062050867673,2,1,5,Northeast,Pro,Desktop,1.0
1787,55.45214316311601,0.5689848195717283,25,191,45.5809050484871,2,1,2,Mountain,Standard,Mobile,0.0
1553,47.441821027806775,0.6052834566139336,26,355,46.89303443523975,1,0,2,Mountain,Pro,Mobile,1.0
948,75.00504279720958,0.6284827968490563,32,193,43.50940486249079,2,0,2,South,Basic,Mobile,1.0
284,54.90147390588221,0.23210359034198758,24,390,55.67078204586669,1,0,2,South,Basic,Desktop,0.0
2601,46.0468747387635,0.6760289291200218,9,20,58.42033560761444,1,1,3,Mountain,Pro,Desktop,0.0
2156,33.864855917045546,0.6689312732849346,15,20,75.08200092443107,0,0,1,Midwest,Basic,Desktop,1.0
1896,67.27159159611301,0.4254398261540627,27,291,49.711156913161204,2,0,2,Midwest,Basic,Tablet,0.0
435,25.4851407324334,0.0865603049275363,0,272,89.28771651982004,1,3,2,West,Standard,Mobile,1.0
1160,53.792516225225896,0.3847945465042459,20,353,,3,1,1,Mountain,Basic,Mobile,0.0
380,39.568860657061386,0.7319167481447875,6,20,,2,0,1,West,Basic,Mobile,
337,82.01554502066058,,38,30,57.090654392795045,1,0,4,Midwest,Standard,Mobile,1.0
2525,57.36528118226142,0.926004099172018,22,178,54.15624602522634,1,2,2,Mountain,Standard,Mobile,0.0
2331,43.646303267205894,1.0887842291426968,14,223,58.31003393600603,3,0,2,Mountain,Enterprise,Mobile,1.0
1914,94.17630922051778,0.4625944500404599,49,490,128.43421466844129,2,1,1,Northeast,Basic,Desktop,1.0
1021,35.018632160469,0.5990227043208342,12,307,63.90443997099235,2,2,2,West,Basic,Mobile,1.0
2296,72.1509718030947,0.5956992911332218,31,473,75.57063478060415,0,2,5,Northeast,Basic,Tablet,1.0
1603,74.84054923383161,0.44938076516919123,25,509,91.91812759787948,2,0,2,Northeast,Basic,Mobile,1.0
622,39.83442018781997,0.6769556797134842,12,167,55.35748238702663,0,1,2,West,Standard,Tablet,1.0
525,48.6871329267244,0.7545996648832409,19,231,58.83393272096233,1,1,2,South,Standard,Desktop,0.0
1325,79.1960569855878,0.4365560730543152,27,301,71.1776620677573,2,0,2,Northeast,Standard,Mobile,1.0
2917,78.9308794320464,0.2717693801940074,28,313,90.92482053034614,1,0,2,Northeast,Basic,Desktop,0.0
2914,64.35145580881267,0.31822772250250164,26,176,,1,0,7,South,Standard,Mobile,0.0
999,74.67736543698436,0.5627800006556356,28,282,50.80286795181522,2,0,2,South,Standard,Mobile,1.0
2124,83.81749874716839,0.7411373780928129,58,330,130.3052763297709,2,0,2,Northeast,Standard,Mobile,1.0
317,36.38731513755021,0.866503705213584,8,159,59.223409704462405,1,1,0,Midwest,Standard,Desktop,1.0
2457,54.49581392517443,0.7958354872795554,18,108,49.52432045013012,1,1,3,South,Standard,Mobile,0.0
2555,85.20936262586063,0.533881892485768,43,382,140.15042875768705,3,0,1,Northeast,Basic,Tablet,1.0
1907,54.82644084795699,0.7257430996017756,11,48,51.34884106865983,1,0,5,West,Standard,Desktop,0.0
260,65.63128473146145,0.47514384642070584,23,282,45.99787446029404,2,2,5,Midwest,Basic,Mobile,1.0
806,55.75673672269469,0.850789263487695,22,135,61.02086017279449,2,0,3,Mountain,Basic,Desktop,0.0
2753,66.92316502823033,0.7250623085130322,39,253,53.11661450766955,1,2,1,Northeast,Standard,,0.0
1760,85.0795940014329,0.5948743178434116,19,396,101.44074928225632,1,0,0,Northeast,Basic,Mobile,1.0
1013,61.91786615092269,0.8661657571748109,23,422,54.104198001270774,2,0,4,Midwest,Pro,,1.0
2694,78.80509447096077,0.2509377196535596,36,383,66.96637131216349,2,0,4,South,Basic,Mobile,1.0
1970,55.138487575975766,0.294614837018542,2,272,,1,1,6,Midwest,Basic,Desktop,0.0
1681,91.70834543490845,0.9180399601174551,37,526,,1,0,6,Northeast,Standard,Desktop,0.0
646,51.5782123936732,0.8744458045126475,25,265,54.09970168086922,2,1,2,Midwest,Standard,Mobile,1.0
20,76.05790609028682,0.1915627880784866,32,364,60.01683038257964,2,0,4,Northeast,Standard,Desktop,1.0
1402,94.18242136475894,0.8333802964345006,45,428,141.06724344402653,1,1,2,Northeast,Pro,Mobile,0.0
2779,58.979144769614585,0.7476213102826803,18,200,,0,1,0,West,Standard,,0.0
2782,38.83198909621119,0.8110985590331804,10,165,57.58502526311395,1,2,1,Mountain,Pro,Tablet,1.0
746,89.67655829328474,0.48003129681199536,36,394,106.31609871609551,1,1,3,Northeast,Basic,Desktop,0.0
1398,74.61726926454284,0.395871652157639,43,551,98.40298531508319,0,2,2,South,Pro,Mobile,1.0
2035,55.12341457772821,1.082837183717727,12,66,38.96642156284257,1,0,3,West,Standard,Desktop,1.0
788,64.52757124660785,0.2777442739913152,24,256,53.137872340073656,1,1,2,Midwest,Basic,Mobile,0.0
2548,60.84722318901209,0.39069241415000505,34,267,,2,1,2,Midwest,Basic,Desktop,0.0
1874,46.74692303327447,0.5637346613892537,21,223,30.71155208287164,2,0,2,Mountain,Standard,Mobile,1.0
1304,42.350714812664144,0.2415198444747209,12,238,47.27640230804302,0,2,1,Mountain,Basic,Desktop,0.0
2681,54.99504297358078,0.4421359073568698,21,263,39.25581248607675,0,1,5,Midwest,Basic,Desktop,1.0
771,34.174301704122364,0.6134147890617808,14,179,69.42060152520705,0,1,4,South,Pro,Desktop,1.0
1025,34.75816353609992,0.6682108939677185,11,20,67.57982889247381,0,2,3,Mountain,Standard,Mobile,1.0
18,49.75173357986689,0.5983589675564012,30,174,,2,0,3,Mountain,Standard,Tablet,1.0
2325,54.41980817656258,0.20689906029352467,8,178,39.90474033725346,0,1,5,West,Basic,,0.0
2725,65.90566649451262,0.2833810371104232,9,304,49.285516947746196,1,1,2,South,Pro,Mobile,0.0
53,27.26712499007183,0.7481209174378214,15,198,54.09301586373592,1,1,4,West,Standard,Mobile,0.0
2142,43.63064530877178,0.7961004972506357,15,56,76.98266205436997,0,0,5,Mountain,Standard,Desktop,0.0
1043,61.598286872351245,0.46241656605679854,16,255,31.285200655212183,1,0,1,Mountain,Basic,Desktop,1.0
2421,41.89105046655619,0.8978897705431224,14,108,49.5715793994138,1,2,5,Mountain,Standard,,0.0
2057,56.85212768435625,0.7541085741899259,18,143,67.68106577524031,1,1,4,Midwest,Standard,Tablet,
953,41.75567743544272,0.6914373343115078,14,132,49.72101313403489,2,3,4,West,Pro,Mobile,0.0
2261,75.48842945085701,0.28595024473181013,24,383,,2,0,5,South,Basic,Mobile,0.0
1966,66.40781619832919,0.2735920818603934,24,272,52.33246406684649,0,1,3,Midwest,Basic,Tablet,0.0
2766,73.60013062319038,0.16767989276696774,22,261,58.95218684483828,2,0,3,South,Basic,Desktop,1.0
1258,50.799861652004395,0.3752513591174362,4,254,41.997532604460936,2,1,3,Midwest,Basic,Mobile,1.0
2794,40.803662670022604,0.9024156581658724,17,192,57.49265368949007,2,0,3,Mountain,Basic,Desktop,1.0
135,56.33168823618011,0.6319717119920857,24,306,,2,0,2,Midwest,Basic,Mobile,0.0
2805,42.18004942723716,1.162845738823926,19,32,53.9012918814679,0,1,1,Mountain,Basic,Desktop,1.0
2557,54.19616559311562,0.6211632864682646,1,416,14.608520641967651,2,1,0,Midwest,Basic,Desktop,1.0
2118,32.8298597209716,0.7027307063603865,17,145,54.35794110831339,0,1,6,Mountain,Basic,Mobile,0.0
1555,34.35845896131435,0.7592808071726165,0,272,50.85569326758149,2,2,4,Mountain,Standard,Desktop,0.0
137,70.42794161339053,0.332901450861252,33,349,91.09189163446591,0,1,4,Northeast,Standard,Desktop,0.0
1464,38.61186345588407,0.9487216449217905,26,186,64.12173717905483,0,2,7,Mountain,Pro,Desktop,0.0
2164,66.17430186090344,0.9145264152759067,32,408,,1,0,2,South,Standard,Desktop,1.0
1714,29.818022223128573,0.45485022780736506,12,204,,1,2,2,West,Standard,Mobile,1.0
807,59.900416910546845,0.44184998757751637,30,275,36.65067872200484,0,1,4,Midwest,Basic,Desktop,1.0
1912,92.20162657044052,0.5682306821403253,40,544,141.23023351711325,0,0,3,Northeast,Standard,Mobile,
767,86.0391615885002,0.6210424022035456,51,283,142.40092752667098,1,1,3,South,Pro,Desktop,1.0
971,29.795076341685142,0.4127157731585366,0,83,71.81439827363216,0,2,4,West,Pro,Mobile,1.0
549,86.43162746386065,0.3533894184574653,38,352,146.7556463524525,1,1,1,Northeast,Basic,Mobile,1.0
78,32.774999978125685,0.5809871952135914,15,137,62.06413120202695,0,1,3,West,Standard,Mobile,0.0
198,68.44282946826392,0.6183959727596129,23,244,,1,1,3,South,Standard,Mobile,0.0
901,71.20898681985402,0.28201110728519757,21,428,76.17583228039646,3,1,3,Midwest,Basic,Mobile,
2665,63.561753621873194,0.33473876500047306,29,266,42.35928834609687,1,0,2,South,Basic,Mobile,0.0
1381,76.25566556328751,0.29041162189564224,27,346,77.23208373862808,1,0,2,Northeast,Basic,Mobile,1.0
2374,37.23850791011494,0.8671303754976476,23,77,62.38622706716273,1,2,1,West,Pro,Mobile,1.0
1859,81.7508661570135,0.5130461846665532,42,287,90.92839115016588,2,0,2,South,Pro,Mobile,0.0
1802,45.4193602721986,0.22025715335876822,37,344,53.72096088063826,3,1,3,Midwest,Basic,Desktop,0.0
2669,33.30808243105051,1.1149588297905908,13,130,54.10703115075611,0,1,1,West,Standard,Desktop,0.0
667,62.39117093862984,0.18454959646395366,13,183,25.026758104318617,2,1,3,Midwest,Basic,Mobile,1.0
542,93.05794127861225,0.7388403609753296,34,447,141.29393847059157,0,1,1,Northeast,Standard,Mobile,0.0
1083,43.008813109302764,0.6580837901028564,11,188,43.342547828405635,1,1,2,Mountain,Standard,Mobile,1.0
1309,58.68608623322547,0.28886162702948415,22,439,51.57276072303127,2,2,3,Midwest,Basic,Mobile,0.0
1674,26.22392592900009,0.8109680347462662,10,45,96.9869356291423,1,3,3,Mountain,Pro,Tablet,0.0
982,77.64748926123913,0.4916259721561936,33,443,114.85443053622889,1,0,0,South,Basic,Desktop,1.0
2579,55.77311065466243,0.49127788151997775,17,427,44.04489665201537,2,1,6,Midwest,Standard,Desktop,0.0
2656,57.45293729950559,,18,208,34.154361801194675,0,0,1,Mountain,Pro,Mobile,0.0
2823,73.51684751044574,0.41133121474260315,45,373,96.44224739635956,2,0,4,South,Standard,Tablet,0.0
2488,29.461139716726407,0.6644777119219859,15,160,59.84718391573461,1,2,5,West,Standard,Desktop,0.0
1684,64.48111085000491,0.7671910211356963,9,367,50.36501546913633,3,0,2,South,Basic,Desktop,0.0
1701,59.74975842426422,1.279421657014602,48,194,71.86334046536852,2,1,3,Midwest,Pro,Mobile,0.0
1095,78.13780329782188,0.6295007583360495,44,497,,1,0,1,Midwest,Basic,Mobile,1.0
794,52.976946487020925,0.9538006272550557,32,122,64.51738801843749,1,1,4,South,Standard,Desktop,0.0
2653,59.225234419647514,0.5984732547030689,2,267,37.183179776318276,1,1,3,Mountain,Standard,Tablet,0.0
1472,40.04662183458341,0.7557069305534789,14,278,68.21700846663681,1,2,1,West,Standard,Mobile,0.0
1940,64.8152092857238,0.9468452571515428,35,242,62.736514913611884,2,1,2,South,Standard,Mobile,1.0
1146,82.60646866166739,0.9787965867801249,60,349,76.72542833850817,1,0,4,South,Standard,Tablet,0.0
1447,32.61418403488835,0.7458169671990785,23,20,,1,1,3,Midwest,Basic,Desktop,0.0
1261,36.605598465246494,0.4662460828852253,6,71,,4,2,6,West,Standard,Mobile,1.0
845,77.8303317632678,0.6584072904598791,34,442,93.30766691706935,1,1,2,South,Standard,Mobile,1.0
1872,69.35655358525726,0.700643990073054,27,211,54.98429413352778,3,0,4,Mountain,Standard,Mobile,1.0
877,78.64002231690743,0.25012256115072223,41,476,86.33329710792593,2,1,2,Midwest,Basic,Desktop,0.0
1982,58.90222200964665,0.4091350077978333,14,125,36.19520892859432,1,0,1,Midwest,Standard,Desktop,0.0
2339,72.86515442860042,0.30676482274537903,17,293,53.806313475120334,1,0,3,Midwest,Basic,Mobile,0.0
1818,38.541665978165646,0.6676594841962179,13,270,67.6621711507806,1,0,1,Midwest,Pro,Mobile,0.0
170,90.64807821409194,0.4840647289429114,63,376,170.69029981661018,1,1,2,Northeast,Basic,Mobile,1.0
1387,74.97272258431147,0.3422389154193823,46,427,63.574688193571305,1,0,2,Midwest,Basic,Desktop,0.0
132,50.81912922729235,0.7834120145037755,7,353,26.399877522530602,1,0,0,South,Standard,Mobile,0.0
1322,65.94887759462864,0.8410515382066277,13,261,57.419444702266524,1,1,3,South,Pro,Mobile,1.0
2143,53.94916742918237,0.7147265610773814,28,182,55.00788916648551,2,0,1,Midwest,Pro,Desktop,
2530,72.59512621562853,0.9452339583002767,28,349,86.60633040025431,1,0,3,South,Pro,,
1488,45.75676782935924,0.7823501084878277,9,90,55.981584675354966,0,0,0,Mountain,Standard,Mobile,1.0
246,25.833053084900417,0.2987124969435249,0,44,83.67966077755626,1,3,8,West,Standard,Mobile,1.0
2445,53.33346932391152,0.8374423277898859,26,262,37.180258058343114,1,1,2,Midwest,Basic,Mobile,1.0
2875,67.71372193297623,-0.15395071969900076,29,450,68.56346082902924,3,0,5,South,Standard,Desktop,0.0
42,75.03565141228695,,40,280,70.51205643500313,0,0,4,Midwest,Standard,Mobile,1.0
1769,79.64217264061364,0.30609938251904056,37,507,70.19318653186227,2,1,4,Northeast,Basic,Desktop,0.0
765,29.130755044133377,0.8645862687669782,6,95,80.942804351028,2,2,4,Midwest,Standard,Desktop,1.0
2411,56.02346537839096,0.7134754689409586,31,255,59.911812242436525,0,1,2,West,Standard,Mobile,0.0
2065,84.75749742136078,0.7644822986981348,53,323,116.86144746432157,1,0,3,South,Standard,Tablet,0.0
2104,87.38067849029532,0.46203903437849947,30,449,,3,1,4,Northeast,Standard,Desktop,0.0
485,72.53064788250519,0.7693962759353435,18,394,74.91415660362419,0,0,0,Midwest,Basic,Mobile,0.0
1306,42.22549395108862,0.5298088773808155,7,245,49.67962021619185,0,1,1,Midwest,Standard,Mobile,1.0
1420,43.16535793572396,0.8866228258230123,32,196,48.869340448149245,1,2,2,Midwest,Pro,Desktop,0.0
509,81.51299292758725,0.5097778457738712,27,341,84.21343157095122,1,0,4,South,Basic,Tablet,1.0
1554,51.48414136184144,0.5044977409016104,4,217,32.43936422559888,1,2,3,Mountain,Standard,Tablet,0.0
2446,70.34104165452194,0.4530827505795764,13,358,60.21863559476568,2,0,5,Midwest,Standard,Mobile,1.0
2275,41.86796594679777,0.8021901957325068,22,142,,1,0,4,Mountain,Pro,Mobile,1.0
954,46.58916595664653,0.44898656744806437,14,198,38.35580488732005,2,0,0,Mountain,Basic,Desktop,1.0
978,27.15959804421731,0.9390832486825365,30,161,62.86920062856697,1,1,2,Mountain,Standard,Desktop,0.0
853,89.05162268608235,0.08360984180159242,28,435,,2,0,3,Northeast,Basic,Mobile,1.0
319,53.7139414056068,0.6418371294771406,26,42,48.74339420663439,2,1,4,Midwest,Standard,Desktop,0.0
1411,88.24061472652397,0.26631194093510985,47,316,101.36478062652722,1,0,3,Northeast,Basic,Desktop,0.0
455,77.16238360054132,0.28914729436840503,33,352,93.99613329791435,2,0,4,Midwest,Standard,Desktop,0.0
125,39.4196462462765,0.4463282463276259,20,313,42.119986898784695,2,0,4,South,Basic,Tablet,0.0
1363,46.590451037064156,0.5933723949816399,19,302,,0,1,4,Mountain,Standard,Desktop,0.0
762,69.20850402493488,0.5387409299042771,24,224,,1,2,3,Mountain,Standard,Mobile,1.0
725,80.08206090871373,0.7946826349033893,22,346,99.47373118143621,0,1,2,South,Enterprise,Desktop,0.0
2253,59.91938651402871,0.8764851850615891,19,247,48.018652111069976,2,0,3,Mountain,Standard,Desktop,1.0
804,78.76324869870182,0.7103018138557172,11,361,57.91624284037603,0,0,5,South,Basic,Mobile,0.0
2318,99.39656584132085,0.5783729088306271,37,432,144.7673866822718,2,0,2,Northeast,Standard,Mobile,0.0
1048,65.9816413481665,0.19432844691118156,21,331,46.319131040218466,2,1,3,Midwest,Basic,,1.0
790,40.83361983625648,0.8810943575747248,14,20,61.14529920145375,2,2,0,West,Standard,Mobile,0.0
2130,54.18578201196156,0.46938693190995745,26,356,48.56960598602042,1,0,5,Mountain,Basic,Mobile,
328,84.817765665602,0.416744314366691,27,388,120.23735157938552,4,0,1,South,Basic,Mobile,0.0
862,80.55208714853427,0.41287971734432893,42,379,113.28102543566975,1,1,3,South,Basic,,0.0
818,82.25175217965598,0.4333937005090178,41,435,95.44667049341464,2,0,2,Northeast,Basic,Desktop,1.0
2463,62.63297444480271,0.6434186080787536,31,326,45.86841001906269,1,1,3,Midwest,Basic,Tablet,0.0
1379,57.63839128870295,0.8052068100662825,32,246,29.129616078073816,1,1,1,Mountain,Basic,Mobile,0.0
1255,68.311782908748,0.4117365715405946,25,471,72.14003999112933,4,1,2,Northeast,Pro,Desktop,0.0
2417,26.80383118430158,0.3407702577752091,13,146,55.24957795827942,1,3,2,West,Standard,,0.0
1733,71.48304111084202,0.3088987855134564,19,251,54.852261189908454,2,1,4,South,Basic,Mobile,0.0
362,59.82663579674231,0.18943498922816956,23,235,43.03775472942496,1,0,4,Midwest,Pro,Mobile,1.0
2722,58.94033991429384,0.3535786560126601,17,346,43.96944051282872,2,0,5,Midwest,Basic,Tablet,1.0
709,45.6898697045925,0.974516194660537,10,142,44.964169363152784,1,0,2,South,Basic,Mobile,0.0
511,55.719505229907064,0.4446200489426935,23,263,46.045381458441916,0,0,3,Mountain,Enterprise,Mobile,0.0
591,67.87946603899711,0.3482103199887332,21,285,,1,1,2,Mountain,Basic,Tablet,0.0
589,92.00080895244874,0.34658926486506525,47,536,129.61734617963776,3,1,3,South,Standard,Mobile,0.0
1889,78.3996187259757,0.5451703907729618,32,535,91.0053933802757,3,0,2,South,Standard,Mobile,1.0
2882,95.00240201582315,0.7263053671624359,39,372,,0,0,1,Northeast,Basic,Desktop,1.0
698,56.321879217175834,0.692319925627251,35,306,68.96780177057049,2,1,2,South,Basic,Tablet,0.0
905,91.95270863011461,0.4429167171878631,27,435,148.5970428830534,1,0,2,Northeast,Basic,Mobile,0.0
266,69.37675449744631,0.4393025197592434,18,251,31.51383928706067,2,2,2,Midwest,Standard,Tablet,
1542,85.47516668836198,0.6303648199067514,40,544,,0,1,5,Northeast,Basic,Mobile,
669,71.77606124329685,0.17887879042995203,19,395,49.53295726714807,1,1,2,Northeast,Basic,Desktop,0.0
2695,57.08113478500626,0.9129769551794402,41,264,47.39565933583782,2,1,5,Midwest,Enterprise,Desktop,0.0
2099,53.169448873274455,0.09110259889282413,23,384,45.68598318634793,3,1,2,Midwest,Standard,Mobile,0.0
887,32.7120573252939,0.62632320606602,8,85,67.29788698489462,0,2,2,West,Basic,Tablet,1.0
2223,59.73488461399101,0.47248505457089773,9,396,58.66151148025962,3,1,1,Midwest,Basic,Mobile,1.0
4,47.78530414228508,0.38580171146914066,7,231,26.3606837910599,2,0,4,South,Basic,Mobile,1.0
2886,32.391839970299685,0.8421762491665311,18,227,68.32478782742184,1,1,5,West,Standard,Desktop,1.0
2120,32.57136768387598,0.6899699253119396,18,277,68.58192424471092,0,1,2,Mountain,Pro,Mobile,1.0
1055,53.40318210988383,0.6235882831214631,18,336,31.139177876046396,1,2,1,South,Standard,Mobile,0.0
2354,83.98199226415686,0.2557808367187423,16,398,123.35235927738779,1,1,3,Northeast,Standard,Mobile,0.0
1508,67.71660381338279,0.32121573764239464,28,223,78.6632304108551,2,0,3,Mountain,Basic,Mobile,0.0
167,46.582530533885325,0.5168808056738743,17,237,24.237071533053083,1,0,2,Mountain,Standard,Desktop,0.0
255,49.06512114432143,0.23970452684918817,14,222,37.63794109184221,1,0,6,Mountain,Standard,Mobile,0.0
1825,49.49572563732276,1.011843903258688,17,151,,1,2,1,Midwest,Standard,Mobile,0.0
213,81.90833803317729,0.6208551941526949,34,337,89.35422833415358,1,1,4,South,Standard,Mobile,1.0
2852,68.95540316685123,0.367253823573972,29,370,54.41793833724185,0,1,0,Northeast,Standard,Desktop,1.0
1498,63.24794467935889,0.07659257792967733,21,246,48.71283092880185,2,1,3,Mountain,Basic,Mobile,1.0
2216,32.15144884051686,0.4338939382119292,9,112,44.03362607650159,1,2,1,West,Basic,Desktop,1.0
2435,62.88500344398731,0.9314567265260225,22,174,36.50930964580742,1,0,3,Midwest,Basic,Tablet,0.0
2893,92.14031381002941,,42,234,134.86712046772908,1,2,3,Northeast,Basic,Tablet,0.0
127,42.41829741363043,,11,397,59.086992829161034,2,1,3,Midwest,Basic,Mobile,0.0
1275,90.13426592480796,0.5143363367491658,43,519,117.0602495884546,2,0,1,Northeast,Basic,Mobile,1.0
1608,59.06204200602527,0.3317531146214915,22,290,51.030373887329645,1,0,2,Midwest,Standard,Mobile,0.0
2943,52.703907112219696,0.913266361173076,14,20,55.684902428612425,1,2,2,Mountain,Standard,Mobile,1.0
2014,45.44097407220829,0.5934546851322364,27,234,41.248551032068626,2,1,4,Midwest,Basic,Mobile,0.0
2499,82.01194939029335,0.30179261117131284,61,385,,0,1,0,South,Basic,Mobile,1.0
1310,32.65217657563701,0.3123093423441383,0,135,,1,2,1,Mountain,Basic,Mobile,1.0
1131,69.40010111436932,0.21173413525746806,23,249,25.022821944715503,2,2,5,South,Basic,Desktop,1.0
282,46.11797020783631,0.3488851869774016,16,187,36.09814650490091,2,0,3,Mountain,Basic,Desktop,0.0
968,40.91673965376566,0.594645012529646,6,143,44.3087393234665,2,2,4,Mountain,Basic,Mobile,0.0
6,29.644750045212685,0.4040333153331275,6,130,58.73972336409416,1,2,2,West,Basic,Mobile,1.0
1978,58.11673174004918,0.8433527536953035,36,204,61.36584549693324,1,0,1,South,Basic,Mobile,1.0
350,72.33525040226678,0.7786204380521925,35,487,74.55493037427829,2,0,4,South,Standard,Mobile,0.0
252,50.29583919302121,0.8079862730457621,32,153,25.33301750154765,2,0,1,Mountain,Pro,Mobile,0.0
2835,41.056745265980986,0.3693601175838783,9,229,48.542908307680605,1,2,4,Mountain,Basic,Desktop,1.0
483,30.660997163169643,0.607816594143561,22,47,,2,3,0,West,Standard,Desktop,1.0
780,67.03490475380977,0.7365044824752521,29,238,42.40697816934726,2,2,5,Northeast,Standard,Mobile,1.0
181,79.40532567176649,0.6998472867488197,41,345,,1,1,6,Northeast,Basic,Mobile,0.0
1375,59.27925674687263,1.134023598866126,21,184,68.19168737931925,1,2,0,Mountain,Pro,Mobile,0.0
2279,53.19332367432385,0.6928231924778403,28,135,44.23815058426888,1,1,2,Midwest,Standard,Mobile,0.0
1112,79.10685192990618,,39,439,79.72789814362474,2,0,4,Midwest,Basic,Desktop,0.0
406,83.45647412292622,0.40578942952622504,53,591,127.68946083120312,3,1,0,South,Standard,Tablet,1.0
546,80.36186607155558,0.3495186797353709,52,366,116.42056722348104,2,0,3,Midwest,Standard,Mobile,0.0
1484,61.725039448856556,0.811438143866609,27,305,71.17549013474958,1,0,2,Midwest,Standard,Mobile,1.0
1706,37.81406685322782,0.5956349898840813,0,38,45.15038127673438,1,2,3,West,Pro,Mobile,1.0
2088,73.46165410328486,0.5970302740164031,18,166,85.17441349964325,1,1,1,South,Basic,Tablet,0.0
1221,71.5843982034775,0.8235322590775331,14,180,,1,0,3,Midwest,Standard,Desktop,0.0
1242,63.32713546924301,0.9085195678925544,16,253,43.36119422406361,1,1,1,West,Pro,Mobile,1.0
1044,39.40109718006188,0.615081624566316,29,128,51.02497079719693,1,2,2,West,Standard,Desktop,
1915,87.75257487461393,0.4707627066764238,32,181,93.21354602327747,2,1,2,Northeast,Basic,Desktop,1.0
722,57.9223171617778,0.5759494656309668,3,254,27.721397052205827,1,0,4,South,Basic,Desktop,0.0
1864,47.00785227326134,0.4275878645848527,20,293,31.549629206091794,1,0,1,South,Standard,Desktop,0.0
924,75.03632545604692,,22,245,67.75865093760514,1,0,5,South,Standard,Mobile,0.0
292,64.5038592652912,,42,282,81.31312236209111,2,2,5,Mountain,Standard,Mobile,1.0
1527,80.57821760338513,-0.11433585017708364,2,289,64.81344730340514,3,2,2,Northeast,Standard,Mobile,0.0
2364,72.279354866317,0.2037009075059275,25,132,51.47529636964421,2,1,3,Midwest,Standard,,0.0
204,43.81990830221308,0.9458702081817076,17,131,34.6064669727404,2,1,4,Midwest,Pro,Mobile,1.0
2286,54.3666472007823,0.414738940017459,31,268,36.38594047435062,0,1,4,Midwest,Basic,Mobile,1.0
607,92.12770578501669,0.45746030850784103,44,387,149.52799119141267,2,0,5,Northeast,Standard,Mobile,1.0
2322,58.475187376133846,0.4979991158118223,29,251,56.82878335800026,1,1,2,South,Basic,,1.0
1611,54.436442538970496,1.0322477057041737,17,166,55.585955026147566,1,1,3,Midwest,Standard,Desktop,
1000,52.72645316961115,0.5188978273554639,25,166,45.409285193768525,1,0,0,West,Basic,Mobile,1.0
1590,55.44010205234547,0.5165337640452892,23,375,57.256698635370526,2,0,1,Northeast,Standard,Mobile,1.0
2981,62.833402198208226,0.41122185638678677,29,264,44.393076072525275,1,0,4,Midwest,Standard,Desktop,0.0
187,32.175213925876854,1.1476261776802257,21,165,55.79657177539046,2,1,3,Mountain,Pro,Desktop,0.0
2832,42.373857521399614,0.5456059781158384,19,81,57.573207039176125,1,2,1,West,Standard,Mobile,1.0
1548,79.65232427451743,0.43068730449649617,49,439,126.69838338314436,1,0,2,Northeast,Basic,Mobile,1.0
2607,54.902976518229885,0.9118851024748924,29,223,70.01438582536461,0,0,6,Mountain,Standard,Mobile,0.0
2145,77.68723095670232,0.3495619457378055,48,457,104.68657193020893,2,1,1,Northeast,Standard,Mobile,0.0
2097,71.32363282492659,0.20720045995230565,22,301,68.3988424177885,2,1,2,South,Standard,Desktop,0.0
662,50.57323586720759,1.1886452377224297,26,386,46.87355922549288,1,1,1,South,Standard,Mobile,
191,65.89593147941817,0.6652305194767034,43,199,73.98904784517873,0,0,2,Midwest,Basic,Mobile,1.0
24,87.1720909408536,0.8461312390673577,36,350,154.77591821862495,0,1,3,South,Standard,Mobile,1.0
2505,49.91438515635365,0.7933881154743182,46,211,61.40083752324813,2,0,1,Mountain,Standard,Desktop,1.0
49,68.20912358545121,0.28556198875607136,26,184,53.420651062218084,2,0,2,Midwest,Basic,Desktop,1.0
1010,56.52374919107438,0.61399983826199,28,101,48.36310522870211,1,2,1,Midwest,Enterprise,Desktop,0.0
1686,56.18394357715617,0.28287963259751214,30,277,47.33922645791836,0,1,3,Midwest,Basic,Mobile,1.0
2107,56.75257742225974,1.00323491478077,18,223,61.09367368923263,1,1,1,Midwest,Standard,Desktop,0.0
285,78.40796901073405,0.1810324096530057,32,390,106.32205343564316,2,0,4,Northeast,Standard,Desktop,1.0
1886,41.040270579975505,0.4370398008133284,7,146,45.470121155066366,1,1,2,South,Pro,Mobile,0.0
2447,39.92837819183196,,26,48,51.00042848862821,1,0,4,Midwest,Pro,Mobile,1.0
2728,52.85157481568998,1.0045754366975317,35,215,56.529194106259155,1,2,4,Midwest,Pro,Desktop,0.0
312,16.854138902022157,0.5055960596687286,6,88,70.78444522125082,2,2,2,West,Basic,Mobile,
1923,55.25231170106592,0.6517539339097683,19,318,27.440900938455364,2,3,3,Northeast,Basic,Mobile,1.0
1186,71.0002193748634,0.18661650960906653,30,357,,2,0,2,Midwest,Standard,Desktop,0.0
1799,68.56332526422422,0.7542723414857662,33,224,72.91765655885193,1,1,2,Northeast,Pro,Tablet,
909,51.314516967014136,1.0615765166409334,13,180,55.76430186978578,3,1,5,Mountain,Enterprise,Mobile,0.0
2797,76.04608990668571,0.9909246554400606,21,396,70.59618173380967,1,1,0,South,Basic,Desktop,1.0
363,55.73789075845205,0.9784770274250844,31,107,43.5882674975785,1,0,1,Mountain,Standard,Mobile,1.0
1232,69.64529779912478,0.48012403233842416,32,376,89.70130159588561,1,1,4,South,Standard,Mobile,0.0
451,78.31464654206826,0.3978876112590488,57,306,84.53222432582007,3,1,0,South,Basic,,0.0
2726,63.28456287494359,,28,341,62.749093712232444,1,0,2,South,Standard,Desktop,0.0
2891,74.46151727887408,0.5478101053340811,18,363,24.082552390489155,2,2,2,South,Standard,Mobile,1.0
1093,63.22158849597364,0.3988331102855749,14,274,44.461847966329145,1,1,1,Northeast,Standard,Mobile,1.0
1151,64.17746121682957,0.428162163479857,22,354,59.11551578326616,1,1,6,South,Basic,Desktop,0.0
1104,56.18905050816561,0.3166469081922447,1,211,22.8815116688142,3,0,2,Midwest,Basic,Tablet,1.0
185,38.44038421023163,0.4568428855785916,20,201,46.49396510668343,1,2,2,Mountain,Basic,Mobile,0.0
1086,58.953211413032605,0.6751196886680315,11,236,35.261938927080884,0,0,4,South,Pro,Desktop,1.0
398,56.88920199918764,0.6487585349645631,28,305,36.787086304050035,1,2,1,Midwest,Pro,Mobile,0.0
2215,59.449451446186515,0.41631798273344517,22,316,,1,1,1,Midwest,Basic,Desktop,0.0
2627,56.16732856240176,0.7111007847883796,20,198,39.16636990652258,1,1,3,Mountain,Standard,Mobile,1.0
232,76.61935995825387,0.3421896487199768,22,189,52.1129643844537,1,0,5,Mountain,Basic,Mobile,1.0
1410,61.5412918707988,0.31663025059143646,30,144,19.876581221078254,0,0,5,Midwest,Basic,,0.0
1184,42.986565518443555,0.9518169959054231,28,198,51.681372006029946,0,0,0,Mountain,Basic,Mobile,0.0
2617,62.0993020311291,0.10756542028552671,17,194,58.97245746692839,2,0,3,Mountain,Standard,Desktop,0.0
2651,58.80258111183382,0.9727115258553289,20,133,62.14184016519948,1,1,2,Midwest,Standard,Mobile,0.0
1058,52.55228107138091,1.1774816009322218,18,280,47.41294952513408,1,0,2,Midwest,Enterprise,Desktop,0.0
2398,68.21169029891311,0.8438336109725714,32,290,63.490061676198756,1,0,1,South,Standard,Desktop,1.0
2033,79.22251546953719,0.45440455517834516,36,383,120.50959335239976,1,0,3,South,Standard,Desktop,0.0
1643,37.621532284318555,0.7975978567548587,24,228,60.882775147339444,0,0,4,West,Pro,Mobile,0.0
760,34.43152834521611,0.6752173701273704,14,200,28.75345385546297,2,1,0,South,Standard,Mobile,0.0
774,85.08242834648985,0.2979821717882821,33,166,71.32090089517513,2,1,2,Midwest,Standard,,0.0
472,76.47107823029891,0.7104993075603798,52,268,118.78673083679456,1,0,3,Northeast,Basic,Tablet,1.0
203,69.53562087623719,0.5371272690169008,30,339,65.97410845736138,2,0,4,Northeast,Basic,Mobile,0.0
2289,23.12147107647283,0.31037330124359375,8,52,106.16962349616072,1,3,5,West,Pro,Desktop,1.0
555,63.05403395966262,0.45534843091457133,9,354,50.0197190831209,1,0,2,South,Basic,Desktop,0.0
172,44.39922713187494,0.5065062742764765,1,181,27.29380706830447,1,1,5,Midwest,Standard,Mobile,1.0
498,79.05664865435311,0.2978779421348342,25,401,,1,1,1,Northeast,Standard,Mobile,0.0
2729,60.478580934129084,0.9510185208032603,30,293,,1,1,2,South,Standard,Desktop,0.0
728,46.37034632174059,0.984729869634538,20,136,41.17762352046071,1,0,2,West,Pro,Desktop,1.0
2006,52.8414909789234,0.6047067573666971,25,262,49.58299827619829,2,1,2,Midwest,Basic,Desktop,1.0
1804,40.6081685300766,0.6092020947462303,22,58,51.90681425659328,2,1,0,West,Standard,Tablet,1.0
1017,35.20820154862159,0.4466192156168206,0,35,48.746911661909095,1,2,3,West,Enterprise,Mobile,0.0
235,73.2710226191185,0.6890972484491733,15,286,46.735805722777286,3,1,0,South,Pro,Desktop,0.0
2994,49.360609992595315,0.5348485345975085,0,222,42.17991371780918,2,1,0,Mountain,Basic,Mobile,0.0
2714,67.82177132997178,0.3590806633144682,49,324,75.89920599832757,1,0,4,Northeast,Basic,Desktop,0.0
2178,53.51177458579456,1.0255502282603663,28,72,57.90108129800091,1,1,2,South,Pro,Desktop,0.0
2847,65.94478822361756,0.1712572621144869,1,179,37.18446135295919,2,1,3,Midwest,Basic,Mobile,0.0
2155,53.497140849803884,0.9297983661951801,22,121,45.79062976829022,1,1,5,Midwest,Standard,Mobile,0.0
2015,78.277643076286,0.08745101105537076,35,267,85.14753105841086,3,0,2,South,Basic,Tablet,0.0
2121,62.60113224385492,0.31491577662728404,18,291,,2,2,2,South,Standard,Mobile,1.0
1903,52.21739442025812,0.9134506235941539,19,222,,3,1,2,West,Standard,Desktop,0.0
2453,25.452395071101154,0.6862723037036074,17,134,,3,2,3,West,Basic,Tablet,1.0
2021,70.3938862518958,0.6550008906874231,20,368,75.72926440844726,2,1,2,South,Basic,Mobile,0.0
1393,82.9827259217925,0.3357678222966172,11,379,90.32291180152495,1,0,1,South,Basic,Desktop,1.0
1080,68.37792504714515,0.9384969459176224,17,255,74.35944193435068,1,0,2,Midwest,Basic,Mobile,0.0
996,78.98306510946342,0.393640216320136,41,391,104.77376411952244,0,1,6,Midwest,Standard,Mobile,0.0
657,44.22643675948312,1.036404516481243,0,46,70.76858586029655,2,2,1,Midwest,Basic,Mobile,1.0
1177,55.73093382801929,1.011688045700054,26,214,56.54206209922098,3,2,4,West,Basic,Mobile,0.0
1172,56.19618297909113,0.7188984211926025,21,374,54.66206022570724,2,2,2,Mountain,Standard,Mobile,0.0
211,42.52398927862633,0.37906637261695597,18,125,31.46423729950741,2,1,2,Mountain,Basic,Tablet,0.0
1373,61.42939182971225,0.41078114612221395,34,348,64.36397369879306,2,2,4,Midwest,Basic,Mobile,1.0
2163,62.876853733656645,0.8350194055331804,27,64,,1,0,1,South,Standard,Mobile,1.0
278,63.89999130293401,0.46873606102341603,7,379,56.31410625226713,3,0,2,Midwest,Standard,Desktop,1.0
1834,71.07850917729299,0.46266518014686153,23,360,47.608804804576586,3,0,0,Midwest,Basic,Mobile,
1594,54.66637748809133,0.44682406129257,31,263,50.17432548249063,3,1,1,Midwest,Basic,Mobile,0.0
1400,54.1834406530409,0.4532996038103727,27,185,36.76801008217081,2,1,6,Mountain,Basic,Mobile,
2212,78.47546575658417,0.18651712552212316,27,305,61.10810722900974,2,1,6,Midwest,Basic,Mobile,
843,83.47195527762473,0.18025013914100993,22,248,90.78872255474464,3,0,3,Northeast,Basic,Desktop,0.0
754,57.157972683996356,0.8579695104297242,22,205,58.99135443680131,3,1,2,South,Basic,Desktop,
2039,71.67521087232961,0.4312780114896183,38,409,78.51809547408337,2,1,3,South,Basic,Mobile,1.0
2336,73.01931697250048,0.7147893703163111,27,331,74.23530371898696,1,2,4,Midwest,Standard,Mobile,0.0
1671,55.450932665704705,0.813168205678262,19,151,31.29107469319741,1,1,4,Mountain,Pro,Desktop,1.0
2298,31.543707278570103,0.5016974826270344,21,158,48.5551296774559,2,2,1,West,Pro,Desktop,1.0
1718,47.482899766497084,0.44742639709793225,15,183,12.498743411250075,3,1,1,West,Standard,Mobile,1.0
1534,85.94775853232628,0.29202772351150685,27,467,,1,1,4,Northeast,Standard,Desktop,0.0
729,63.916433585559176,,41,239,60.39935840634976,1,1,2,Northeast,Standard,Desktop,
1843,97.15667950728518,0.4752211592235049,38,438,147.72418743458275,1,1,1,Northeast,Standard,Mobile,1.0
2469,32.06445148947871,,0,136,81.17672357572128,1,2,3,West,Pro,Mobile,1.0
2887,37.13779380852361,0.5127132329363141,0,20,59.359527212131205,0,1,1,Midwest,Basic,Desktop,0.0
2103,73.72658812750392,0.17598241561022193,26,284,65.14051247343147,2,0,3,Midwest,Basic,Desktop,
2603,56.47124625981189,0.7328412274748137,16,223,42.590310032312416,1,0,1,Midwest,Basic,Mobile,0.0
1805,88.55249600034743,0.26347823150892996,30,511,147.03401818136254,2,0,2,Northeast,Standard,Mobile,0.0
2042,37.96381826274731,0.53174733955691,8,137,45.981895059797395,1,1,2,West,Standard,Desktop,
1696,52.9674231493528,1.0403850842824152,13,209,52.117857591309885,1,1,2,Midwest,Pro,,1.0
986,50.28286271727909,0.9172615006086987,21,338,,1,0,0,Midwest,Basic,Mobile,0.0
2558,62.39362615046518,0.5907153048545376,16,276,49.70223238471859,2,0,2,Northeast,Standard,Desktop,1.0
1734,32.76492648983138,0.46057965537795875,1,173,65.40083981061339,0,0,2,West,Standard,Mobile,0.0
436,23.44570442866233,0.48432271112478986,25,39,,1,3,1,West,Standard,Tablet,0.0
1724,41.23126200232242,0.678155512850375,7,77,55.031973794674606,1,1,4,Midwest,Standard,Mobile,1.0
2697,52.350409826124945,0.2274877028263405,24,137,34.7276450150201,1,1,2,Midwest,Standard,Mobile,
1770,70.10246367314939,,20,365,67.67781159983036,3,0,1,South,Pro,Tablet,1.0
1574,31.108452065812784,0.704674188690669,15,20,73.3228123341904,1,3,3,Mountain,Standard,Mobile,1.0
1562,58.663143410568246,0.5686585725915597,25,362,31.838698387991414,1,0,3,South,Basic,Desktop,0.0
2387,69.740609952169,0.398864776463211,26,412,,3,0,3,Midwest,Standard,Desktop,0.0
1166,67.51748376282089,0.32068654516466666,30,391,54.761084019166994,2,0,2,Midwest,Standard,Tablet,1.0
2206,86.75480465138646,0.6564028624126595,32,351,145.64154201803368,2,1,0,South,Standard,Tablet,1.0
1009,27.72205384245435,0.41803969120846474,6,241,63.736161672710644,0,1,7,West,Standard,Mobile,1.0
415,84.75059046388236,0.7353027876802916,42,360,106.27021372151574,0,0,3,South,Basic,Desktop,
1295,65.80587030001494,0.3006900937520624,32,305,39.97337843993587,2,0,2,South,Basic,Mobile,0.0
2673,86.76722135484738,0.6995095973698482,25,332,112.63839208305518,2,1,1,South,Pro,Tablet,0.0
143,22.06540461419245,0.49094965890362613,0,107,46.32593870445876,1,2,4,South,Basic,Mobile,1.0
1169,89.22605686851978,0.6894602229456405,38,376,,1,1,3,Northeast,Basic,Desktop,0.0
2811,53.89259612159696,0.25706647082732437,8,284,35.4289659005835,1,0,1,South,Basic,Desktop,0.0
2169,73.29660505198,0.513522784046057,32,377,,2,0,4,Midwest,Basic,Desktop,0.0
1423,52.412065552012535,0.9513091571372883,25,188,75.0836711898638,1,1,4,South,Standard,Mobile,1.0
1323,50.09641250681044,0.6714663435704034,30,150,41.93130101255758,2,1,5,Midwest,Pro,Mobile,0.0
1924,61.76986119846406,0.7224895708181889,7,200,,2,1,1,Midwest,Basic,Tablet,1.0
1074,62.353706034430644,0.3532934589416162,19,350,38.639683247725785,3,0,0,South,Basic,Desktop,1.0
2185,84.88021505979002,0.5155934139077447,25,321,102.24305982999513,2,1,3,South,Standard,Desktop,1.0
2556,61.42191377097093,0.29352272534143714,18,328,47.99749975242152,2,1,1,Midwest,Standard,Desktop,1.0
323,72.48281371394685,0.3483803571534392,23,281,102.05520761956971,0,1,5,Midwest,Basic,Mobile,1.0
1556,49.97070277586283,0.5353055604818782,39,217,60.50268567973543,2,1,3,South,Standard,Tablet,0.0
1365,67.81406550287491,,8,369,47.171413014910186,3,0,1,South,Standard,Desktop,
1188,51.736104236104595,1.164498318106977,17,219,62.148296660483695,0,1,1,Northeast,Standard,Mobile,0.0
2132,85.0885702648462,0.6840191954290471,39,329,125.29472222970679,1,1,6,Northeast,Standard,Mobile,0.0
1764,59.03887961110287,0.5918594633973254,45,402,,1,1,3,Northeast,Standard,Mobile,0.0
1458,69.85054753732778,,26,183,44.61255564711918,0,0,2,South,Basic,Desktop,0.0
1857,35.432478692249276,0.5555020884419614,15,141,55.41252524779262,1,2,3,West,Standard,Mobile,0.0
653,61.94168556238866,0.7599372922178351,38,242,61.478127323749845,2,1,4,Midwest,Basic,Mobile,0.0
730,33.25285147714141,0.40432662488592075,15,20,,2,1,2,West,Basic,Tablet,1.0
2073,36.94894229936916,0.6470112518468772,22,110,49.18028544185648,4,1,5,South,Standard,Tablet,0.0
2542,58.34259307465175,0.5250292726307578,11,255,33.89106832933218,3,0,2,Mountain,Standard,Desktop,1.0
437,58.660457584193026,0.36191594009968764,16,266,,3,1,3,Midwest,Standard,Mobile,0.0
1465,40.66414000088709,0.8898455171445279,19,219,42.70457881432863,0,0,1,Midwest,Pro,Desktop,1.0
2618,60.15673345013975,0.3747995133893424,33,415,46.52858036746285,1,2,0,South,Basic,Mobile,0.0
2001,86.77215834039188,0.6412034785326828,24,307,105.47100568189839,2,1,10,Northeast,Basic,Mobile,0.0
427,27.692539365677476,1.234366615410093,17,143,61.76032212756822,1,3,3,West,Basic,Desktop,1.0
886,62.583126224062326,,27,309,66.53503946862043,2,0,6,Midwest,Pro,Desktop,1.0
2451,56.92820122442409,0.45701048951754575,28,297,,0,0,3,Midwest,Standard,Desktop,
233,62.52736738033256,0.7560880438544343,30,350,71.1028622659118,2,1,3,South,Pro,Mobile,1.0
1337,64.63309424029065,0.11323646331998502,19,316,,2,1,0,South,Basic,Tablet,
660,71.92807273795344,0.5107946345108949,36,355,54.78688566243839,2,1,1,South,Basic,Desktop,0.0
897,46.28306470720685,0.8959845413096956,15,66,,1,1,3,Mountain,Basic,Desktop,1.0
1888,38.313238755027946,1.092634601798547,13,142,53.10720211008637,2,2,1,Mountain,Standard,Desktop,1.0
1098,85.6359987707614,0.5902111249981572,38,291,,2,0,4,Northeast,Basic,Mobile,1.0
1272,54.81188047231806,0.49384315470791185,18,318,63.337198565780966,1,2,3,South,Standard,Mobile,0.0
1624,30.70825983361063,0.717012990275532,5,246,67.12487038898513,2,2,2,Mountain,Standard,Mobile,1.0
2973,59.88935444673098,0.5439738747441941,25,440,46.44278999791945,1,1,5,Mountain,Basic,Tablet,1.0
1630,77.49890528678681,0.633821783741509,43,195,103.62293330404955,1,1,1,South,Pro,Mobile,1.0
2951,58.46087401666695,0.9030380051720276,36,248,38.20092677259124,1,0,1,Midwest,Standard,Mobile,0.0
1415,54.010512192121524,0.8194794152952816,20,218,53.38319746544505,1,1,6,Mountain,Pro,Mobile,
1503,71.03959473840081,0.484703538744553,37,299,76.89113490460178,1,1,4,South,Basic,Mobile,0.0
998,58.7656516372192,0.5518118045117016,39,249,65.78481676154921,1,1,5,Midwest,Basic,Mobile,0.0
2655,50.9430281209096,0.32682568931364486,27,274,39.558609892698776,3,0,2,Midwest,Pro,Mobile,1.0
2682,58.18079035914175,0.4339722591295632,29,316,60.95103520848836,0,0,3,Midwest,Basic,Mobile,0.0
273,68.8145489223119,0.8452520709375431,32,296,77.19730543086743,1,1,2,South,Basic,Mobile,0.0
2900,51.549100313470696,0.4816738820405532,25,125,41.64688858525759,2,0,4,Midwest,Basic,Tablet,1.0
1446,88.04003154115509,0.7143142878436182,39,518,112.13604164798701,2,1,2,Northeast,Basic,Desktop,1.0
2483,46.49811507316579,0.5062826253595852,19,328,46.25522787401969,1,0,4,Midwest,Standard,Mobile,0.0
2159,63.866328303547526,0.23370139216264524,22,291,49.39825852245248,3,1,3,Mountain,Pro,Mobile,0.0
2218,36.04263703187296,0.8027868724979228,9,32,62.23219512158835,0,2,1,Mountain,Basic,Mobile,0.0
1757,61.44117901474726,0.2432265701792234,12,426,54.031696495590424,0,1,3,Midwest,Basic,Desktop,1.0
2491,47.26980281931857,0.7907625623974043,2,227,60.403409362535484,1,1,2,Mountain,Pro,Desktop,0.0
1171,65.63606034847437,0.9835568858710374,36,473,,2,0,4,South,Pro,Mobile,1.0
1521,66.98150227411169,0.7684378141831829,23,92,36.4370725300424,2,1,2,Midwest,Pro,Desktop,1.0
2502,27.05254089169875,1.019299083302749,14,56,66.95256271036547,2,3,5,West,Standard,Mobile,1.0
2332,35.88722899722863,0.7340270907973766,4,54,65.38693588316819,3,2,0,West,Pro,Desktop,0.0
2355,77.16221752843352,0.6952603439403594,28,351,121.79400018358515,2,1,3,South,Standard,Desktop,0.0
357,77.99983517074932,0.43324891186457704,37,449,125.9205448433735,1,1,1,Northeast,Basic,Mobile,0.0
1317,56.88604237119793,0.23723132577718198,18,338,47.89304100380888,2,0,3,South,Standard,Tablet,1.0
1012,65.68752468207106,0.40400749456047524,27,310,24.167694643425584,0,1,0,South,Standard,Desktop,0.0
1245,59.81063272199055,0.4008737878690595,11,410,34.11708199247547,2,1,4,Mountain,Basic,Desktop,
1931,66.34386813809466,1.1717539508986137,44,259,59.87533567487351,2,2,2,South,Pro,,0.0
2442,67.01421586581907,,25,346,45.245087818790516,0,0,3,South,Basic,Desktop,0.0
670,75.1442376975776,0.3703214495786465,16,244,77.24764958043386,0,1,2,Northeast,Basic,Desktop,1.0
360,55.51438984237949,0.8561611961884251,30,232,49.235067150773034,3,0,1,Midwest,Pro,Desktop,0.0
2153,48.68040985226678,0.8057504102865933,48,311,,2,0,5,Midwest,Basic,Tablet,
1515,22.621872293388904,,4,117,86.30179258305947,1,3,3,West,Standard,Desktop,0.0
927,57.348374950458975,0.6827835679685391,44,237,45.560635692452934,0,0,3,Northeast,Standard,Desktop,0.0
1486,45.84376762991052,0.4618849247134347,10,134,36.727682599546426,1,1,1,Mountain,Basic,Tablet,0.0
2578,50.79229208261618,0.7989101733083618,11,244,56.95188011811493,1,2,1,Mountain,Pro,Mobile,0.0
1620,69.08114298726504,0.5634400333097852,24,366,73.58348217174138,1,2,4,Northeast,Standard,Desktop,1.0
1535,52.39378618393836,0.37052944158229173,27,150,36.57762420597566,1,0,5,Midwest,Standard,Mobile,1.0
1755,36.983900825450775,0.8851679054532451,18,32,61.03435609865577,0,2,0,Mountain,Pro,Mobile,0.0
510,59.46655141123418,0.806658194382627,14,300,48.233355395767866,2,0,1,Mountain,Basic,Mobile,0.0
116,39.06731793861498,0.47651076998168285,6,262,74.99409357493725,1,1,0,West,Standard,Desktop,0.0
2489,54.35227295902217,0.6621479505267831,21,28,42.50659204667068,2,1,2,Midwest,Basic,Desktop,0.0
2161,74.65396752721367,0.20128503954401483,41,303,96.84213236927957,1,0,5,South,Basic,Mobile,0.0
192,82.16870346113664,0.6846869738630189,48,346,108.3246955825031,1,1,2,South,Basic,,0.0
2456,53.81736018743741,0.49670185537726963,18,265,41.3643859387877,2,0,3,South,Standard,Mobile,0.0
743,29.218950482817803,0.4268886648953481,0,202,62.11857932832809,2,1,2,West,Basic,Mobile,1.0
724,43.42431450356066,0.7101593941686226,6,214,46.4618407496359,0,0,0,Mountain,Standard,Desktop,0.0
2597,93.90058295894889,0.6854355594654931,43,455,156.1731942617466,0,0,4,Northeast,Standard,Mobile,0.0
1316,83.01896594001128,0.3437031817757932,30,364,79.83380059597783,3,0,1,Northeast,Basic,Desktop,1.0
2717,66.44696505525738,0.45730682002741524,28,269,72.26647516661104,2,2,2,South,Basic,Desktop,
2741,53.6709312118946,0.8004303931622709,34,332,52.25585700892749,0,1,4,Midwest,Standard,Desktop,
1482,57.486404914785126,0.5588867066977291,29,153,50.555449966442204,1,0,3,Midwest,Basic,Mobile,0.0
214,53.552817232499976,0.892688643231911,21,228,68.0373652126244,1,1,1,Mountain,Pro,Tablet,1.0
378,69.12547283526706,0.5881156718700211,26,174,34.36679210874915,2,0,2,South,Basic,Desktop,1.0
248,71.89962869903225,0.7888535416063349,33,184,50.00811405526217,2,1,6,South,Pro,Mobile,0.0
687,45.725546772733935,0.5160757783190546,10,296,53.15260380912436,2,0,2,Mountain,Standard,Mobile,1.0
756,44.873518162979884,1.151694787852502,15,117,61.44319912000195,1,1,5,Mountain,Standard,Desktop,1.0
786,65.90359285868159,0.2662206109808271,33,412,,2,1,5,Midwest,Standard,Desktop,1.0
141,74.24025288170026,,35,428,,1,0,2,Northeast,Basic,Mobile,1.0
154,15.648224772010325,0.6464671985607673,0,76,,1,2,5,West,Basic,Mobile,0.0
987,30.70416380004387,0.9630759986121307,20,77,61.02143648339553,1,0,0,Mountain,Basic,Desktop,0.0
1269,41.32385253694533,0.761598251850226,33,205,47.851281913228085,0,1,3,Mountain,Standard,Mobile,0.0
1968,60.457209938887466,0.8364284818739502,30,283,48.822926037930664,2,0,4,South,Standard,Mobile,1.0
52,39.33204596994763,1.0449132719883485,25,188,38.73110433882792,1,1,2,West,Pro,Mobile,1.0
2302,40.12599914972102,1.059805833627777,13,63,54.85819520849355,2,1,3,Midwest,Standard,Mobile,1.0
1287,78.18328946790163,0.08805953796845141,48,332,92.54205048050089,2,0,5,South,Basic,Mobile,0.0
1646,67.21165570668511,0.20733648533795757,22,256,50.54819859843602,1,2,1,South,Basic,Desktop,
1394,74.14558918781829,0.7086444800263138,27,207,88.30697508803226,1,1,2,Northeast,Basic,,0.0
166,31.990391815853812,0.6135404334051494,4,86,65.1545168844215,3,1,3,West,Pro,Desktop,1.0
1645,75.32344886096507,0.2561944863964033,26,332,89.416926053402,3,1,3,Midwest,Basic,Tablet,0.0
2434,45.340070693289356,0.8075945770894443,30,230,40.4554244494789,2,0,4,South,Basic,Desktop,
2225,59.1953932630606,0.47819934225218563,25,357,42.50609248470028,3,0,3,Mountain,Basic,Tablet,
1607,44.28884632849834,0.7615843148709691,37,228,34.4638693579237,0,1,1,Midwest,Pro,Desktop,1.0
920,49.081794371927124,0.9061187195226554,25,152,71.84897021853725,2,2,2,Mountain,Pro,Mobile,0.0
11,54.2356742155377,0.8193742840792895,34,227,60.09800850337132,3,1,2,Midwest,Pro,Mobile,1.0
2853,54.47513212064533,0.6857448337675068,27,160,50.667288416132976,2,1,2,Mountain,Pro,Desktop,0.0
1035,61.07422771493428,0.6557259576394833,20,240,42.379559220692066,1,1,2,South,Standard,Desktop,1.0
2842,50.64519893070993,0.6234484907113216,18,182,53.909399747701436,2,1,3,Midwest,Standard,Tablet,1.0
2283,24.680115128792288,,7,138,53.68496391159079,2,0,3,Mountain,Pro,Mobile,1.0
1174,29.905515728608236,0.5305064093024573,4,20,69.47762974324975,0,1,1,West,Basic,Mobile,1.0
2957,94.9097365124986,0.6161753765735337,30,358,,1,1,2,Northeast,Basic,Mobile,1.0
280,31.344949995978027,0.7577046291085605,8,20,76.42479043338741,1,1,6,Mountain,Standard,Desktop,1.0
915,75.63726436469904,0.5358575273548358,38,405,86.98507304618514,1,0,2,South,Basic,Desktop,0.0
1650,39.59323541388637,0.8691767253159665,17,161,51.2482094379091,1,1,2,West,Standard,Mobile,0.0
1736,44.40758411955729,1.0272887144007874,25,208,48.1441188361139,1,2,4,Mountain,Standard,Desktop,1.0
842,79.41223698429806,0.4705720851626236,40,529,,2,0,3,Northeast,Basic,Desktop,1.0
2820,79.41139849803454,0.42618812614206597,46,289,60.58643587754249,3,1,3,South,Basic,Mobile,1.0
2586,44.476976350152256,0.841690130350414,21,256,47.516275265330975,2,1,3,Mountain,Standard,Mobile,0.0
2535,56.65931410999634,0.7784387955573169,28,422,66.71998016490951,2,1,2,South,Standard,Mobile,1.0
2300,33.07338826942491,0.9025473524039742,14,20,67.22828704999333,0,2,6,Mountain,Basic,Mobile,1.0
2184,36.06697278915117,0.9428690200508052,5,218,66.40442403294425,1,0,3,West,Pro,Desktop,
1514,68.36211223581503,0.4560434921780353,25,397,49.555977022830824,2,0,1,South,Standard,Mobile,1.0
2068,87.08292735531008,0.525283360134556,45,339,135.12792726913077,2,0,0,Northeast,Standard,Desktop,1.0
2683,82.14362993248959,0.5439301758351041,40,387,117.23906731355665,2,1,2,Northeast,Basic,Tablet,0.0
2844,57.54296821370918,0.5744943463349376,22,323,55.13490228097818,0,0,3,Mountain,Standard,Mobile,0.0
1774,67.32308783252032,0.9357275341702888,34,322,61.01639487026037,1,1,1,Midwest,Standard,Mobile,0.0
458,59.02150851822909,0.6279024173498142,25,273,45.71833551672644,0,0,0,Mountain,Pro,Mobile,1.0
46,65.85824769290244,0.3236799857391226,13,350,25.255232839975115,2,0,0,Northeast,Standard,Mobile,0.0
1877,46.37499510249601,0.9569792560234293,21,173,52.974063653789074,1,1,3,Midwest,Basic,Mobile,1.0
1497,48.16603046120785,0.6013337333766064,9,222,32.45705331446076,0,1,0,West,Standard,Mobile,0.0
1995,24.883051109998227,0.43237125383338937,15,191,58.886068874857116,1,1,2,West,Standard,Desktop,0.0
2471,39.71199898848084,0.3434873527145027,6,239,29.097370998842536,4,0,0,South,Basic,Mobile,1.0
1167,49.97426094392237,0.7996091477291639,37,154,48.900939901319425,2,0,3,Midwest,Basic,Tablet,1.0
1581,58.088285739048686,0.7275858511407339,39,195,46.061925920570566,1,1,3,South,Pro,Tablet,1.0
716,31.603620472545522,0.6795995786035183,11,73,67.15547238653924,1,3,2,West,Basic,Tablet,1.0
944,61.416191449612676,,37,329,52.82126305924244,1,1,1,Midwest,Standard,Mobile,0.0
1247,44.76938555828256,1.2077265004622033,13,90,68.71399155639847,1,2,2,West,Standard,Tablet,1.0
300,26.735005665719186,0.8069133654847503,14,137,56.498908618718644,0,1,2,South,Pro,Mobile,0.0
768,69.30959356523033,0.7399034155231753,21,242,68.1789762112822,1,0,2,South,Standard,Desktop,0.0
2110,65.39906449552502,0.43063952044629317,34,351,52.99274149291812,2,0,2,Midwest,Basic,Mobile,0.0
306,51.17606222745533,0.2931773899898236,29,342,59.95364419419262,1,1,4,South,Basic,Mobile,0.0
2454,56.948211634292456,,19,434,48.845482580961374,0,0,1,Midwest,Enterprise,Desktop,0.0
358,74.20399570237873,0.7004948269741762,19,349,,1,0,2,South,Basic,Desktop,1.0
1106,67.39813561031258,0.7406419319071025,19,406,76.70268198994869,1,0,1,South,Basic,,0.0
2077,49.12578533868991,,18,248,38.81552871585902,2,1,2,West,Standard,Mobile,1.0
2478,69.67528603446648,1.0192235149103357,42,259,53.08064256396393,2,2,2,South,Standard,Mobile,1.0
1066,38.571846101185486,0.9508948967219822,23,20,72.31643576958152,2,1,4,Mountain,Enterprise,Tablet,0.0
1199,61.031425135494025,0.5545797023973321,18,261,,2,1,2,South,Standard,Tablet,0.0
2929,89.61047836644263,0.6722108914698605,49,544,126.34343776477368,2,1,4,Northeast,Standard,Mobile,0.0
539,58.73270460164881,0.785221933148384,22,308,49.11074806039706,1,1,2,Mountain,Basic,Mobile,0.0
134,46.62227558355946,0.593481514180201,31,169,36.051380129870985,1,0,0,South,Pro,Mobile,0.0
2605,56.740546434055005,0.8561504738454333,21,28,,0,1,4,West,Basic,Mobile,1.0
1796,61.064296639151635,0.7503794966896393,29,354,54.41484422487938,2,1,3,South,Pro,Mobile,1.0
2594,78.06980495798014,0.5120436613317336,31,345,96.29611791615396,0,1,2,Northeast,Pro,Mobile,0.0
2559,27.199373757364256,0.7761467365790893,5,167,64.7618043820949,0,1,2,Mountain,Standard,Tablet,0.0
2930,72.59802459179468,0.4443539301868574,27,429,102.59308645022062,2,1,2,Northeast,Basic,Mobile,0.0
2200,45.57815358253222,0.6402339378334304,41,192,57.09191169126368,1,0,2,Mountain,Pro,Desktop,0.0
2031,64.20865378021995,0.8481771371832367,30,359,47.9136949529676,0,2,2,Northeast,Standard,Desktop,0.0
2330,60.701457326465295,,28,409,47.839511902145595,2,1,5,Midwest,Basic,Mobile,1.0
234,51.848759459854264,0.6660897520202123,27,211,49.069852096998964,0,0,1,Mountain,Standard,Desktop,0.0
1250,43.525567197288694,0.8368822163932356,14,104,59.670597207286974,1,1,0,Mountain,Basic,Mobile,0.0
2640,56.0114970698873,0.6899544102648605,17,268,,1,2,2,Midwest,Basic,,0.0
562,44.69952491891349,0.7523177388377633,23,188,43.16303838172288,2,1,6,Midwest,Pro,,0.0
529,41.67227477140847,0.22802882195413351,19,315,,0,0,3,West,Basic,Mobile,1.0
339,60.93055267542778,0.611703064537783,15,325,45.44278855371883,2,0,1,Midwest,Basic,Desktop,0.0
2376,58.873671950610486,0.37849410701199115,21,187,35.59981393041953,2,0,0,Midwest,Basic,Mobile,1.0
594,46.22533715686741,0.8071930724479219,33,20,48.776048686625856,1,2,5,South,Standard,,1.0
2513,74.41144497034682,0.7272731073154917,39,365,92.41786208658591,2,0,5,Northeast,Standard,Mobile,1.0
1773,46.07130556777583,0.7974580872793147,10,144,61.40305046979373,0,1,2,Mountain,Pro,Tablet,0.0
82,62.90641263555842,,19,266,39.83584499832006,2,0,0,Mountain,Standard,Mobile,1.0
253,46.25527520206982,0.7334531928422771,13,158,62.30025471514989,1,1,2,West,Standard,Mobile,0.0
322,50.11850827241413,0.4292036410532341,14,130,33.1583137038587,2,0,1,Midwest,Pro,Mobile,1.0
2020,82.55135558809839,,39,484,122.92781900980313,1,2,0,Northeast,Standard,Mobile,1.0
1378,43.88110597444936,0.7747891095179874,24,194,38.0660397007743,1,1,3,Mountain,Pro,Desktop,0.0
2564,58.762221517112835,0.5647183274898632,39,319,52.71377169103157,1,0,2,South,Standard,Desktop,1.0
633,28.609505020350664,0.5044662819119012,2,116,,2,2,3,West,Basic,Mobile,1.0
1045,34.93140053064971,0.5674120300557907,12,298,60.74555062141199,1,2,2,Mountain,Pro,Desktop,1.0
1201,64.12476916066572,0.9897131027828304,26,118,50.66049155055358,1,0,3,Mountain,Standard,Mobile,0.0
1974,71.59925760601979,,23,347,,0,0,2,Northeast,Basic,Desktop,0.0
741,63.44694069747345,0.8139461336980277,42,267,52.848624675409006,1,1,2,Midwest,Basic,Desktop,1.0
1351,74.49546373710403,0.38285671460703125,26,364,54.65066568768492,3,1,4,Midwest,Basic,Desktop,1.0
504,70.53551815039195,0.29810101216819035,33,337,88.32237675689667,2,1,2,Northeast,Basic,Desktop,0.0
2337,36.72330751224455,0.6352356686747689,10,222,61.474460874179286,2,2,1,Mountain,Standard,Tablet,
375,86.19292058036558,0.4698827846896292,14,397,64.41760432698644,2,2,2,South,Basic,Mobile,
411,33.85109954187419,0.6149660566709498,4,281,69.66057898860224,0,1,4,Mountain,Basic,Desktop,1.0
497,81.14080973825037,0.6074155331905013,50,269,138.3807640368714,1,0,0,Midwest,Standard,Mobile,1.0
2602,87.16527048186447,0.6963082563102616,43,256,111.01875345178358,1,1,2,South,Standard,Mobile,1.0
2281,30.32110282573678,0.8084607462810658,12,204,64.56365373699035,1,1,4,West,Standard,Desktop,1.0
490,45.111665242277965,1.0819728364452383,33,232,68.52492611585643,2,1,2,Midwest,Enterprise,Desktop,0.0
1149,52.21138238455084,0.21953979015981498,30,334,,1,1,1,South,Basic,Desktop,1.0
2836,42.817908145230845,0.6658238214303481,5,181,67.61913208420144,0,1,6,West,Basic,Tablet,1.0
2269,72.71518810073913,0.7982441492622732,32,276,90.91630851948263,1,1,1,South,Standard,Tablet,0.0
1156,40.81511200696926,0.8246333547085121,11,99,27.854759516686148,2,0,2,Mountain,Standard,Mobile,0.0
2754,41.35498967924906,,24,295,41.66107622671411,0,1,4,Mountain,Standard,,1.0
2731,52.20080017071364,0.5860063445615531,16,211,49.08650972787578,1,1,1,Midwest,Standard,Mobile,0.0
1672,77.22979548652893,1.098631474699281,28,165,73.44362077119597,2,0,4,South,Standard,Mobile,1.0
1195,72.30340943071377,0.45473528281208375,19,354,39.815710301503394,2,1,1,South,Standard,Mobile,1.0
1281,69.88654405608602,0.43618786908494767,39,319,101.89922775897078,1,1,2,Northeast,Standard,Desktop,0.0
2752,67.64903577265586,0.2208651946310396,14,424,51.61911686947632,1,1,2,Northeast,Basic,Mobile,1.0
1217,70.86600467098619,0.37833407690079807,19,462,52.02503705612707,2,1,3,Midwest,Basic,Desktop,0.0
2862,61.18510441262227,0.16796017120654397,23,260,59.738746166133716,2,1,4,Northeast,Basic,,0.0
2367,89.33576404181522,0.7220240773056469,50,450,179.54247162353533,1,0,1,Northeast,Pro,,0.0
1922,59.348501325392334,0.6381234418689918,42,259,81.79455814871375,1,0,3,South,Standard,Tablet,0.0
1418,77.7572797298149,0.8087372873646196,54,317,149.39195643397392,1,2,2,South,Standard,Mobile,0.0
347,84.13489729616275,0.46812587798892014,43,426,121.64004363062368,1,1,4,South,Pro,Desktop,0.0
2017,33.18662755290865,0.35878276496504125,8,160,34.20751093487958,1,3,3,Mountain,Basic,Desktop,1.0
156,25.986140282059907,0.6011928245405386,25,198,48.22838086855083,1,2,4,West,Basic,Mobile,1.0
2945,50.99010799353767,0.7265987071859412,29,95,,1,1,6,South,Basic,Desktop,0.0
2246,83.37882776362692,0.1400282753183273,37,482,97.56925097968342,3,1,0,Northeast,Standard,Desktop,0.0
2321,42.174658649272416,0.8711653900327987,14,103,53.957115596391255,1,2,0,West,Pro,Mobile,0.0
575,47.12528673411702,0.8731678297679225,13,52,55.739912215043226,2,1,3,Midwest,Basic,Mobile,1.0
119,92.30038661816054,0.3213058957703735,46,413,135.88760925795043,1,0,1,Northeast,Standard,Mobile,1.0
2979,63.49766299238815,0.7916483695008878,34,120,42.422607750672384,0,0,0,South,Standard,Mobile,
733,71.22108572081734,0.37681238268261097,27,364,64.8103553146341,2,0,1,South,Standard,Mobile,1.0
456,72.08277686335464,0.48855330892309445,40,314,55.032285044950065,0,1,4,South,Pro,Tablet,0.0
48,88.86579797972011,0.6714257431954394,39,300,149.00511603018612,1,0,4,South,Basic,Desktop,0.0
2209,54.045979861680955,0.7618821053959713,29,163,62.39461035127111,1,1,5,Midwest,Standard,Mobile,0.0
1525,48.69524940461754,0.6436054159844791,12,318,30.864756096687398,2,1,0,Midwest,Basic,Desktop,0.0
2414,56.84577298992524,0.19902943765432035,25,334,50.423191023125206,2,0,4,South,Standard,Tablet,0.0
2007,47.99128009118645,0.8140089182957128,29,294,35.18001195556846,1,1,4,Midwest,Standard,Mobile,0.0
1370,44.39538399925653,0.9060726291645036,32,220,40.66846248664875,0,0,3,Midwest,Basic,Mobile,0.0
1786,22.4319089999601,0.3408322220568401,27,35,59.875794997784055,0,2,5,Mountain,Basic,Desktop,0.0
2693,67.38769766274049,0.5777321614411077,18,353,67.7402105248178,3,0,5,Mountain,Basic,Desktop,1.0
2131,65.11285957817523,0.5052717808872677,21,123,52.65976837240262,2,0,3,Midwest,Standard,Mobile,1.0
28,100.72501059060295,0.4482589450961052,41,449,158.28384688965235,0,0,4,Northeast,Basic,Mobile,0.0
1254,59.701245097118786,0.7778242869120122,32,164,54.43370930350502,2,0,3,Midwest,Basic,Mobile,0.0
1274,57.4632136637685,0.24655902350851544,19,220,,1,1,1,South,Basic,Mobile,
2925,63.530678059321694,0.4049806706389288,34,181,73.05339855728384,0,0,1,South,Pro,Desktop,1.0
346,45.70895485403426,0.5461237814141547,30,308,29.96734149941254,2,1,0,West,Pro,Tablet,1.0
524,67.42832852310943,0.2032923559489237,34,231,65.69974650303952,2,3,0,Northeast,Basic,Mobile,1.0
1417,67.17496508024244,0.40133078470523875,32,441,100.02859205938995,2,1,4,South,Basic,Desktop,1.0
1689,73.98966868468897,0.35168792194848614,24,381,,1,0,2,Northeast,Standard,Mobile,0.0
1641,39.46530076513709,0.4592571234799818,12,353,47.14164959556324,2,2,2,Midwest,Basic,Desktop,1.0
2343,57.592618370995176,0.39738614987458226,29,202,25.044403902041566,2,0,2,Northeast,Standard,Mobile,
750,61.20730105681769,0.7732295396713709,37,161,53.98555688613587,0,1,3,Northeast,Standard,Mobile,
2643,47.84744353623783,0.33632147932973466,2,261,32.430589680748646,0,1,6,Midwest,Basic,Desktop,1.0
1506,75.59124591864165,0.7512305475658104,37,446,76.62191799412756,2,0,4,Midwest,Standard,Mobile,0.0
2468,81.51502842527015,0.6378506218738074,39,547,89.21868571519983,1,0,1,Northeast,Basic,Mobile,0.0
1933,53.665215996758825,0.7072747060889859,30,136,41.26154847951622,1,0,2,West,Pro,Desktop,0.0
1685,45.29483689428056,0.638925125698405,0,108,54.19752394324645,1,1,1,Midwest,Enterprise,Mobile,0.0
1191,83.96493704562953,0.6445762214608707,58,344,150.3926279485984,1,1,1,Northeast,Standard,Mobile,0.0
2470,68.75157914609113,0.8590748903848048,28,260,50.4246250401886,0,0,2,West,Pro,Mobile,1.0
2584,48.00330229534813,0.47638887587757955,15,245,39.73799358300967,3,1,0,Midwest,Pro,Desktop,1.0
1941,99.84150394428531,0.3282231852878621,50,237,132.43404575051113,2,1,2,South,Standard,Mobile,1.0
2830,86.3096838373234,0.21418415191607298,42,442,136.06460070887618,3,1,6,Northeast,Basic,Tablet,0.0
2460,35.90439959921946,0.7098819332368369,47,242,51.06063444538231,2,0,5,Midwest,Standard,Desktop,1.0
1831,87.68964655182178,0.18070134010559422,19,501,91.94484060801983,1,0,3,Northeast,Basic,Mobile,0.0
7,29.05671831640358,0.8864075025986943,6,281,43.727906017845,2,1,3,West,Pro,Desktop,0.0
2415,64.96447420743193,0.8197839367485185,33,403,,1,0,1,Northeast,Basic,Mobile,1.0
2744,89.41242665065172,0.40258174089224036,35,369,,2,1,1,South,Standard,Mobile,0.0
2996,96.14782598997854,0.29335278101144446,34,524,126.48921851564585,2,1,2,Northeast,Standard,Mobile,0.0
1898,49.01612830406404,0.4898594273846066,9,254,38.94228536023085,2,0,1,Mountain,Standard,Desktop,0.0
2789,86.82280044828914,0.5525619291846663,45,413,98.45218060105918,1,0,3,Midwest,Standard,Tablet,0.0
1550,56.35909395711213,0.9256440687888015,38,323,78.74180859243735,2,0,1,Midwest,Standard,Desktop,1.0
1745,70.72560792690939,0.7781073718996081,25,297,52.04761979970484,2,1,3,West,Pro,Desktop,0.0
2519,54.00761289614429,0.6147535812504977,11,326,25.108628273030682,1,1,4,Midwest,Basic,Mobile,1.0
2061,51.869479888351634,0.6301314668852568,27,249,34.28900972328237,1,2,2,Mountain,Basic,Mobile,1.0
1073,57.540104232702845,0.7856103360745167,41,219,88.31022199151064,0,1,3,Mountain,Pro,Mobile,
1101,84.72581524455734,0.5192878429988089,48,311,108.22324014854928,0,0,2,South,Standard,Mobile,1.0
1319,26.518388620790173,0.47430197839817834,0,59,57.26565804796833,2,2,1,Mountain,Basic,Mobile,0.0
473,68.49195805931076,,23,215,66.94646480161445,2,1,2,Midwest,Standard,Tablet,0.0
1314,74.74469942445074,0.4501257846570191,28,378,71.32596836060698,0,1,3,Midwest,Basic,Mobile,1.0
147,88.13919866520118,0.8210844937618422,30,537,142.44799794354878,0,2,0,Northeast,Basic,Mobile,1.0
243,43.24762107172473,0.5114321243843243,33,279,42.25006181191582,2,1,1,Midwest,Standard,Desktop,0.0
1467,61.85123628375772,1.001903032684838,26,201,55.28060295962042,3,1,2,Midwest,Standard,Mobile,0.0
677,56.910756197742145,0.5960524630285455,9,368,62.91812141647382,1,0,2,Mountain,Standard,Desktop,0.0
2872,47.56949713188721,0.6549125209664357,4,123,47.2535812487445,2,0,1,West,Basic,Desktop,0.0
2843,53.829395124729835,,8,277,18.524241153333158,2,0,1,Mountain,Standard,Mobile,0.0
1673,46.30627654093867,0.5651622556147566,18,195,24.173588275273154,2,2,2,West,Pro,Desktop,1.0
2082,50.037874361870145,0.5877840640061243,7,169,54.73580739822336,1,1,5,South,Standard,Mobile,1.0
1947,29.76688715134869,0.8919150153453141,17,92,48.03160353388762,1,2,3,Mountain,Pro,Mobile,0.0
1288,85.71609189623885,0.44554837604211295,34,408,157.15734357431703,1,0,0,South,Pro,Desktop,0.0
1878,40.81790476713275,0.7893791738171495,13,82,69.67800604991166,0,2,4,Midwest,Basic,Mobile,0.0
305,51.39330723788859,,20,264,56.9751549860502,0,1,4,Mountain,Standard,Desktop,1.0
520,64.6634895490878,0.6636001515872385,21,202,38.91077243312371,1,1,1,Midwest,Standard,Mobile,
1829,63.54970256170406,0.8978764217221872,25,182,37.77517552888046,1,0,3,South,Standard,Desktop,1.0
563,66.56662217544597,0.2628814791755687,21,330,82.10253885288851,3,1,4,Northeast,Standard,Tablet,1.0
2437,82.18038349386985,0.09757932804359515,37,397,88.04389600303062,1,1,1,Midwest,Basic,Tablet,1.0
2075,22.86706346801768,0.6442776055677892,6,289,65.74511347818081,0,1,3,Midwest,Standard,Mobile,1.0
2867,42.110355845005145,0.69773638794235,15,151,,1,2,1,Mountain,Standard,Desktop,0.0
749,77.73980446724896,0.636353931237801,30,403,85.08601416385251,2,0,1,Northeast,Basic,Desktop,1.0
424,66.48968615764072,0.462096177127785,22,204,56.85774698125742,0,2,4,Northeast,Basic,Mobile,1.0
1408,53.35446256865741,0.5685501337550871,24,356,28.114165240110225,2,0,2,Midwest,Basic,Mobile,0.0
2202,41.751411206790074,1.0724314641036918,26,209,56.299839586540614,1,2,2,Mountain,Standard,Desktop,0.0
1536,60.32667950848949,0.5948575416945958,25,264,61.83262805595749,1,0,1,Midwest,Pro,Desktop,0.0
2635,65.4504842822529,0.6582380884734201,25,307,55.59438887467853,1,2,1,Northeast,Pro,Desktop,1.0
2500,44.47067147208652,0.833783515968813,16,198,47.18820108817549,1,2,4,Mountain,Standard,Mobile,1.0
1955,73.60259154620397,0.3511199536554116,36,256,49.5240991012856,2,0,3,South,Standard,Desktop,1.0
1342,53.506478233522884,0.04386689378773945,39,184,,4,1,3,South,Basic,Desktop,1.0
2297,45.06523975412055,0.9551682226402352,16,117,55.81945992674564,2,1,2,Midwest,Standard,Mobile,0.0
2016,41.90728741766301,0.664985230496733,31,126,,2,1,3,Mountain,Basic,Mobile,1.0
259,79.29525596818245,0.23244583458845444,30,461,85.98600249144721,2,1,3,Midwest,Standard,Mobile,0.0
1731,48.2618802410849,1.038860391243376,9,160,50.47968008598582,0,1,2,West,Standard,Mobile,1.0
503,37.777878272996674,0.4727667561611215,4,112,53.45066105790971,2,1,2,West,Basic,Mobile,1.0
184,78.0587965584616,0.5008165086017781,21,502,,1,1,4,Midwest,Basic,Desktop,1.0
1679,33.88243223404986,0.6142911274214007,7,87,64.6317906312023,1,2,1,West,Pro,Mobile,0.0
221,45.76082266440387,0.7853930755218758,23,238,,1,1,4,Mountain,Pro,Tablet,
2037,76.90179446497325,0.5624183263528787,30,325,110.48349783870806,3,1,1,South,Standard,Tablet,0.0
404,47.28414371192836,0.5127029247754054,23,31,48.04868898472125,1,1,2,West,Pro,Mobile,1.0
2858,42.52393484235109,1.0855153752841251,18,111,61.88420678730975,1,2,2,West,Standard,Tablet,1.0
1118,82.46498137788734,0.7849215422356939,29,268,99.82216345415921,1,2,3,Northeast,Basic,,1.0
271,60.92100347760839,0.9209418320292375,36,216,64.86054904223711,1,1,1,Midwest,Standard,Desktop,1.0
2100,23.83287227593207,0.6994069464171231,12,63,70.25839670684299,2,1,1,Mountain,Standard,Desktop,1.0
1032,59.79546435784128,0.45029710588111715,21,170,54.61273526730481,1,1,4,Midwest,Pro,Desktop,
1868,67.43870730959766,0.22823169405818594,14,307,71.16767684974002,2,0,1,Mountain,Standard,Desktop,0.0
2241,40.007988468409934,0.674834367167218,5,315,,1,1,2,Mountain,Standard,Mobile,0.0
1993,25.697209099212387,0.8394282667814419,2,105,78.67215830424837,1,2,2,Mountain,Pro,Mobile,0.0
270,61.272422916428745,0.12986731135067675,19,407,43.2122333494233,3,0,8,Midwest,Standard,,0.0
446,49.12678156768519,0.8702188037117061,27,358,50.819433154831046,0,3,3,Midwest,Standard,Mobile,1.0
477,61.552347713831026,0.5531713851195957,16,469,66.69519743738752,1,0,4,South,Basic,Mobile,1.0
1606,79.24077356877383,0.4124195756660253,27,310,86.5601247539206,1,0,3,Midwest,Basic,,
1003,28.839624971418846,,7,20,69.05073910710385,0,4,6,Mountain,Pro,Mobile,0.0
608,67.90417895773298,0.30904334297925284,17,239,63.48165240138748,2,0,4,South,Basic,Mobile,1.0
189,61.326013702520385,0.6030813617851005,29,189,45.353776731994756,1,0,0,Mountain,Standard,Mobile,0.0
1096,22.52607682721785,0.5093589850371214,0,72,57.50131933130928,1,2,2,West,Basic,Mobile,0.0
182,86.39239212652268,0.28890122960052295,31,438,115.30330713517436,1,1,2,South,Standard,Mobile,1.0
1810,76.02330632919316,0.5642103429038445,27,215,48.815413961770034,1,1,0,South,Standard,Desktop,0.0
1057,73.40353149182458,0.6872765328019121,44,307,85.17827914300857,2,0,2,Midwest,Basic,Mobile,1.0
957,58.957047601369155,0.3750734192556951,22,383,48.57708521781459,1,0,1,Northeast,Standard,Mobile,0.0
1145,63.40682112611478,0.9598896383548261,16,130,61.23764741616127,2,1,0,Mountain,Standard,Mobile,0.0
68,64.81952437406966,0.5078207862428291,8,446,19.18916567682855,1,0,3,South,Standard,Mobile,1.0
1273,83.11515858568792,0.4463461599153198,21,294,74.05195933431327,1,0,5,Northeast,Basic,Desktop,1.0
1284,65.24424273814495,0.9160533660842631,19,303,50.76960643821774,1,0,2,Midwest,Standard,Desktop,0.0
200,57.82098714892073,0.8991856226221,34,318,38.18874410286292,1,0,1,West,Basic,Desktop,1.0
851,44.6927338584933,0.7181316633152471,8,143,50.92427561192777,1,1,1,West,Basic,Mobile,1.0
88,59.38837599189399,0.6344222341507498,10,113,41.417601702534945,1,0,3,Mountain,Basic,Tablet,
775,70.33268139010865,0.42925002163261855,22,500,66.4725361284233,2,2,6,Northeast,Basic,Mobile,0.0
675,63.97244010133214,0.40363301163440524,21,198,,0,1,3,Midwest,Basic,Mobile,0.0
1836,69.85372950488296,0.5361225410848713,24,305,,1,1,2,South,Basic,Desktop,0.0
2490,64.1192785280076,0.3969595694153034,27,471,67.33173976451495,3,0,2,South,Standard,Tablet,1.0
1372,67.07589241837883,0.5814681838908162,21,278,85.65956168661998,0,1,4,Northeast,Basic,Mobile,1.0
1046,60.68152498307693,0.7359437364055371,30,236,38.019478031535,2,1,1,Mountain,Pro,Mobile,0.0
2464,45.2172765243469,1.0250584473176336,3,59,63.258193283804076,1,1,2,Midwest,Standard,Mobile,1.0
1662,37.78441395487209,0.547368107260654,11,20,51.00314814580561,2,2,3,Midwest,Standard,Desktop,0.0
980,60.39219595442263,0.3982246940447865,21,266,56.461185977424236,1,0,2,South,Standard,Mobile,1.0
534,34.909699441466486,0.6286564167742423,15,143,54.19907736446649,1,2,2,Midwest,Standard,Desktop,0.0
748,57.002342091281584,0.5014513985010676,45,273,63.52463270543426,1,0,3,South,Standard,Desktop,0.0
1438,63.42176791077767,0.7416375038451445,17,235,74.42929306720295,1,0,3,Midwest,Pro,Mobile,1.0
1176,51.83423925741173,0.015611240044509506,17,282,41.723784520824196,2,0,0,South,Basic,Tablet,
2686,48.17939183270207,0.4868163957076458,7,323,,2,0,6,South,Basic,Mobile,1.0
2645,79.18893522503056,0.290834908705931,49,478,95.99273494006331,1,0,4,Midwest,Standard,,0.0
140,77.22031321657231,0.43496511855999115,50,399,109.30821217477336,2,0,3,Northeast,Basic,Mobile,0.0
2915,89.40328833374191,0.5472810932338363,36,315,128.33551567639395,1,2,5,Northeast,Basic,Desktop,0.0
2965,59.741615530864394,0.5654630585772331,22,413,46.63662922306897,3,0,4,Mountain,Standard,Tablet,1.0
186,57.41407355392257,0.2868731439155422,21,198,14.816899351901355,2,0,1,Mountain,Basic,Mobile,
236,74.17808631410304,0.690055902061659,34,471,131.75486933843374,1,2,1,Northeast,Standard,Mobile,0.0
2720,58.739045443788136,0.7823044798981333,23,446,63.153436615950135,1,1,3,Midwest,Pro,Desktop,0.0
1211,89.65666217401055,0.9175456099518262,32,532,99.92020459120067,1,0,1,South,Basic,Mobile,1.0
51,46.15528819077218,0.4021464352954891,22,196,41.7399016463408,0,0,2,West,Standard,Mobile,1.0
2211,46.81697584822379,0.6048247487490377,25,153,46.02692812639005,2,2,1,Mountain,Standard,Desktop,0.0
269,51.17687152323422,0.5883951861318187,23,94,50.06967421977249,1,2,3,Midwest,Standard,Mobile,0.0
242,66.4054651842768,0.4953345736661402,45,194,57.168011126453926,1,1,5,Midwest,Standard,Tablet,1.0
2029,44.892581641976086,,13,275,35.36731618153444,1,2,3,Midwest,Basic,Mobile,1.0
1652,42.12209118717184,0.6284614783443694,38,157,62.568483467098204,3,1,2,Mountain,Standard,Desktop,0.0
287,26.84540432019108,0.7351674851916289,8,198,68.16140485643248,1,2,2,Mountain,Basic,Mobile,0.0
340,27.17418968355595,0.8202405532476732,28,38,64.69025935277423,0,0,0,West,Basic,Mobile,0.0
488,58.41049851039876,0.6152535115545461,35,65,44.483942565685936,1,1,2,Northeast,Pro,Mobile,0.0
747,68.54211354634387,0.721929627155277,20,341,43.96863615622643,2,1,1,Midwest,Basic,Mobile,1.0
94,73.96629198596067,0.8504581103353428,22,236,61.20110339260532,0,0,2,Midwest,Standard,Mobile,0.0
1841,51.513025169686046,0.22660856265161908,15,243,,2,0,2,Mountain,Basic,Mobile,1.0
1657,79.31627815067091,0.3779693525139854,33,349,32.63858414260588,1,1,1,South,Basic,Desktop,1.0
1976,54.162392876314954,0.09242588950596395,15,92,37.091099166381674,1,0,1,Mountain,Basic,Tablet,0.0
1520,94.68130027589801,0.6095806180521471,57,411,159.82282180167368,2,2,2,Northeast,Standard,Desktop,1.0
2974,82.54595927032594,0.47040343433286697,30,307,73.98447078236961,1,1,3,Northeast,Basic,Tablet,0.0
2780,71.37157110655325,0.35109648834293566,28,294,28.66636232844207,1,0,0,West,Standard,Mobile,0.0
2022,61.51575045872824,0.5123573336782846,30,371,45.658351635671686,1,1,2,Mountain,Pro,Mobile,0.0
697,56.74688576715441,0.1606611085336131,31,277,44.7941331012357,3,1,2,South,Basic,Mobile,0.0
2933,43.321248923514496,0.4974104673825653,21,280,,2,1,4,Mountain,Standard,Mobile,1.0
1190,23.0482890268232,0.8675152738776755,4,38,79.32001722366759,2,2,3,Mountain,Basic,,0.0
2090,45.59399487360324,0.8917400453373521,18,145,48.893790908148745,1,0,3,Mountain,Pro,Tablet,0.0
1360,63.26793972064867,0.42473865992089926,22,197,,2,1,3,Midwest,Basic,Desktop,0.0
2067,75.48020998906881,0.5207685225216839,16,240,71.17204925516096,1,1,4,South,Basic,Tablet,1.0
1466,63.68267775563412,0.39870955601364455,19,278,,1,1,4,Midwest,Basic,Desktop,0.0
1329,31.561668683642345,0.5930506146313936,11,62,,1,1,1,West,Pro,Desktop,1.0
2188,29.5268530751351,0.8885589376599512,21,112,89.34013938144973,2,3,0,West,Standard,Desktop,1.0
2674,59.95897659751174,,40,282,62.53077282683207,2,2,4,Midwest,Basic,Desktop,0.0
2049,65.65378510518863,0.26077882231627464,38,261,112.83297131577112,2,1,4,Northeast,Standard,Desktop,1.0
131,62.497618439632056,0.7835500078595089,16,398,67.5852557144816,1,0,1,Midwest,Standard,Mobile,
1668,61.21095923411873,0.5719702601674778,15,298,57.658042682733125,1,0,7,Midwest,Standard,Desktop,0.0
2813,54.28180466050591,0.4134395295691685,17,215,59.64591845668562,2,0,2,Midwest,Basic,Mobile,0.0
839,87.39098832154932,0.6093863477949214,45,482,124.77454914599477,2,1,3,South,Standard,Mobile,1.0
8,79.75820160314656,0.3983772210976458,37,436,110.37545146428909,1,0,3,Northeast,Standard,Mobile,0.0
142,86.48950418309408,0.5448010429004513,37,515,121.57275489011417,1,1,2,Northeast,Standard,Desktop,0.0
745,72.94803852849813,0.16422035059813167,12,337,51.87723025721417,2,2,1,Northeast,Basic,Desktop,0.0
753,56.368368536362865,0.6574129850559318,3,186,42.333306704796954,1,0,1,South,Pro,Desktop,0.0
2807,64.55292831945248,0.5972593115525762,38,318,57.624329471829896,1,1,2,South,Standard,Mobile,0.0
2317,100.59733862078028,0.27514918948335176,46,458,149.27809845866136,1,0,0,Northeast,Standard,Mobile,1.0
2636,51.12293383670415,0.5068542369694957,38,180,54.160471404333286,1,1,3,Mountain,Pro,Desktop,0.0
1879,60.158003530014,0.634592072624688,18,309,35.3397322253264,2,2,3,Mountain,Standard,Desktop,1.0
704,52.352080034671346,0.4127569523787077,16,292,26.72722902111969,3,1,6,Midwest,Basic,Tablet,1.0
718,77.71855803211466,0.4582317906841378,53,531,57.72399619276456,1,1,1,Northeast,Basic,,0.0
2850,79.29085612589896,0.566180148951581,33,448,100.65160442832766,0,0,1,South,Standard,Desktop,0.0
939,63.85766191696102,0.12545400885906124,45,404,60.65661576150125,3,1,4,Northeast,Pro,Mobile,1.0
950,76.59938762364823,0.4594836505379853,36,386,98.70585021628982,2,1,7,Northeast,Pro,Desktop,0.0
1927,85.96105942915747,0.6421819815574722,52,474,,3,0,1,Northeast,Basic,Desktop,1.0
1442,50.26322853125981,0.6224287103213466,16,149,47.0211166638584,2,0,1,Mountain,Pro,Mobile,0.0
979,47.687395443059685,0.686554013106842,8,287,24.32310613526294,0,0,1,Mountain,Standard,Mobile,0.0
1546,47.99901579143318,0.7197922891877389,29,103,54.133916032151824,1,1,3,Midwest,Pro,Desktop,0.0
1210,34.68458163358997,0.6450131349654549,13,184,51.88673830498239,1,1,0,Mountain,Basic,Mobile,1.0
1790,60.341509757797624,1.0083627892231162,26,318,,2,0,2,Midwest,Basic,Mobile,
1403,53.84548349471326,0.23298015578142106,17,373,42.31364790501996,3,0,0,Mountain,Standard,Mobile,0.0
1383,33.417836473165046,0.5096512409991465,20,157,57.16778601832315,1,2,2,West,Standard,Desktop,1.0
2568,56.002387950400355,,13,297,25.722344285533662,1,1,1,Midwest,Basic,Desktop,1.0
2008,63.192456077704804,0.5993285348276424,24,307,,0,1,6,South,Basic,Desktop,0.0
942,71.76398010902042,0.7410201881201304,25,245,101.23271685366714,1,0,5,Northeast,Pro,Desktop,0.0
1313,67.74877792648537,0.5280182196855548,20,447,,1,1,2,Mountain,Standard,Desktop,0.0
1353,40.99482733022863,0.9554138135855412,24,220,51.08111038163042,1,1,2,Mountain,Enterprise,Tablet,0.0
991,58.816891545066845,0.7608853139200251,6,200,28.36933201511583,0,0,2,West,Pro,Mobile,1.0
329,38.17128077511637,0.7823614920569909,21,71,91.72650045642334,0,2,1,West,Pro,Mobile,0.0
41,63.04669154324677,0.6047380612262339,27,167,45.60681530658667,3,1,4,Midwest,Standard,Mobile,1.0
558,95.16666898723106,0.7599291134038946,54,319,170.34534188838586,3,0,1,Northeast,Pro,Desktop,0.0
1071,38.70960815824142,0.6293548112611275,9,263,28.843795231946814,2,1,4,Mountain,Standard,Desktop,0.0
2162,28.425987556947636,0.49553926761440925,0,67,68.2855028943832,0,1,5,Mountain,Standard,Mobile,0.0
857,39.52871064477514,1.051446598869957,16,173,51.916958531211264,1,0,3,Mountain,Pro,Mobile,1.0
930,79.37657413542301,0.5775949616773566,56,333,120.08642892717803,1,0,3,Northeast,Enterprise,Desktop,1.0
289,69.03553905993064,0.16196023395952647,35,364,94.67759533255136,2,1,3,Northeast,Basic,Mobile,0.0
1524,48.31906075128246,0.7023253613588218,7,257,48.59625783333719,0,0,6,Midwest,Standard,Desktop,0.0
1741,72.60812463328809,0.5313005246589984,42,377,82.79595724639914,2,0,4,Northeast,Standard,Mobile,0.0
1771,39.44036016124531,0.5691947697132586,19,258,33.472285828759624,2,2,3,Northeast,Basic,Desktop,0.0
2976,72.99595492572303,0.14233920662071117,30,259,80.64343549540924,1,0,4,South,Basic,Tablet,0.0
461,66.9268076967332,0.563332033413724,30,334,75.33216697429098,2,0,0,Midwest,Standard,Tablet,1.0
1564,40.97516408109973,1.032790836675737,30,241,,1,1,1,Mountain,Standard,Mobile,0.0
1463,62.998595445470656,0.8722029012689453,39,281,64.96543784859854,2,2,5,Midwest,Pro,Mobile,1.0
2761,60.27997659182016,1.0833329432520022,36,263,46.77929023991092,0,2,1,Midwest,Pro,Mobile,1.0
157,48.020819914369206,0.72616636917395,18,184,35.147460234847124,1,0,4,Mountain,Basic,Mobile,1.0
1943,55.54470800647696,0.5336191172595548,18,221,48.64070809870464,2,0,4,South,Standard,Mobile,0.0
1430,64.63227675787185,0.8181264045463577,22,255,57.88346848550792,2,1,3,Mountain,Basic,Mobile,1.0
466,78.12747934862992,0.9867454975396769,42,280,108.71125812561172,2,0,3,South,Basic,Mobile,0.0
145,56.61615647368579,0.6248079725249052,5,23,50.55870159424046,2,1,2,West,Basic,Mobile,0.0
2485,80.5763096357714,0.5062850656270939,56,321,109.45723116920308,1,0,3,Northeast,Standard,Desktop,1.0
1303,47.05789956123117,0.9634703429729902,18,171,62.047415856869435,1,0,3,Midwest,Basic,Desktop,1.0
81,45.248720337205235,0.6727991025905002,26,250,28.945499786549846,2,0,3,Midwest,Basic,Mobile,0.0
1256,82.48738911276881,0.39022281420619764,39,344,96.91479739415671,2,2,2,Northeast,Standard,Tablet,0.0
59,29.014197242114093,0.6594561326159907,12,108,70.78141316503103,1,2,5,Mountain,Standard,Desktop,0.0
353,22.747539548551273,0.6381207058780037,4,20,84.84440888320816,1,2,3,West,Standard,Mobile,1.0
1584,55.08117540512366,0.8542381129414942,19,336,42.079506975076626,1,0,2,Mountain,Standard,Mobile,0.0
2363,54.31830435564851,0.8547439531099613,29,349,41.21460146186738,2,0,4,Mountain,Standard,Tablet,0.0
1157,64.47612085556692,,32,178,50.47369835100092,1,1,1,Midwest,Standard,Mobile,0.0
1163,80.60383307448383,0.4131775813079068,20,348,72.0999052128175,3,0,6,Midwest,Basic,Mobile,0.0
1705,63.26468197713642,0.562399114586567,16,337,67.0855109772427,2,0,4,Northeast,Basic,Mobile,0.0
2295,38.006120379664466,0.7299567226171404,26,141,73.3090397139418,1,0,1,Mountain,Basic,Desktop,1.0
1632,42.14118608302912,0.4473596345463944,17,387,,1,0,1,Mountain,Basic,Mobile,0.0
1065,40.805255576692076,1.0225368175638037,19,139,46.477537391035796,1,1,0,Midwest,Enterprise,Tablet,
719,58.791628864926615,0.7871272165529486,33,327,65.97722490135611,0,1,1,Mountain,Basic,,
1800,79.2196600663256,0.30842797430903124,24,317,57.777050263370185,1,0,3,Northeast,Standard,Mobile,0.0
2127,68.12465604892984,0.2762316818253796,30,276,52.5735810851718,3,0,2,South,Basic,Mobile,1.0
1422,33.92085029502074,1.0604811914819254,13,46,71.4278423521647,1,1,2,West,Standard,Desktop,0.0
1729,47.93543300027826,-0.051582096902561936,0,199,56.162586373242966,3,2,3,South,Standard,Desktop,0.0
1348,87.15487735500378,0.5870381594468135,36,396,132.15011600614292,1,1,1,Northeast,Standard,Desktop,0.0
409,62.82412783716431,0.5896414866605442,24,174,34.5651097390066,1,0,3,South,Standard,Mobile,1.0
832,47.039187850427076,0.9093314147796704,20,191,64.36059900478813,0,0,3,South,Pro,Mobile,0.0
2229,55.25004391212252,0.8020085798397321,12,185,49.923272092848656,1,1,1,Midwest,Standard,Desktop,1.0
240,50.77367689225162,0.5332050785747685,31,352,34.782726941178765,1,0,2,Mountain,Basic,Mobile,0.0
1081,60.48691214003942,0.4217714962664164,23,191,40.589710845077846,2,0,2,Mountain,Basic,Tablet,0.0
1544,44.205760718045,0.3098228965952025,4,234,46.25755605537286,3,1,2,Midwest,Basic,Desktop,1.0
2305,34.20389224627052,0.45290457762521547,15,236,,1,2,4,West,Basic,Mobile,0.0
1315,50.49421666966695,1.0923586114693835,32,214,63.998977839033905,1,1,1,Northeast,Pro,Desktop,1.0
1302,61.70785096975742,,25,132,59.88457843958103,1,1,2,Midwest,Standard,Mobile,1.0
1137,67.40080257697593,0.5152488759448851,23,363,7.001019841073969,2,0,2,South,Basic,Desktop,1.0
553,88.22057889962574,0.46954168914835615,30,229,124.12919951653738,1,0,3,Northeast,Basic,Desktop,0.0
73,64.09954182363573,0.9644821581509402,26,321,44.607305535069614,0,1,4,Midwest,Standard,Mobile,0.0
618,35.75456183187482,,12,245,59.67818574626187,2,2,3,Mountain,Basic,Mobile,1.0
10,82.54462161233246,0.03736841203736019,18,431,80.4590700130516,3,1,4,Northeast,Standard,Mobile,0.0
2837,41.40775165731637,,26,204,50.68546949346034,1,1,2,Midwest,Basic,Mobile,0.0
1600,55.106737334303986,0.5800447402043688,38,156,36.64144091094076,1,2,0,South,Standard,Mobile,1.0
635,60.24850281048276,0.7705401643863528,33,277,63.21320335218461,1,0,1,Midwest,Standard,Desktop,1.0
830,58.440163330322775,0.6013765530775046,6,287,44.36029010381471,2,1,4,Mountain,Basic,Mobile,1.0
393,65.00395583937733,0.7345746587333177,6,383,67.82393046928809,2,1,0,South,Enterprise,Desktop,0.0
1300,82.58085169766501,0.7273658597810436,30,564,115.435058085142,1,1,7,South,Pro,Desktop,
737,68.37103176930239,0.5402427770029764,15,272,72.60567156537583,1,1,2,Northeast,Standard,Desktop,0.0
2227,25.58060810194531,0.8573741535003384,4,55,55.62150790291758,2,1,4,West,Standard,Mobile,0.0
1779,43.17821765665169,0.7272145685545485,32,117,59.641418759236196,2,1,1,Midwest,Standard,Mobile,0.0
946,32.32981235693763,0.6298479179612071,10,175,47.88194390848638,2,2,3,West,Standard,Mobile,1.0
990,72.66724524164138,,6,407,72.34505313832302,1,1,1,Northeast,Basic,Desktop,0.0
2423,18.338219105311644,0.5626405040370472,5,206,73.89108531937735,1,2,3,West,Basic,Desktop,1.0
2480,51.79438221923275,0.8669286790376105,27,120,58.135665037657795,1,1,2,Midwest,Standard,Mobile,1.0
852,44.95389123802409,0.32064497069988795,21,170,39.70242191226691,3,1,1,Mountain,Basic,Mobile,0.0
1368,60.62450848193937,0.5849146214638554,10,158,47.361683146039816,0,1,5,Midwest,Pro,Desktop,1.0
624,30.500869021167958,0.6377942094917786,35,34,52.016098230242584,1,3,4,Mountain,Standard,Mobile,1.0
1735,84.63421008494554,0.21945836909369737,32,398,133.22617259223372,4,2,1,South,Basic,Mobile,1.0
2631,58.91107062466546,0.7833054492171242,15,217,47.468862792277726,1,0,1,Mountain,Standard,Desktop,
1792,74.10336464653845,-0.06224341620942975,13,318,107.68177972924275,2,1,1,South,Basic,Mobile,1.0
1919,73.83571609108981,0.26423860118874815,24,347,,2,2,1,South,Basic,Mobile,0.0
1082,61.63592338356142,1.0585980000763748,19,184,37.80455944251564,0,1,3,South,Pro,Desktop,0.0
1726,74.04802878530387,,32,318,76.24177402368586,2,1,1,Northeast,Pro,Desktop,0.0
1018,43.981982352728714,0.8547885935368065,23,107,55.20645419503536,2,1,1,West,Pro,Mobile,0.0
159,70.7257257153757,0.732079622049247,11,366,44.9551186978302,0,1,6,Mountain,Pro,Desktop,1.0
2284,59.27501235281276,0.25469422168613776,21,229,34.703184582232694,2,0,2,Midwest,Basic,Mobile,0.0
2012,36.992805732995535,0.4972368586071354,4,209,48.77922008243774,0,2,1,West,Pro,,0.0
2405,58.021462521170804,0.508756135298742,27,312,40.344130241394645,1,0,0,West,Basic,Mobile,1.0
911,77.85729066885682,0.14946925176077341,31,321,63.46071639534608,3,1,3,Midwest,Standard,Mobile,1.0
2509,59.77862847103246,0.7433555280984642,22,289,,1,1,1,Mountain,Standard,Desktop,0.0
2150,65.37702390981755,0.8230627731869222,43,275,57.98859903319216,3,2,2,South,Basic,Mobile,0.0
1965,49.49322049606262,0.25094357734671996,16,422,53.14439750844714,3,1,0,South,Standard,Desktop,0.0
2158,51.971895222941356,0.7626932980682362,21,158,,2,1,3,Midwest,Standard,Mobile,0.0
1693,43.65086734865707,0.47606697510530316,3,251,34.99000509980088,2,2,0,West,Basic,Mobile,0.0
151,66.50685225422016,0.6109396115908681,27,267,78.04866180624006,2,0,3,South,Enterprise,Tablet,1.0
1413,64.02659089793434,0.3753844582355805,2,197,44.143594751118606,1,1,1,Midwest,Pro,Mobile,1.0
1130,65.8755094795859,0.14107635364357135,22,233,54.90520198556109,3,1,0,Mountain,Standard,Desktop,0.0
789,50.34691613632813,0.5164804874278544,9,259,24.33862555160568,2,0,0,West,Basic,Mobile,
609,57.954677733362544,0.7987590537874313,23,209,37.011384347221906,2,0,2,Mountain,Standard,Desktop,0.0
279,56.66281644068771,0.09307519480547273,27,219,52.9843200473576,2,1,5,Midwest,Basic,Tablet,1.0
1367,76.1350057923352,0.649479768892744,27,371,70.05449432613773,1,0,2,Northeast,Standard,Desktop,1.0
2563,59.04884154901271,1.043732392832206,33,144,53.134181751103306,2,0,5,Mountain,Standard,Mobile,0.0
810,54.98259370621222,0.8956564097775551,22,107,42.552370390574595,2,0,1,Mountain,Enterprise,Desktop,1.0
2802,63.696759086853774,0.6806738183140026,32,237,72.15167461714879,1,2,2,South,Standard,Mobile,0.0
338,33.726607479398204,0.6194010823593227,10,216,68.14147347264367,1,1,2,Mountain,Basic,Desktop,0.0
1047,30.545317803658687,0.7334307541817991,4,125,,1,1,4,Mountain,Standard,Mobile,0.0
584,87.17428991444945,0.5100066518666495,34,341,95.60435624423708,2,0,2,South,Basic,Mobile,1.0
554,21.83046057050291,0.9502952562513742,21,207,81.47157950148593,1,1,1,West,Pro,Tablet,0.0
2408,76.78315439114203,0.2825755566332443,21,359,88.01279003979515,3,1,0,South,Standard,Tablet,0.0
2119,48.96838839219902,0.611822102776552,31,438,41.86702080879828,0,0,3,Mountain,Pro,Mobile,1.0
1215,76.32913971668667,0.6162962197948256,23,301,110.81711084720686,1,0,1,Northeast,Standard,Desktop,0.0
2144,62.76217803962382,0.2901680595757417,12,263,55.99342559920643,4,1,2,Mountain,Standard,Mobile,0.0
2055,56.4506829566894,0.5492407016650992,9,203,44.783194458464344,2,1,1,Midwest,Standard,Mobile,0.0
2903,26.719150239837862,0.6606345516063832,11,60,92.6620822276988,2,2,2,West,Basic,Desktop,0.0
1454,59.9930154669892,0.757004346146681,20,266,54.50703278872956,1,1,5,Mountain,Pro,Mobile,0.0
2685,20.299275578424623,0.8390993130569099,9,96,91.06610263205928,2,3,3,West,Basic,Mobile,0.0
2224,59.13983677546989,0.3645171485898713,32,287,57.76001902042775,1,0,3,Northeast,Pro,Mobile,1.0
431,45.23252061616087,0.568465516600149,25,216,,1,0,2,Mountain,Standard,Tablet,
989,78.68608382938228,0.2790397894522893,15,354,50.38001745588274,2,1,3,South,Standard,Desktop,1.0
401,43.122678236099134,0.7346099370613438,38,69,46.39339726291092,0,2,4,Midwest,Pro,Mobile,1.0
356,27.12155387614037,0.36548757107306107,13,82,72.65407740864387,1,2,3,Mountain,Standard,Mobile,1.0
1395,41.761073152197795,1.2526844710546938,40,66,,2,2,6,Midwest,Pro,Desktop,0.0
634,62.0017971939823,0.433348047987538,17,182,34.97344495768678,1,2,7,Mountain,Pro,Mobile,0.0
1703,32.95670773260212,0.9379141340703249,15,25,57.212732194213935,2,3,1,West,Standard,Mobile,1.0
512,51.312968867547156,0.8800476396389875,24,173,51.42711775798847,1,2,6,Mountain,Pro,Mobile,0.0
1833,39.40575489234741,0.3504342316075345,13,164,36.25676143583998,1,1,5,Northeast,Standard,Mobile,1.0
2890,82.53012882371486,0.4658349889502112,37,546,110.896668113162,0,1,3,Northeast,Enterprise,Desktop,0.0
1644,50.873550267056714,,13,25,48.373689660536186,1,2,3,Mountain,Standard,Mobile,1.0
2199,64.73438510331025,0.3065413574423494,20,263,50.9758202519739,2,1,2,Mountain,Basic,Mobile,
1885,70.09705851869275,0.19631671321691518,28,410,79.61049582932681,3,1,4,Midwest,Standard,Desktop,0.0
1036,63.16433404325743,0.5305914681276311,30,261,44.06117895916639,1,0,3,Midwest,Standard,Tablet,0.0
2622,44.17972222547567,0.5077263025784069,29,133,45.37616674770599,1,1,7,Mountain,Pro,Mobile,0.0
2647,67.41281787915361,0.8358670840654516,24,255,57.60275415966566,0,1,3,Midwest,Pro,Mobile,0.0
1814,56.66067912310711,0.9335082134525359,28,143,61.472973148619516,3,0,6,Midwest,Standard,Desktop,0.0
2676,76.88100134185123,0.2652500571203423,31,427,77.76572154733513,2,1,5,South,Standard,Mobile,0.0
1712,59.50176427958488,0.6541996843279034,19,100,51.9486988339799,1,1,1,Mountain,Standard,Tablet,
2888,60.37104304138214,0.08959475494529628,17,382,27.43930682596179,3,0,2,South,Basic,Mobile,0.0
1973,53.78466162961452,0.7268589046248972,21,247,61.32108912694792,2,0,3,Midwest,Standard,Mobile,0.0
1290,64.24200942268797,0.4792614300048618,13,398,51.30336386793882,2,0,0,Midwest,Basic,Desktop,1.0
2207,73.92092130122217,0.5803963466916835,33,288,82.63558637999935,1,1,1,South,Pro,Mobile,
1861,61.09597709569897,0.43668890516482106,23,192,24.870442145704672,1,1,0,West,Basic,Mobile,1.0
2243,74.2580203148902,0.6015523689890475,11,238,,2,2,4,South,Standard,Mobile,0.0
763,47.96691332553564,0.35094868136655155,21,290,53.65835682116622,2,1,6,South,Basic,Desktop,1.0
2431,52.84371616013652,,10,196,35.787287437986365,1,0,0,Midwest,Standard,Mobile,1.0
1121,71.29507532657043,0.6232552101309068,20,294,,0,0,0,South,Standard,Mobile,1.0
443,52.74895139460749,,21,168,43.37190526891582,2,1,4,Midwest,Pro,Mobile,0.0
2730,37.6104360224204,0.7302073452877988,17,264,38.606563570948694,1,2,3,Mountain,Basic,Mobile,1.0
1228,57.3948385779417,0.7024775051838312,18,169,38.33953643256435,2,0,6,Midwest,Basic,Tablet,0.0
2291,24.09588317876059,0.6854179718395157,7,105,71.6204370622015,3,2,5,Midwest,Basic,Mobile,0.0
1077,41.92897274124816,0.594773615289239,10,209,43.24369064128541,2,1,4,Mountain,Pro,Mobile,0.0
2977,93.60773576127957,0.7317195590946776,58,402,150.9361929144166,1,0,2,Northeast,Standard,Desktop,0.0
196,73.19422334784855,0.40639905524677006,42,444,,1,0,3,Northeast,Basic,Mobile,1.0
396,38.35295342989,0.7146877215156711,17,105,71.28174117894014,1,1,0,West,Pro,Desktop,1.0
1426,76.84396131997832,0.2903099319740613,45,518,71.58717278659081,1,0,3,Mountain,Basic,Desktop,1.0
1856,60.3503002830185,,14,222,63.74172570865423,2,0,3,Midwest,Basic,Desktop,0.0
1559,64.19865370552913,0.6989822814967384,20,358,56.08018763870186,0,0,1,Mountain,Standard,Mobile,0.0
2757,66.57856727794875,0.3644912406719612,16,357,30.408380253970343,0,1,3,Northeast,Basic,Desktop,1.0
1979,30.035108958150943,0.8184819092648634,22,125,,2,2,3,South,Basic,Tablet,0.0
2619,58.41562835811755,0.543905911472371,30,316,47.153249909212974,0,1,4,Midwest,Standard,Tablet,0.0
453,71.37485193968519,0.671502601901546,36,424,62.428136501924854,0,1,0,Mountain,Standard,Desktop,0.0
2383,39.11069104503168,0.903321101822406,15,301,53.16777425197072,1,2,0,Mountain,Basic,Tablet,0.0
1500,86.62143877827313,0.3262535320096322,31,370,123.79730768881974,2,0,2,Northeast,Standard,Mobile,1.0
833,49.670688201389936,0.5407679302055175,11,137,36.8241099413401,1,1,2,Midwest,Basic,Desktop,1.0
325,49.36969946278663,0.6359904110974743,18,245,34.990595456242275,2,0,4,South,Standard,Desktop,0.0
880,62.019994042314046,0.2817761476673186,30,319,,2,1,3,Midwest,Standard,Desktop,1.0
2493,43.683364050331235,0.8243933124670738,8,200,57.98972178767693,0,1,1,West,Pro,Desktop,1.0
1116,64.02532896386808,0.4437567076469328,28,327,56.783625979262105,3,1,3,Mountain,Standard,Mobile,1.0
1352,46.26160336578239,0.3991679418156252,30,308,33.762052988777086,1,1,0,Mountain,Standard,Desktop,0.0
1193,55.71031800661251,0.2669480048731892,9,386,63.727583098157126,2,1,1,Midwest,Standard,Mobile,0.0
2521,64.07305847865703,0.3358536642161034,18,258,40.24535241471203,2,1,2,Midwest,Standard,Tablet,0.0
637,61.46122966311434,0.1486834959486096,23,261,62.83846344370663,1,1,1,South,Standard,Desktop,0.0
1876,59.36251497128321,0.4416216188551239,15,264,55.684408552334354,1,1,2,Midwest,Basic,Desktop,1.0
2359,59.1839769153144,0.241715075541426,12,328,41.083571730045456,2,1,3,South,Basic,Desktop,0.0
376,70.40640768932313,0.6224252031488975,39,384,57.66355797430315,2,1,2,South,Basic,Mobile,1.0
2520,44.603209402323586,0.4876149746695293,19,100,,0,1,5,Midwest,Basic,,1.0
223,87.97519711743678,0.5782576342693243,30,260,74.04645619213453,1,1,0,Midwest,Basic,Mobile,1.0
798,44.56592495740912,0.9931361295351248,17,35,60.757742487649146,2,1,5,Midwest,Pro,Mobile,0.0
592,61.23411015206324,0.8349136499600446,24,320,69.2469487301308,1,0,4,Midwest,Pro,Mobile,0.0
2112,47.853861539056396,0.643655656229716,30,263,63.2426575689222,0,1,4,West,Pro,Desktop,1.0
1225,76.95831935307059,0.369697933503946,38,416,73.88038847459441,3,1,4,Northeast,Basic,Mobile,1.0
457,69.23301549262021,0.27536581746610816,28,397,94.31202900637531,2,2,1,South,Standard,Mobile,0.0
1060,53.9099196638214,0.2782705323104108,18,363,34.61262355934022,2,1,1,Midwest,Standard,Tablet,0.0
544,63.150067917151766,-0.03624960063430793,36,172,50.890962429397895,2,0,3,Midwest,Standard,Mobile,1.0
1340,42.04376525299315,0.79789418526924,20,20,63.81239659445216,0,1,0,West,Enterprise,Mobile,0.0
2881,65.61112276021163,0.5695534177805293,27,270,45.493294865723655,0,0,3,South,Standard,,1.0
1481,64.38603854027919,0.6975679717396486,34,244,70.76661010825508,1,1,1,Midwest,Standard,Mobile,0.0
1994,56.73740726754128,0.2928383043188841,43,471,,2,1,1,South,Basic,Mobile,1.0
2231,56.655427822368054,0.3906973753991586,22,220,21.965694770781667,2,0,2,Midwest,Basic,Mobile,1.0
190,29.188724501995498,0.783524500492059,1,45,68.98686912959795,0,2,2,West,Pro,Tablet,0.0
2920,58.32726708230819,0.6455645758003988,27,307,41.16328592162306,1,2,5,Midwest,Basic,Desktop,1.0
239,57.69941098621488,0.5085542969315401,30,433,35.98931747907008,3,1,4,Midwest,Standard,Mobile,0.0
2660,51.65129368571838,,23,113,51.838064687312176,3,0,2,Mountain,Pro,Desktop,1.0
1414,24.118619726833245,0.860686393961208,2,137,,2,2,2,West,Standard,Tablet,0.0
769,48.77892402072267,0.25976446368422773,27,297,,1,1,2,South,Standard,,0.0
596,68.93224198906337,0.3722181428723726,38,327,55.89686357315466,2,0,4,South,Basic,Mobile,0.0
2433,92.80865501312098,0.40394317664529894,37,363,147.38433570218066,1,0,5,Northeast,Pro,Desktop,1.0
1040,60.59274569000196,0.5389961670162802,33,230,37.34729190372813,1,2,2,Midwest,Standard,,0.0
2942,33.06429427660226,0.7131604125321656,20,130,66.29318537194217,1,1,1,West,Standard,Desktop,0.0
1815,56.28187766354539,1.1886990492356444,35,180,54.29099395310887,0,1,1,Mountain,Standard,Mobile,1.0
395,64.40615272870366,0.2730082843221818,10,266,24.51774275456667,1,2,0,Northeast,Basic,Desktop,0.0
390,54.502507629775316,0.627256977965883,31,451,,1,1,2,Mountain,Basic,Desktop,1.0
2768,83.82906042859824,,51,289,126.13152670705624,2,0,5,Northeast,Standard,Mobile,1.0
626,52.3310597774767,0.6515071217556399,44,258,23.29359557953166,1,0,4,Midwest,Standard,Mobile,
97,38.71234625069143,0.874862708645204,0,118,37.441594022244516,3,2,0,Mountain,Standard,Desktop,0.0
2071,60.49394189583317,0.6397409734924032,33,279,55.35237169709064,2,0,2,South,Standard,Desktop,0.0
759,78.09181814733668,0.5062806550341785,29,164,85.39408570633655,2,1,1,Northeast,Standard,Desktop,1.0
1099,82.37410853318758,0.8263111579343876,38,393,,0,0,4,Northeast,Basic,Tablet,0.0
805,43.04535520597548,0.3973823817933626,15,250,36.52749963580784,1,1,2,Mountain,Standard,Mobile,0.0
1364,51.05858742255518,0.8948302966830008,26,47,60.11499471348699,2,1,2,West,Pro,Mobile,0.0
1241,79.84950614577866,0.3417659142214121,41,458,93.6346570519903,3,0,2,South,Standard,Mobile,
1063,83.47222897668937,0.557056620330418,35,355,91.5393708622541,1,1,2,Midwest,Basic,Desktop,1.0
368,57.09299357876015,0.07817689339460795,23,225,42.638649073009425,2,1,2,South,Standard,Mobile,1.0
856,28.09611563345306,1.3853308545648777,15,205,71.61920341163689,1,0,3,Midwest,Pro,Mobile,0.0
2424,22.153932425591513,0.45932183288403217,0,112,,3,2,0,West,Standard,Mobile,0.0
1037,85.81847764819017,0.803189376311224,50,491,107.10405871977267,0,1,6,South,Standard,Desktop,0.0
1847,43.12345598207207,1.0160218158950907,20,231,64.42193710774093,0,1,1,Mountain,Standard,Tablet,0.0
2497,64.79809375305186,0.8573713523660531,36,395,59.57374923915036,1,1,3,Midwest,Basic,Desktop,0.0
1220,41.92368191297337,0.41263702526333274,0,78,14.542450132596983,1,1,3,Mountain,Pro,Mobile,0.0
2345,59.14932624050504,0.630529090666979,7,156,,0,1,0,Mountain,Basic,Mobile,1.0
2506,63.26282810000035,0.03501569945805269,30,293,49.50231859312454,2,0,2,South,Enterprise,Desktop,0.0
1327,63.87651063198117,0.9246652562875488,33,216,34.74720570460056,0,1,4,Midwest,Standard,Mobile,1.0
245,50.971939395622805,0.5180244838319294,25,232,68.88782276399783,1,0,1,Midwest,Standard,Tablet,1.0
1558,38.93358271891243,0.4357935214397812,14,161,60.29123754974826,2,0,1,Mountain,Basic,Tablet,0.0
2361,60.965436268866654,0.5947135022590798,34,77,59.7278642302465,1,0,2,South,Pro,Mobile,1.0
2541,89.31746202675444,0.5044798921434878,27,367,76.66519680332054,1,2,2,South,Standard,Mobile,1.0
2971,71.5781981483504,0.4406759950269361,31,302,40.45990454810703,1,1,1,Midwest,Standard,Mobile,1.0
1251,30.403102540321697,0.3446934326864974,13,45,87.15084396392248,0,2,2,West,Pro,Desktop,1.0
2859,30.147818923641736,0.6371764770890262,0,118,79.34515845174681,2,3,1,West,Standard,Mobile,0.0
2186,74.237199450334,0.6675758991568946,19,277,73.15927688364083,1,0,0,South,Standard,Mobile,1.0
2910,51.64465656377047,0.601767629015797,25,181,44.38673888602151,1,3,1,West,Enterprise,Mobile,1.0
403,60.09486287463119,0.1138637272391178,22,354,79.38552688466675,2,1,0,Midwest,Basic,Desktop,0.0
254,45.020895574548675,0.8268434983801864,17,225,54.09347345040665,0,2,0,Midwest,Standard,Mobile,0.0
2599,64.58251337875306,,17,266,31.7949935817508,2,0,2,Midwest,Standard,Mobile,0.0
344,33.46143400376227,,0,65,70.94579984912936,0,3,3,West,Pro,Mobile,1.0
1371,66.63088706220265,0.8103816097818056,35,287,,0,1,2,South,Standard,Desktop,0.0
2609,81.54385951039343,0.5411935500803139,46,339,115.24252300740757,1,1,0,Northeast,Basic,Tablet,1.0
1491,42.74624865287518,0.9220938255695101,27,20,59.451986468261886,1,1,1,South,Basic,Mobile,1.0
1345,49.5075317434084,,8,245,53.37693474330261,1,1,2,Midwest,Standard,Mobile,0.0
1610,53.360232297211844,0.7305740603612286,27,253,47.789827682133954,2,1,1,Midwest,Standard,Tablet,1.0
1075,68.4009059813779,0.7908906291334091,28,318,57.22139971087359,2,1,3,South,Enterprise,Mobile,1.0
1860,79.09500765384092,0.2300498926840702,33,351,73.77776969922199,1,0,2,South,Basic,Mobile,0.0
815,59.49841043103248,0.7665477202252347,45,289,45.84794660319311,3,1,2,Midwest,Standard,Desktop,0.0
2247,84.86772158664384,0.8260889537209998,44,407,105.39596928107831,2,1,1,Northeast,Pro,Mobile,0.0
1591,60.102826985339036,0.6066156952370347,22,234,67.20258779968391,0,2,3,Northeast,Pro,Mobile,0.0
2874,84.09708513911801,0.5479796416685843,25,372,138.29082859211422,1,1,2,South,Pro,Mobile,0.0
531,64.26367384142044,0.4381450484045579,14,289,49.23405277544046,1,0,4,Midwest,Pro,Mobile,0.0
109,48.81203043415668,0.436474668590514,7,20,33.014308273235734,2,1,0,South,Basic,Mobile,0.0
2273,74.37296481031905,0.6173611381428944,20,415,59.66188348340448,3,1,3,Northeast,Standard,Desktop,0.0
764,93.77597098868127,0.8818891059584457,41,471,147.61909605312374,0,2,2,Northeast,Basic,Mobile,0.0
2397,69.8284089817103,0.39218981662170066,38,409,96.94850057018668,2,1,3,Mountain,Basic,Desktop,0.0
521,57.26206607621561,0.6634349484607522,44,112,38.40593677953059,2,1,2,Midwest,Standard,Mobile,0.0
580,35.837188571956936,0.386622395620401,22,283,31.191393488363595,1,3,4,Mountain,Basic,Mobile,0.0
2982,66.82213579818435,0.5024644068375834,29,147,44.510072819326965,0,0,4,Mountain,Basic,Desktop,0.0
1209,71.61210017489178,0.46958692820239695,24,377,33.97790929489645,2,0,3,Northeast,Basic,Mobile,1.0
676,39.120358330629,0.5919895785688393,18,119,60.574502283782245,1,1,2,Mountain,Basic,Desktop,0.0
2495,70.37155989783588,0.3286381220969455,0,409,91.14696377324309,2,1,3,Midwest,Basic,Desktop,0.0
2577,85.95891220566183,,41,367,123.36171017428687,1,1,1,South,Standard,Mobile,0.0
1971,63.94172800875419,,28,358,,1,0,2,South,Basic,Mobile,0.0
772,57.1019300355257,0.647653844677799,16,251,55.30177551628873,1,1,3,Mountain,Standard,Desktop,1.0
2612,65.3246592718492,0.8384755708046584,37,208,56.30840784656295,0,1,3,South,Standard,Mobile,0.0
61,80.21287753912,0.31395556948546677,25,339,,2,2,2,South,Standard,Desktop,0.0
148,76.72215275812427,0.595899098195376,41,376,66.10495738715817,2,0,3,Northeast,Basic,Mobile,1.0
1432,92.41394872762274,0.27974565461158474,28,391,,2,0,0,Northeast,Basic,Mobile,1.0
1404,64.90392262434874,0.19518220119061236,17,341,51.531345307056625,1,1,1,Midwest,Standard,Desktop,0.0
208,51.53991182835711,0.7722707645941728,22,123,,0,0,1,Midwest,Basic,Desktop,0.0
1343,84.51818728714868,0.34565997894421413,28,400,132.5627646626791,1,2,1,Northeast,Standard,Mobile,1.0
316,52.2270138446362,0.8503620174208162,24,173,,1,1,2,Mountain,Standard,Mobile,1.0
1690,41.124636798757216,,10,29,65.31392755486041,0,1,3,Mountain,Standard,Mobile,0.0
108,22.342771199491764,0.795600409360213,21,20,70.80148411911067,1,1,3,West,Basic,Mobile,1.0
1904,64.05920276323747,0.49456723821432347,31,392,85.22326870312078,1,1,1,Northeast,Standard,Mobile,0.0
593,95.58302695460259,0.6187014755618633,51,397,102.22165663665871,2,1,0,South,Standard,Desktop,0.0
993,50.67816014218053,0.6548830635243602,17,297,39.91829063178275,1,0,2,Midwest,Standard,Mobile,0.0
2023,67.94702776020151,0.49567392031681234,15,463,68.81207979639107,2,1,2,Midwest,Standard,Mobile,1.0
99,43.46776841616579,0.6958530750489917,24,161,40.19555252574717,1,2,1,West,Pro,Desktop,1.0
307,43.716211612069756,1.189950831216977,0,168,68.5986373052844,1,1,3,Mountain,Standard,Desktop,0.0
1977,36.88374097830126,0.5759796158317058,13,115,70.12861380630638,1,2,1,West,Basic,Mobile,0.0
1750,32.9693946097462,0.9564539936111935,6,53,56.542055030536545,1,3,3,West,Standard,Mobile,
1078,59.274769312722675,0.7258585866679702,36,278,50.64217485417098,1,1,3,South,Basic,Desktop,0.0
1084,74.62649258046515,0.33431804372251783,24,455,,2,2,5,Northeast,Basic,Tablet,1.0
1722,78.18182964741887,0.4705010854829581,31,314,113.93714493829988,1,0,3,South,Standard,Mobile,0.0
1789,19.8188148102785,0.4952305292006824,14,38,91.17891030088906,1,2,1,West,Basic,Desktop,1.0
1107,66.14775119285365,0.7254648550929554,25,194,56.46727698338677,2,0,2,Midwest,Standard,Desktop,1.0
315,77.30762519221649,0.489964764394856,25,426,,2,0,1,Mountain,Basic,Mobile,0.0
1702,56.913238752672704,0.442505101993473,39,179,56.00196849456393,1,1,6,Midwest,Basic,Desktop,1.0
283,52.08124358554065,0.6900280677860341,24,305,43.763650872008185,2,2,3,South,Standard,Desktop,0.0
1713,87.58498868037559,0.430916258436085,26,481,113.84625730155737,2,1,2,Northeast,Basic,,1.0
2125,29.436952978596693,,11,143,54.73086810784655,1,1,3,Midwest,Standard,Desktop,0.0
2773,61.69415085463796,0.5468064594694382,37,321,45.24833464759729,1,0,2,Midwest,Standard,,0.0
643,31.433819976803136,0.4879356920233379,18,101,90.23032294301463,1,2,2,West,Standard,Desktop,1.0
2699,52.581789156423426,0.5421601667661711,31,385,82.3527170361401,1,1,3,Mountain,Basic,Mobile,
812,59.657338262339934,0.6720840822291121,23,275,48.38152909335846,2,0,4,Midwest,Standard,Mobile,
2980,47.93586113886727,0.5019740162489327,18,279,42.663920570789976,3,0,3,Midwest,Standard,,1.0
2365,64.90066158855707,0.8725950667775755,40,182,47.08861865802695,1,1,2,South,Pro,Mobile,0.0
2905,40.66203760996735,0.7407003369315882,14,48,55.204290596549434,0,2,2,South,Standard,Mobile,0.0
2422,55.07241495161001,0.4670091927627556,24,228,19.685472800997413,1,1,2,Mountain,Standard,Mobile,0.0
1064,55.023848698523324,0.2332994391994749,6,274,50.68184740646125,2,0,1,Mountain,Basic,Mobile,0.0
263,49.85382565371538,0.6584401339123853,14,114,56.39428768241568,1,1,1,Midwest,Pro,Desktop,1.0
342,53.233451023937356,0.37021496471508214,26,261,54.153500648254706,2,1,4,Mountain,Basic,Mobile,1.0
2864,50.22042932582036,0.42690440593708656,25,428,,2,1,2,Northeast,Basic,Desktop,0.0
1598,39.0444534294332,0.6864636453709341,23,20,,1,2,5,Mountain,Enterprise,Desktop,1.0
682,74.61712524886835,0.7281943568054653,57,381,124.13982396582055,2,2,2,South,Basic,Mobile,0.0
335,47.61829540134612,0.7061091194969605,15,147,51.31639448297165,1,0,3,South,Pro,Mobile,1.0
2117,46.744621952562746,0.46949205578248765,18,240,36.58467181035568,0,2,2,South,Basic,Mobile,1.0
1178,85.2672451603204,0.10582097531021764,39,477,119.12257677414723,1,0,1,Northeast,Basic,Desktop,0.0
440,56.03181077904082,0.26227668167108176,16,215,37.293925547422425,3,0,6,Northeast,Basic,Mobile,1.0
879,39.25019107166002,0.48945153353702747,24,258,42.31174338688484,0,3,1,West,Basic,Tablet,0.0
1028,87.70174307348063,0.2192394235377156,33,459,160.8455700496675,1,1,1,Northeast,Basic,Mobile,0.0
2407,52.653958872842885,0.36695031623934293,11,191,65.67075786710132,1,0,1,Midwest,Pro,Mobile,0.0
2126,82.65580350896217,0.8202615917129382,53,294,122.47853092249815,2,0,4,Northeast,Pro,Desktop,1.0
1997,47.76083362645106,0.7541066266392615,35,155,68.08167633937083,1,2,2,Midwest,Pro,Mobile,1.0
2326,62.05847815671554,0.4989726294678543,27,319,52.251952056831875,0,0,7,Midwest,Basic,Mobile,0.0
540,79.87100353390747,0.6274275581016702,29,222,,0,2,3,Midwest,Standard,Desktop,0.0
63,35.427516980752934,0.7181157978425536,15,132,41.54183054141149,2,2,1,Midwest,Basic,Mobile,1.0
452,59.6957282263813,0.25417760876237666,21,313,39.116828851230096,2,0,3,Midwest,Basic,Desktop,1.0
1850,22.988939987073532,0.34888506530378816,0,183,56.65889006941257,0,3,0,West,Basic,Desktop,0.0
975,54.08086803239107,0.6928803333371215,28,140,49.63663582347164,2,0,3,Mountain,Standard,Mobile,0.0
1781,52.18670807688271,0.4704560991065048,24,150,36.738348305563505,1,1,1,Mountain,Standard,Mobile,1.0
89,80.56373120577089,,26,408,130.5959988395414,3,1,4,Northeast,Pro,Tablet,1.0
311,67.0664675504457,0.6396671664773615,16,305,60.24427547386007,2,0,2,South,Basic,Mobile,0.0
2907,47.484610492703474,0.6092820867443282,30,155,42.39118634507116,2,2,2,South,Pro,Mobile,0.0
610,82.76660858897974,0.428209061045575,42,413,79.36389265881422,1,0,2,Midwest,Basic,Mobile,1.0
1855,66.05390084641986,0.5674633964579452,25,340,52.68139644544924,2,1,6,South,Basic,Desktop,1.0
625,51.02696381985007,0.41893604815672675,19,318,42.615743384853715,2,2,5,Midwest,Standard,Mobile,0.0
2030,104.69762806649769,0.389762372435386,42,337,110.5091494176328,2,0,3,South,Standard,Desktop,1.0
2927,56.29823281847597,0.5924980476239055,26,252,15.629305622385232,0,0,2,Mountain,Basic,Mobile,0.0
902,40.12292844085001,0.43022258339852126,23,156,,3,1,0,Mountain,Standard,Mobile,0.0
1392,92.42088506536145,0.5187569205475902,45,370,,1,2,1,Northeast,Standard,Mobile,1.0
955,41.491990763500404,0.6207918845882914,11,86,74.75549080317373,2,2,3,Mountain,Standard,Mobile,
2585,64.78423307554513,0.9639885510207742,34,211,78.9470914948252,2,1,1,South,Pro,Desktop,0.0
111,70.58668912587082,0.132510426080378,25,481,86.23685189359657,1,0,2,South,Basic,Tablet,0.0
2149,22.638046715679558,0.514294248718411,5,152,82.99419654275718,0,2,2,West,Pro,Desktop,1.0
2226,77.4941810962629,0.13515324741575369,36,308,106.8757698607163,2,1,2,Midwest,Basic,Mobile,1.0
2412,70.02790215426137,0.9419442619128453,36,259,80.2128411518101,0,0,1,South,Standard,Mobile,1.0
940,83.7630814640799,0.4626382452284858,39,422,125.50354055973877,0,1,4,Northeast,Pro,Desktop,1.0
1474,41.04368640395303,0.7613566911316826,18,44,28.033486288949767,1,1,2,West,Pro,Desktop,1.0
101,35.8563255398365,0.812186891084107,15,72,41.602334443572516,3,1,3,Mountain,Pro,Mobile,1.0
1675,70.2129639268462,0.5095155163290046,26,393,55.695639626489516,2,1,3,Mountain,Basic,Mobile,0.0
2814,69.91520276646183,0.13067907487464084,37,293,36.2275078954226,2,0,5,Midwest,Basic,Mobile,0.0
2749,74.87331733068618,0.3974610318039154,24,336,52.46819389116342,0,1,2,Northeast,Basic,Desktop,1.0
1165,37.69643419119957,0.500454555309529,17,170,48.72554407862409,3,2,4,Mountain,Pro,Desktop,0.0
2765,59.96589116666063,0.9742567915423752,26,129,30.563768311725212,1,1,3,Northeast,Pro,,0.0
828,89.759824521391,0.2678460847269539,42,431,142.3398985761515,1,1,7,South,Basic,Mobile,1.0
1991,83.51816010912512,,45,309,120.3099510550057,1,0,2,South,Standard,Desktop,0.0
974,53.16846149697683,,22,87,63.61451507912685,2,1,4,South,Pro,Mobile,1.0
2404,76.99481574553488,0.5400170969600284,20,242,68.39777465998253,2,0,1,Northeast,Basic,,0.0
1816,77.13678507702481,0.7359610026613573,37,194,83.23076012546649,2,0,1,South,Basic,,0.0
1766,89.48331195380571,,43,420,111.33122480631049,1,3,1,Mountain,Pro,,0.0
2527,67.65021302696357,0.5060368374010143,18,256,62.27412846178252,0,1,1,Midwest,Pro,Mobile,0.0
1141,47.30294557463029,0.8619785827074289,27,57,51.09462946504459,2,3,1,Midwest,Pro,Desktop,1.0
1192,75.87188872072986,0.2150722009430031,33,434,,2,1,1,Northeast,Basic,Tablet,1.0
1185,75.8831852634341,0.5112932678878407,25,244,80.5884102739873,2,1,2,South,Basic,Mobile,0.0
699,84.16947018716878,0.38483424778724845,33,395,97.9730988470572,2,1,2,South,Standard,Mobile,0.0
799,97.13100560496237,0.3581981024408588,34,416,101.70367902392442,1,1,1,Northeast,Standard,Desktop,1.0
869,49.38109009217044,0.4266164851448191,14,252,40.25126677594502,1,1,2,Mountain,Pro,Mobile,1.0
1823,62.5576713188087,0.6590516226375124,27,214,44.107809686620946,2,0,3,South,Standard,Desktop,0.0
1895,71.32048807875155,0.749480758677049,27,206,57.77173549390651,1,1,4,Mountain,Basic,,0.0
1812,58.653345212753806,,19,236,27.57413942626014,3,1,5,Mountain,Basic,Desktop,0.0
107,62.48357502348567,,30,275,70.68530181381426,1,0,2,Midwest,Standard,Desktop,
963,66.91027112941511,0.690567110556722,22,392,,0,0,4,Midwest,Standard,,0.0
449,55.23184608519614,0.5194500511889671,25,280,37.14366655520487,2,1,1,Midwest,Standard,Desktop,1.0
707,47.54498122574745,0.4101217249391544,14,205,28.423913389202994,1,1,1,Midwest,Basic,Mobile,1.0
613,72.75637258993545,0.1572904917585362,22,324,86.71909085504362,2,1,3,Northeast,Basic,Mobile,0.0
2228,31.016559228310776,0.6543183938166057,20,99,56.36574228350172,2,1,4,Midwest,Basic,Desktop,1.0
2179,36.09528390791313,0.5819826506295064,0,28,,1,3,1,West,Standard,Mobile,1.0
569,54.46905430662602,0.7875336572933309,48,200,73.34173976740948,1,2,2,West,Pro,Desktop,0.0
684,76.82779415563594,0.6780625083576604,18,298,69.80045554888531,0,0,2,Mountain,Basic,Desktop,
1900,54.222631342187114,0.6347892016975387,15,214,62.31559568123977,1,1,2,Midwest,Standard,Mobile,0.0
1359,70.9977486586939,0.3879984268604323,23,429,75.67949462511427,2,1,4,Northeast,Basic,,0.0
2277,81.30190627553559,0.5610081231229307,46,360,90.29424868504951,1,0,2,Northeast,Standard,Mobile,0.0
2876,81.39640774385177,,32,268,69.91557972043273,0,1,3,Northeast,Basic,Tablet,
2036,82.41538799671025,0.40216181954504976,51,351,109.314306094856,0,1,4,Northeast,Standard,Mobile,1.0
2274,72.76613443267901,0.4419855653568057,33,309,,0,1,4,Northeast,Basic,Mobile,1.0
1237,80.60552923139653,0.496175364154124,46,322,131.05364063233907,1,0,4,South,Pro,Mobile,1.0
2916,71.02099998695424,0.7719267740655533,13,273,63.04386097091861,2,1,1,South,Standard,Desktop,0.0
1573,56.69462325603855,0.3243655210247383,23,291,18.002109229593056,1,0,2,Mountain,Basic,Mobile,1.0
1357,22.36967248894144,0.6111595358135841,18,140,52.19953808370507,1,2,1,Mountain,Pro,Desktop,0.0
126,91.6206900895688,0.600726979948089,43,476,114.50519353623504,1,1,3,Northeast,Standard,Mobile,0.0
1421,72.2207500242933,0.3764515950402787,31,453,72.00047294081529,2,0,1,South,Standard,Mobile,0.0
1844,67.03526682894392,0.739725233817468,24,271,,1,1,2,South,Basic,Mobile,0.0
2590,84.5943560294309,0.569264740540677,27,357,126.3040840410728,0,1,0,Northeast,Standard,Tablet,1.0
2214,81.93634731008775,0.7948270674802239,42,318,,1,0,1,Northeast,Standard,Mobile,1.0
160,72.67543021145653,0.08140728987303562,29,292,63.98119169065279,3,1,1,Midwest,Basic,Desktop,1.0
1114,52.154162169238745,0.8278939056431023,29,204,47.64214918130742,1,1,9,Mountain,Pro,Tablet,1.0
2739,88.16825901073574,0.44999300071540516,38,341,,0,0,3,South,Standard,Desktop,0.0
1665,47.650367774310965,0.3926216630736714,11,125,43.982950969777576,1,1,4,Midwest,Pro,Desktop,0.0
918,53.50264550943656,,20,230,56.96498519479753,2,1,4,Midwest,Standard,Desktop,1.0
84,60.4714191256272,0.5428888616082136,21,308,30.028718326479424,2,1,2,Midwest,Standard,Mobile,1.0
1205,75.83848970104192,,39,195,81.70611516927377,1,0,1,Northeast,Standard,,1.0
666,70.70909857069238,0.5296940759938893,36,238,75.18406284816767,1,1,3,Midwest,Standard,Mobile,0.0
2201,76.16768582516639,0.9953893239064608,28,281,99.45216277966027,2,0,3,South,Standard,Mobile,1.0
2240,68.06116921426529,,37,330,101.27416240648101,2,0,4,Midwest,Standard,Desktop,0.0
1958,68.09620857093587,0.40145239470113103,22,396,,1,0,0,South,Basic,Desktop,0.0
1934,53.76260713590094,0.8248245633404805,26,138,50.919808591663426,2,0,3,Midwest,Pro,Desktop,1.0
410,68.45105226755817,0.8746104212231973,40,266,56.10604854254419,0,1,2,Midwest,Standard,Desktop,0.0
1324,78.51543181246468,,39,344,84.77698567889986,1,1,3,South,Basic,Desktop,0.0
47,36.20842064429909,0.5906901405928479,0,82,60.548784375200796,0,2,4,West,Basic,Mobile,0.0
1572,53.60986616898466,0.4063823061550539,32,399,,2,1,1,Midwest,Basic,Desktop,0.0
348,49.92099830872007,0.8111542477714916,12,175,57.69377979948094,2,1,3,Midwest,Standard,Mobile,0.0
1509,46.448392976244776,0.6650473832422312,22,265,43.57116104942493,2,1,1,South,Basic,,1.0
2379,47.54983506395438,1.0268021416045894,26,344,37.65078542584546,0,2,4,Midwest,Standard,Desktop,0.0
867,43.82323113429509,0.6402429339979233,6,187,51.948742645088196,0,0,2,Mountain,Pro,Mobile,1.0
301,28.897771223135376,0.7789396946078775,31,277,,1,2,2,Mountain,Pro,Mobile,1.0
2426,87.6026141256466,0.4407723344569122,26,325,117.8049402626807,2,1,2,Northeast,Basic,Tablet,0.0
426,64.18561678654734,0.6280658711094846,27,306,59.86118580153026,2,1,2,Midwest,Basic,Mobile,1.0
2707,59.40471843745444,0.15026027496380512,22,402,44.10305458707898,2,0,3,South,Basic,Desktop,1.0
2418,28.994228363076267,0.7758982818654695,10,121,49.90457212426042,1,1,3,West,Basic,Mobile,0.0
2427,67.7649343601733,0.5670483225834853,36,133,49.18609134606598,0,1,4,Midwest,Standard,Mobile,0.0
64,67.584051246473,0.9730614259238213,27,128,60.72552338511973,3,1,3,Midwest,Standard,Desktop,1.0
977,74.01592160814344,0.2736019656812891,30,321,76.01686862341978,2,1,2,Midwest,Standard,Desktop,
2871,42.00557543792956,0.6126519717958026,35,77,57.725655664285526,3,2,2,West,Basic,Desktop,0.0
2895,41.54700198935038,0.9635680996734222,12,278,76.78646627488757,2,2,4,Midwest,Standard,Mobile,0.0
2810,40.147464748119134,0.4760249969691918,20,227,39.47717630949818,1,1,3,Mountain,Basic,Mobile,1.0
2059,56.08296073668775,0.9387311890025871,36,254,50.948226231756685,3,1,3,Midwest,Basic,Mobile,
26,61.38312210907088,0.7461899711903024,41,161,57.52686396948817,1,0,5,South,Basic,Mobile,0.0
1832,80.34888247953488,0.46217080849671144,19,237,104.58439430675818,1,2,1,Midwest,Basic,Mobile,0.0
1571,41.63630563345143,1.0040307559414448,22,145,35.64093415191212,1,0,2,Mountain,Standard,Mobile,0.0
150,71.03389850288433,0.7407557537962004,25,286,68.50535849953395,2,0,1,South,Basic,Mobile,0.0
803,66.404922402541,0.3702841421518014,32,303,51.72037423015324,1,1,5,Mountain,Basic,Mobile,0.0
2419,45.80610026063678,0.6331869578147478,12,198,,2,1,1,Midwest,Standard,Mobile,1.0
1875,41.584781610206356,0.8896263751834348,23,114,53.42005382377879,1,1,1,Midwest,Pro,Mobile,
1593,85.08864352967905,0.687068235719656,47,390,,0,0,1,Midwest,Basic,Tablet,1.0
1778,62.743414920552766,0.35598080650380354,8,330,47.32324838127852,2,0,1,Midwest,Pro,Mobile,1.0
846,59.90056608970638,0.40001584041368254,18,400,54.417508279971536,2,1,0,South,Basic,Mobile,0.0
645,46.146362922855374,0.6447623983341727,13,249,60.465795770137234,0,0,5,Midwest,Pro,Mobile,1.0
163,83.19743658901815,0.6538271872533764,43,278,,2,1,1,Northeast,Basic,Mobile,0.0
2382,54.94482111861019,0.7646771832732342,2,147,50.1714521377866,1,1,0,South,Standard,Mobile,1.0
2292,90.25293469502027,0.4600176378294279,61,392,122.80390331593351,1,0,4,Northeast,Basic,Desktop,1.0
1716,85.27322493854922,,41,441,108.02567340940232,3,1,1,Northeast,Standard,Mobile,
464,64.95684002267451,0.675339744305486,26,337,61.95292506030181,3,0,3,Midwest,Standard,Mobile,0.0
333,50.79220885981608,0.9083844164531215,36,113,32.534143882487875,1,1,4,Mountain,Standard,Desktop,0.0
2333,79.60763778629271,0.3084103786465816,34,437,102.54103370217273,2,1,5,South,Basic,Mobile,0.0
2335,64.69403712382581,0.7449591121792686,22,281,51.22931275606926,0,0,3,Northeast,Basic,Mobile,1.0
2924,53.65677496132381,0.8434952653051226,12,199,47.66980769360465,1,1,1,West,Pro,Desktop,1.0
1739,71.77315483604706,0.30703367692408023,15,367,56.54252303715646,1,1,0,Midwest,Pro,Mobile,0.0
1270,41.6629026508172,0.8970471211083972,18,131,38.58792520820448,3,2,3,Mountain,Pro,Mobile,1.0
1655,34.338372037566266,1.005784698358691,16,236,58.21177452130149,2,1,2,West,Pro,Mobile,1.0
2517,58.62104071504769,,32,115,38.54852902400727,1,0,1,Mountain,Pro,Desktop,0.0
800,47.635413103593976,0.9905470548253328,10,231,,0,0,4,Midwest,Standard,Mobile,0.0
988,74.80827948087583,0.3483108731976041,38,360,51.49552199841066,1,0,1,South,Standard,Desktop,0.0
2254,68.43288528526014,0.27413183903359495,8,151,42.17803912921653,2,1,3,Midwest,Basic,Mobile,0.0
2063,66.40593956233265,0.913623035045511,33,381,83.02165567781107,2,1,1,Midwest,Standard,,1.0
1480,73.28521963972874,0.6604349823291006,41,414,,2,1,6,South,Standard,Desktop,1.0
2083,54.88627077063429,0.07357022095610494,18,346,45.93088043787492,1,1,2,Midwest,Basic,Desktop,0.0
2582,51.102000450526056,0.48645519444464524,14,145,53.53285681301249,2,0,2,West,Basic,Mobile,0.0
308,55.272870810714906,0.19696772991947212,30,423,42.2797877704942,2,1,3,Midwest,Basic,Mobile,1.0
892,15.975153216041967,0.8647494096951367,13,59,83.01654252506202,2,4,3,West,Basic,Desktop,0.0
1240,57.53882283341808,0.27363475025616835,21,316,48.73232000876479,1,1,3,Midwest,Standard,Mobile,0.0
261,58.76244326077933,0.7132620905869144,27,467,32.735569374692695,1,1,5,Midwest,Basic,,0.0
2993,68.57558697993616,0.3890406695758526,11,323,73.40858729181761,1,1,5,Midwest,Basic,Mobile,
2222,55.93624942028139,0.9485451764077282,31,128,37.193674408780055,2,0,2,West,Standard,Desktop,0.0
5,53.81347093811331,0.302649332172664,22,261,,1,1,4,Midwest,Basic,Mobile,0.0
2611,61.16803200644715,0.7186871158711937,33,292,50.30380043785565,2,2,6,Mountain,Pro,Desktop,1.0
364,85.49780993457219,0.2737825995922966,41,225,106.45410083433745,1,1,2,Northeast,Basic,Mobile,0.0
2991,61.06950422270786,0.39517439252527004,30,334,49.00829369413664,1,0,3,Midwest,Basic,Mobile,0.0
2709,62.278205186118825,0.16499660990928888,37,317,,1,2,1,Northeast,Standard,Desktop,0.0
1361,62.466712063523616,0.47037929520875754,19,190,53.30865986333632,0,1,2,South,Basic,Tablet,1.0
2340,31.73588704835308,0.7874913436707447,26,199,40.62120460024498,1,0,4,West,Pro,Mobile,1.0
2750,50.380095378406125,0.6944647579698677,19,185,55.32344428152231,1,1,4,Mountain,Pro,,0.0
795,70.22889694969521,0.827521773644396,45,182,51.310308468878425,2,0,4,South,Pro,Desktop,1.0
2310,45.484989337880116,0.5940417913056439,15,263,50.14674052214864,1,0,7,Mountain,Pro,Mobile,0.0
2684,80.7411340140064,0.6441200157966773,28,297,114.61946628504762,3,1,2,Northeast,Standard,Desktop,0.0
1626,75.72745379697234,0.4270104958160305,24,311,95.10640509339471,2,1,7,Northeast,Basic,Mobile,1.0
933,43.765606271487,0.5475678711858254,15,289,38.31032000253285,1,2,0,West,Standard,,0.0
1945,50.356320030780054,0.558344613998156,43,146,56.763237908627254,1,1,0,South,Standard,Desktop,1.0
1015,66.0532784659175,0.5568312564119554,24,219,53.18777663864169,1,0,1,Midwest,Standard,Desktop,1.0
104,60.38560864469797,0.2958861621267001,26,392,25.41316244212185,3,1,2,South,Basic,Mobile,0.0
1985,66.31227843482802,0.6686902089578284,29,321,64.74618781688801,1,0,2,Midwest,Standard,,0.0
1333,30.22142570626118,0.7954744145930238,9,20,64.60724830608027,2,0,4,Mountain,Standard,Desktop,0.0
2547,67.26986623563619,0.8350197916459381,18,216,43.21071930412099,1,0,1,Mountain,Basic,Mobile,0.0
1476,44.71229254622492,,14,206,,1,0,1,West,Standard,,0.0
251,26.788710583647685,0.38017311843723967,4,264,70.56546616100347,1,2,0,West,Standard,Mobile,0.0
2531,43.08523556297996,,38,194,33.662873554030504,2,1,0,Midwest,Pro,Desktop,1.0
110,80.24703478001695,0.5796285772105583,22,303,49.40444431142239,2,0,1,Midwest,Pro,Desktop,1.0
1204,43.59276114746091,0.9407703938124201,18,133,68.4739295150123,1,2,3,West,Standard,Desktop,
2664,61.36956683114123,0.5378021736819468,43,33,,1,0,3,Midwest,Basic,Tablet,1.0
177,51.90910300845067,0.7219213477524683,23,23,,2,1,1,Midwest,Standard,Desktop,0.0
1545,60.944896459051066,0.92944201185198,29,294,53.02755093534255,1,0,0,Midwest,Standard,Desktop,
1785,47.44034228855533,,24,56,59.90603343465301,1,0,1,South,Standard,Desktop,0.0
385,15.604472597638564,0.8044800330809834,0,233,92.86618476777156,0,2,2,West,Enterprise,Desktop,0.0
113,43.71386601516901,0.7178321408543974,4,303,50.668289266488145,0,2,3,Mountain,Pro,Mobile,1.0
2147,59.73073928787208,0.7665020998000178,22,296,52.21778623924113,2,1,5,Mountain,Basic,Mobile,1.0
2152,68.43975855290837,,28,287,50.01095369383573,3,0,2,Midwest,Basic,Mobile,0.0
2743,67.66088449373005,0.3925535783084354,38,357,71.80882232536746,3,1,1,Midwest,Basic,Mobile,0.0
1277,58.275085648726446,0.5890820549516835,49,296,75.81536542434955,1,1,3,Mountain,Pro,Desktop,0.0
2877,45.56173064264281,,34,219,43.942755770932344,2,1,1,South,Pro,Tablet,1.0
471,57.746490229547575,0.26673179492948645,13,295,41.20270897609691,4,0,2,South,Basic,Desktop,
735,100.73649209924747,0.5507549358528325,17,500,110.01156820970574,2,1,1,South,Standard,Desktop,0.0
2272,54.262200945511275,,6,342,48.64541940486973,1,1,4,Midwest,Basic,Mobile,0.0
2922,100.16975540701317,0.6614991246629048,34,320,139.12991921434315,2,0,4,South,Basic,Mobile,0.0
640,48.09719478410309,0.3464837363806386,8,195,22.17779746368986,0,0,3,Midwest,Pro,,1.0
1826,87.45566423140552,0.5873797864365622,35,397,95.6954940298744,3,1,3,Midwest,Basic,Mobile,1.0
2606,89.89608234378161,0.5811675836003243,36,396,167.91443202364417,1,2,3,Northeast,Standard,Mobile,1.0
966,49.90311865534308,0.5846535681997236,22,215,37.40672276655099,0,1,5,Mountain,Basic,Mobile,0.0
802,69.58305790562996,,40,326,99.07226422455096,1,3,4,South,Basic,Mobile,0.0
2473,59.504122512565424,0.2737801242663262,25,160,,2,1,3,Midwest,Basic,Mobile,0.0
2822,65.86248511439423,0.5686449265463345,29,171,53.749643672934354,0,0,3,Northeast,Standard,,0.0
1070,64.42520578112908,1.039631280913788,23,143,35.991384533646226,0,1,4,Midwest,Standard,Desktop,1.0
515,76.01480650826595,0.28014316545933265,23,256,86.46711970049813,1,0,3,Northeast,Basic,Desktop,1.0
523,44.904651066817394,0.7873788372491323,12,137,52.20493449915172,2,1,3,Midwest,Standard,Mobile,0.0
1019,50.38067783219904,1.029756241882335,29,230,52.68880734889112,1,1,0,West,Pro,Mobile,0.0
293,82.53482770484506,0.5937364526796108,33,439,108.27527424296845,0,1,0,Northeast,Pro,Mobile,0.0
659,49.58389024891778,0.4637675140315804,17,230,42.08515992298622,1,1,2,Mountain,Standard,,0.0
2909,40.53598041643075,0.6647408299990123,6,190,46.51401073592783,1,0,2,Midwest,Basic,Mobile,1.0
92,24.321430476048096,1.1344944025533057,18,278,48.6989238467671,2,1,2,West,Pro,Mobile,0.0
268,89.9867943795369,0.7151884819182218,37,307,126.92760394353724,0,1,2,South,Basic,Desktop,0.0
197,72.1324097220745,0.7105014138240149,28,187,46.59569974263074,1,0,2,South,Standard,Desktop,0.0
2304,37.64115914106801,0.7143713154159665,18,20,68.87450303969578,1,1,1,West,Basic,Mobile,1.0
2420,52.55905390670498,0.5160758877683704,5,180,25.12007870329079,2,1,1,Mountain,Basic,Desktop,1.0
2963,55.87546991362775,0.5025569439479711,23,248,32.40996558613507,1,1,3,Mountain,Standard,Mobile,0.0
1262,30.00149003578598,0.5970382121457101,20,144,,1,3,2,Mountain,Standard,Mobile,0.0
2646,76.87916089201559,0.5422298689432704,16,496,73.59067851459831,2,1,3,South,Basic,Desktop,1.0
16,63.15480572446909,0.8687326012324034,22,299,55.126592857661834,2,0,1,Midwest,Standard,Mobile,0.0
40,32.10233383678508,0.8164450330949066,14,118,82.08348795291622,1,1,3,West,Pro,Tablet,0.0
543,54.092254759638784,0.38831158015523165,4,262,61.11348214538607,3,0,4,Midwest,Standard,Desktop,0.0
231,65.67177998092433,0.2111290146001258,38,269,46.94063117229977,2,1,1,Midwest,Standard,Mobile,
962,79.51520242499834,0.6784691520297591,25,207,56.29977851636805,2,2,1,Northeast,Standard,Mobile,0.0
785,59.6944714541838,0.32597610543958533,33,267,40.421750132846384,3,0,4,Mountain,Basic,Mobile,0.0
420,38.16577225267666,0.9453454086836258,8,151,22.06799285956416,3,2,4,Mountain,Pro,Mobile,0.0
2868,32.71455198046614,,0,226,82.42805916570506,2,1,4,Mountain,Basic,Mobile,1.0
212,74.19846117172852,0.9079143874941857,36,202,98.51893329331403,1,2,4,Midwest,Pro,Mobile,0.0
265,47.58160969209661,,29,128,,1,1,3,West,Standard,Desktop,1.0
1069,66.03220715983508,0.5140667285468293,26,457,74.68075086727617,1,0,2,Midwest,Basic,Mobile,1.0
900,70.97345242333867,0.5487604080160096,18,309,70.28058559829321,3,1,2,Northeast,Standard,Desktop,1.0
837,34.33619476447898,0.20084586673860336,6,186,,2,2,6,West,Standard,Desktop,
1551,55.37934011479321,1.0855707328233228,17,72,50.74008656295725,0,0,3,Midwest,Basic,Mobile,0.0
2608,54.931330076313785,0.8108444845637091,29,167,37.1400344587012,0,0,3,Midwest,Standard,Mobile,0.0
1676,77.7842219258734,0.8657810488904063,37,422,122.84574116151613,2,1,2,Northeast,Pro,Mobile,0.0
2388,81.68846550621011,0.39439328043688127,40,362,99.04027955998697,2,0,1,Northeast,Basic,Mobile,1.0
2737,32.1926138228077,0.588076163856787,3,137,,2,3,1,Midwest,Basic,Mobile,1.0
2392,57.37466352390733,0.9764743945340723,18,189,52.6832652250698,2,3,2,Mountain,Standard,Mobile,1.0
297,35.30821057523019,0.7675657954172777,0,132,58.769494225712776,1,1,3,West,Pro,Desktop,1.0
2085,78.33111536734513,0.5882032149714115,32,323,,1,0,4,Northeast,Standard,Desktop,1.0
2249,72.20213039567507,0.2494517123683349,3,311,44.47163446931379,1,0,3,Midwest,Standard,Desktop,0.0
2552,97.89045741574523,0.6064406016452749,36,342,110.97467928201912,3,0,2,South,Enterprise,Mobile,1.0
630,50.70055032771361,0.39960237576230284,23,419,42.45315722292952,2,2,3,South,Pro,Desktop,0.0
1602,51.67362267263513,0.5725649365438867,24,222,50.82134389052597,2,1,0,Mountain,Basic,Mobile,0.0
2477,78.30020322925768,0.1756585596515243,18,445,,2,0,1,South,Basic,Tablet,1.0
2829,74.97102938946846,0.6197843813515967,43,290,90.90818830627694,3,1,2,Northeast,Basic,Mobile,0.0
2861,58.54754279287832,0.8157297360584844,41,267,55.073333099251094,1,1,1,South,Pro,Desktop,0.0
2786,85.64748939228988,0.1738001269005228,13,238,73.23265781424165,3,0,5,South,Standard,Desktop,
535,49.72196858097169,0.6135177449974366,6,20,69.41358201917159,1,2,4,Mountain,Basic,Mobile,1.0
77,42.65211011009344,0.577969104275937,21,37,80.88785626079121,2,2,1,West,Standard,Mobile,0.0
2507,83.89397397081156,0.44014786710667314,37,317,86.58282849887343,1,1,0,Northeast,Basic,Mobile,0.0
559,53.322067010195425,0.7687333060437217,11,246,34.10620217241107,2,1,3,Midwest,Basic,Desktop,0.0
2625,76.82968266382034,0.6188492868227902,26,359,62.18826692634188,0,0,4,Midwest,Basic,Mobile,0.0
1622,42.483638758917756,0.7224646331837364,24,115,56.56642624089598,2,1,2,Mountain,Standard,Mobile,1.0
1039,78.15725495149722,0.5714431266683305,23,300,62.30788877323172,1,1,2,Northeast,Basic,Mobile,0.0
2467,68.03295358158451,0.6550886460287925,33,149,50.62001849825148,0,1,3,South,Standard,Mobile,1.0
1088,69.79786267273518,0.4105590559095681,31,337,92.66634439115968,2,2,3,Northeast,Basic,Mobile,0.0
1253,50.98313264484658,0.26872047632906615,8,342,65.54445841922168,3,0,2,Midwest,Basic,Mobile,
1441,39.335517188259566,0.2971135010963566,33,200,31.998335211335892,1,1,2,West,Standard,Desktop,0.0
2032,53.617625904158686,0.8425629288597316,27,20,56.98874291347958,2,0,3,South,Pro,Mobile,0.0
1956,38.749398637896874,0.6171163287106123,25,239,60.29106006926422,0,1,2,West,Pro,Mobile,0.0
2255,32.955033809558756,0.8967092550498366,19,93,,1,0,3,Mountain,Standard,Mobile,1.0
2044,63.13077545999416,1.0289292111813797,29,293,,0,0,1,Midwest,Standard,Desktop,0.0
1942,46.490718623262055,0.3691658730663128,11,238,44.85999887075603,1,0,0,Northeast,Basic,,0.0
1633,41.49400766172023,0.5473738528489898,26,59,16.08418240955487,2,1,3,West,Standard,Mobile,0.0
1609,73.04524552997285,0.9621812032835556,20,429,,2,1,2,South,Basic,Desktop,1.0
1092,83.46424120373428,0.4359403859674751,43,295,82.56012694888955,2,2,1,Midwest,Pro,Desktop,0.0
2450,80.41520484370443,0.49976249734202394,22,478,,2,0,7,Northeast,Basic,Tablet,1.0
2851,61.163666664828796,0.5922631635142369,28,265,59.382810966570105,3,0,3,Midwest,Basic,Mobile,
2961,66.25054373061624,0.46428911013555174,38,185,,2,1,1,Midwest,Basic,Desktop,0.0
2101,33.20754010331832,0.633755379437539,7,104,41.137087764953904,3,1,2,Mountain,Standard,Desktop,0.0
835,34.876771833040046,1.0500637477721857,23,148,,1,1,0,Mountain,Standard,Mobile,0.0
2503,47.90678546492823,0.535398807089475,10,251,36.29827503963538,1,1,5,Midwest,Standard,Mobile,0.0
66,82.75884825130076,0.7195316156790734,54,312,94.86030230960728,2,0,2,Northeast,Standard,Mobile,
2429,83.7500344784411,0.4403212177590987,30,350,,2,1,1,Northeast,Basic,Mobile,0.0
2455,29.9357929043285,0.7821124040055405,8,132,61.14175217511042,0,2,2,West,Basic,Mobile,1.0
1299,52.70892502489464,0.1641409108594684,30,369,,0,0,5,Northeast,Basic,Mobile,0.0
878,82.06405493848291,0.6162412859566594,31,236,102.04139713333716,3,1,1,Northeast,Basic,Mobile,0.0
2056,34.794604136891216,0.7954887605990372,8,138,67.41919763944259,1,1,2,Mountain,Standard,Mobile,1.0
1563,62.99264148193754,0.9670064498468195,37,309,45.80880810974881,1,0,9,Midwest,Basic,Mobile,
617,88.54154380714635,0.37810528355669965,27,471,,0,0,2,Northeast,Basic,Desktop,0.0
1837,53.31490490788485,0.8013088686325347,33,70,52.733829606236476,0,1,2,Midwest,Basic,Desktop,0.0
2334,69.29494593287723,-0.047303238923210755,41,420,85.02245393274734,2,1,2,Northeast,Basic,Mobile,0.0
935,46.48775624087691,0.7251595340585172,13,20,60.94773424718613,1,1,3,Midwest,Basic,Desktop,1.0
776,85.36851960833442,0.34672571953948605,43,277,81.6766076208869,2,0,5,South,Standard,Mobile,0.0
2550,68.77348541148189,0.9512968153424922,35,177,67.61799335021735,1,2,1,Midwest,Standard,Mobile,
60,55.766885051001076,0.9714209817459302,45,313,49.208700341739956,0,1,3,Midwest,Standard,Mobile,0.0
1129,79.27956410601614,0.3424585122870358,4,400,50.64050260123288,1,0,3,Northeast,Basic,Mobile,0.0
2986,58.43172748439405,0.20894251764409355,11,213,32.69553356871542,2,1,2,West,Standard,Tablet,0.0
2263,72.90559045751452,0.07931752925265118,32,292,,3,1,1,South,Basic,Desktop,0.0
2988,65.44786608672835,0.5757661369624406,33,432,47.88848960573451,1,0,2,South,Basic,Mobile,
330,71.68453733616282,0.8151906049778116,31,290,61.37822175869398,1,1,4,South,Basic,Mobile,0.0
425,61.70406016747845,0.8284220771931846,27,142,73.06190009157255,3,2,1,Midwest,Enterprise,Mobile,0.0
2370,62.93742226884807,0.4250286246230121,12,356,,1,1,4,Midwest,Basic,Desktop,0.0
2462,22.75178187746765,0.6295227872388579,8,76,75.52414887529206,0,3,0,West,Basic,Tablet,0.0
1920,52.60914464242228,0.6940074773056648,28,294,48.575070831435994,2,1,1,Mountain,Standard,Desktop,1.0
2657,75.11675138753073,0.6300634634363153,28,393,124.94942431815917,1,1,1,South,Basic,Mobile,0.0
153,74.58637520767344,0.5106737857977727,15,260,44.17867066905384,3,2,2,Midwest,Pro,Mobile,0.0
2523,43.60767600007056,0.4635960351691802,5,116,57.523701582290585,1,2,2,Mountain,Standard,Mobile,1.0
1296,38.50530617033784,0.8959911163572514,5,240,59.88818267432663,0,1,3,West,Pro,Tablet,1.0
847,45.7526603497756,1.217566293106978,24,101,33.05292116051589,2,2,2,Mountain,Standard,Tablet,1.0
2000,89.72286454863958,0.6117449392472706,24,404,128.67026456543374,1,1,0,South,Pro,Mobile,0.0
2352,50.60264353584065,0.6520130631559051,29,209,12.68261095556322,2,0,1,Midwest,Basic,Mobile,1.0
2002,62.74955696151764,0.4305692135473943,36,227,57.18768497293417,1,2,3,Midwest,Standard,Mobile,0.0
32,80.0774533334912,0.31121325771008734,41,368,110.8597437301444,0,0,3,South,Basic,Mobile,0.0
2593,93.94177152734156,0.8554312535039041,52,450,176.7709581036157,0,0,0,Northeast,Standard,Mobile,0.0
2315,68.14512469072403,0.3459241577211112,33,419,72.69099254655315,1,1,3,South,Standard,Desktop,0.0
552,61.721083574172724,0.8964333580869107,29,310,37.92087497983997,1,1,0,South,Pro,,0.0
2948,78.97972716699016,0.16893345377890628,33,265,76.82090814107643,2,1,4,South,Basic,Desktop,0.0
2913,62.45866787209226,0.4602621362418001,18,259,45.09406699635442,1,0,1,South,Basic,Desktop,0.0
2009,80.64257787749696,0.6970747309819427,47,311,137.52659646247002,2,0,3,South,Basic,Desktop,0.0
256,30.219744588930872,0.7068365268931402,19,134,48.86573812784337,2,2,3,Mountain,Basic,Mobile,
321,73.30265194146192,,26,342,65.10834712388596,1,1,2,Midwest,Basic,Mobile,
257,83.56365316898098,0.4458652201957809,41,484,117.81025923127046,1,0,3,South,Standard,Desktop,0.0
2708,55.948384066622246,0.9284591880461739,22,241,48.219686049873985,2,1,4,Midwest,Standard,Tablet,1.0
639,48.45520498881925,1.1538899505217575,20,257,49.07494297589987,2,0,2,Mountain,Basic,,0.0
557,46.77016088350228,0.5345504818996196,7,131,43.82220677946205,2,0,3,Mountain,Pro,Mobile,1.0
1264,64.57552424186152,0.5836563049150605,32,457,59.00044158438678,0,0,1,Northeast,Basic,Mobile,1.0
706,56.051558184031144,1.0220434117655712,42,323,45.67419980900327,1,1,3,Midwest,Pro,Mobile,0.0
2439,53.49258715442604,0.3617164123149771,21,238,39.851964094702815,2,1,4,Mountain,Basic,,0.0
578,82.82695634128271,0.32951351403552825,29,391,,1,0,4,Midwest,Standard,Mobile,1.0
1599,55.824433327569835,0.610077242316142,24,180,46.7504046894009,1,1,0,Midwest,Basic,Desktop,1.0
1493,58.36549612358506,0.7538851562801533,26,141,62.860658215190355,3,1,1,Midwest,Pro,Mobile,1.0
1921,73.2072281465556,0.4302178042861074,19,309,64.67554976927316,2,1,5,South,Standard,Mobile,0.0
2614,69.50516517494356,,43,439,126.13543425410342,2,0,2,South,Standard,Mobile,0.0
1279,47.29310463698176,0.7816931809871973,29,243,,2,1,2,Mountain,Basic,Mobile,0.0
2508,52.36263674392906,0.889215408200896,26,65,44.50218665893608,0,1,4,West,Pro,Mobile,0.0
57,64.99670215898121,0.6799370070076715,24,301,44.91276174133341,1,0,1,Midwest,Basic,Mobile,1.0
2949,51.798265437857424,0.3765708858017914,13,343,29.175999519469148,2,0,4,Midwest,Pro,Mobile,1.0
2598,60.08918914584575,0.570544797669446,25,274,26.595720340348457,1,0,7,South,Basic,Mobile,1.0
2341,47.46710910033075,0.7421041238602095,12,164,58.58094424794745,1,0,5,Mountain,Pro,Tablet,1.0
1863,62.09095138119417,0.12034221569202375,40,425,52.5387616076128,1,1,4,Midwest,Basic,Mobile,0.0
1824,59.765015717952394,0.46174560541094123,30,305,50.710797864579675,1,1,0,Midwest,Basic,Mobile,1.0
958,48.00725944616275,0.9019961883502359,24,126,47.18736025832222,2,0,2,Northeast,Basic,Mobile,1.0
501,63.051506057060195,0.33876205604334986,16,347,43.862724216121826,0,0,3,Northeast,Basic,Mobile,0.0
1723,69.20147566437454,0.35931975574856434,29,355,58.30037837857341,2,2,0,South,Pro,Mobile,1.0
294,56.03591274326044,1.2324164555583907,37,356,65.86558211597375,2,0,2,Northeast,Pro,Desktop,0.0
2793,74.03319445918058,0.5162321411091674,13,203,63.81792721385312,2,1,2,Northeast,Basic,Mobile,1.0
508,60.41709423529832,0.38901142795089866,15,190,40.430358678663985,2,1,1,Northeast,Basic,Mobile,
1461,56.689302513906576,0.832642213859904,24,227,34.88932415283978,1,1,3,Mountain,Standard,Tablet,0.0
2205,64.86623960261579,0.2533866990590034,11,394,37.85366350049661,1,0,1,Midwest,Basic,Mobile,0.0
1109,72.46109625037845,0.6798762661690492,40,375,85.12608496395663,2,1,3,South,Enterprise,Desktop,1.0
514,42.569734527120474,0.9477866872436047,15,158,55.9564717526296,1,2,1,Midwest,Standard,Tablet,1.0
274,67.94523374328662,0.4872962006907521,26,249,35.12524440898801,2,2,3,South,Basic,Tablet,0.0
2438,66.90824682801721,0.9107289505056015,22,386,60.740747099977995,0,1,2,South,Standard,Mobile,0.0
384,86.1101118149873,0.5603082726148166,37,550,142.9187568437073,2,2,4,Northeast,Basic,Desktop,0.0
1291,56.381356280248866,0.3813683028876219,25,303,59.2215335033137,2,0,1,South,Basic,Tablet,1.0
1846,53.124056192965746,0.3791624609654466,10,276,,1,2,1,Midwest,Basic,Mobile,0.0
2327,70.84106639840762,-0.17397955013648164,17,232,50.52771367597542,2,0,1,Mountain,Basic,Desktop,
2718,30.735713405458284,0.6979170288100582,0,91,44.56529836651067,1,2,4,West,Enterprise,Mobile,0.0
397,60.214747580974965,0.9385845999608429,28,299,50.74770213467481,3,1,1,Midwest,Standard,Mobile,1.0
2935,70.51863409501289,0.22587267971314162,12,460,51.20271651253172,2,1,0,Mountain,Standard,Desktop,1.0
1263,38.69811480736157,1.1248644060073558,12,198,61.92059934840708,2,1,2,Mountain,Pro,Mobile,0.0
2170,58.95685116164155,0.5401311598221987,23,158,51.755041621198,2,1,1,Midwest,Standard,Mobile,0.0
2466,68.04400492803845,0.36603032911010613,31,217,66.34084964656742,3,0,4,Northeast,Standard,Mobile,0.0
1331,43.789005382870556,0.875060725929881,12,140,47.084412653709926,1,1,2,West,Enterprise,Tablet,0.0
1002,54.57632096369004,0.4159748415837633,24,200,,1,1,3,Mountain,Basic,Mobile,0.0
1782,32.97247344268927,0.977720381954108,23,107,63.96962057482362,0,1,6,Mountain,Basic,Tablet,0.0
366,53.35579167850753,0.23685286298470015,13,341,60.238689830227884,1,1,5,Midwest,Standard,Mobile,1.0
2972,65.44294955430856,0.6479606656034977,19,279,52.15022750617116,1,0,3,Northeast,Pro,Desktop,0.0
2264,83.99570243337251,0.4745837208455434,40,383,105.31659277009386,2,2,1,Northeast,Standard,Mobile,0.0
1223,27.387161890630306,0.7264144362685205,13,135,64.69038049134828,1,2,7,West,Basic,Desktop,1.0
2566,51.92600181708899,0.6716318396428662,15,110,39.911257020369206,2,2,0,West,Basic,Desktop,0.0
194,42.37394703577874,0.7694105760844664,20,170,,3,0,6,Mountain,Pro,Mobile,0.0
421,53.001811469734214,0.3908818088901689,10,119,24.446236758320328,0,0,1,Mountain,Standard,Desktop,1.0
801,70.66433093438721,0.6682286914727287,46,266,93.02904123162102,1,1,5,Northeast,Pro,Desktop,0.0
2086,74.2184250801914,,42,312,96.74310466079606,1,0,2,South,Basic,Desktop,1.0
1282,71.9927505727652,0.7690869421599141,19,228,47.960547462886694,1,0,3,Mountain,Basic,Mobile,0.0
2108,74.54681763484166,0.49941277582778,51,259,63.605412562059016,0,0,3,South,Basic,Mobile,0.0
1227,35.827120292825164,0.7344060025448488,20,146,59.872243925559495,1,2,2,Mountain,Standard,Mobile,0.0
652,45.47446328505227,0.7103462743724666,18,243,29.52173731734876,2,1,3,South,Basic,Tablet,0.0
784,77.64577654724322,0.34117138495483235,40,454,121.67066469853921,2,1,0,Northeast,Standard,Desktop,0.0
2346,61.64604181918453,0.6793418173899965,30,289,33.042572462338995,2,0,4,Midwest,Basic,Tablet,0.0
787,73.0148001227835,0.6068774609201426,29,346,60.10281637527828,3,1,2,Northeast,Basic,Mobile,0.0
1575,57.1690413713441,0.2875971209999225,17,373,68.68422741508036,0,2,4,Midwest,Standard,Mobile,0.0
2368,51.93209942322622,0.659771343307879,23,287,63.0737418367227,2,1,1,Midwest,Standard,Mobile,0.0
2504,92.72350635366513,0.8067307793134934,44,358,140.5616756685609,1,0,1,South,Basic,Mobile,1.0
2964,78.52246626374074,0.10803946607554185,26,475,127.89348291632747,3,1,3,South,Basic,Mobile,1.0
632,65.26656314497144,0.2010532240608215,23,406,54.73253094201203,2,1,2,Northeast,Basic,Desktop,1.0
2221,85.13321793949417,0.43032067540110347,28,370,116.38779085469218,0,1,4,Northeast,Basic,Desktop,1.0
615,53.098511964928065,0.5320727814442611,18,240,49.57035556017533,2,0,5,Northeast,Pro,Desktop,1.0
1697,60.77432534581558,0.27647532189327295,20,351,51.63847119460222,2,0,3,South,Basic,Mobile,0.0
627,74.90127652714092,0.3412826114464052,39,314,,2,0,4,Northeast,Basic,Mobile,
844,51.32386574418854,0.43855205487751764,4,104,56.509817825040834,0,1,1,West,Pro,Desktop,0.0
2538,77.94372413230505,0.48160657206003893,33,448,120.83542218453779,1,0,0,Northeast,Basic,Desktop,0.0
225,28.83749435037211,0.90091668577136,13,115,72.42538562893397,0,2,3,West,Basic,Tablet,0.0
1023,66.1996282451907,0.5898402173064469,33,254,37.90519083911684,1,0,2,South,Standard,Mobile,1.0
2819,52.2498666662973,0.7497992008982511,19,214,,3,1,2,Midwest,Basic,Mobile,0.0
898,82.02488992356555,0.6389648534221756,34,300,96.25212958060528,0,0,4,South,Basic,Desktop,1.0
2616,27.242329544333558,0.875781703653053,0,20,29.98018304688385,0,1,1,Midwest,Standard,Desktop,1.0
2248,73.98268647348765,0.9926175479753148,46,328,95.93694212730819,2,1,4,Midwest,Standard,Mobile,0.0
2344,47.525462550823306,0.6629522723683416,37,209,45.19224244352009,1,0,0,West,Standard,Mobile,1.0
30,90.34939682903548,0.7436172326937263,33,319,86.01258989866452,1,0,1,Northeast,Standard,Mobile,0.0
1443,65.7579169108739,0.7026370474059636,36,404,49.09044008463303,2,0,3,Northeast,Standard,Tablet,0.0
1134,19.898582134923096,,17,94,92.83317763599977,1,2,3,Mountain,Standard,Mobile,1.0
518,35.00751113657634,0.7759444364886086,32,67,55.47226296976557,0,1,4,Mountain,Basic,Mobile,0.0
2623,56.4876087022318,0.211753738932074,18,356,35.65307016758023,0,0,3,Mountain,Basic,,1.0
2589,80.67292627787666,0.08322757542069403,20,421,74.9493475164812,3,1,4,Northeast,Basic,Mobile,1.0
2649,71.0957222385159,0.45404046603541637,31,401,70.56586892882828,1,1,2,Northeast,Basic,Mobile,0.0
2955,38.194908927059096,0.5268161944463206,28,57,51.63040974288357,0,2,2,West,Pro,Desktop,0.0
581,28.90054542637572,0.4252516242571975,11,197,37.379891704875185,2,2,2,Mountain,Basic,Desktop,0.0
648,87.18389226476842,0.6054331237786876,49,364,101.27782992732557,3,0,2,Midwest,Standard,Desktop,1.0
408,54.0701392956469,0.4448391661213443,10,303,50.6987500449918,0,0,3,Mountain,Standard,Mobile,1.0
1936,81.49466856294656,0.8074507987691226,25,427,109.96439357444805,0,1,1,South,Standard,Mobile,0.0
907,55.10788548895677,0.08103508242147137,42,284,47.91773882545314,4,0,5,South,Basic,Tablet,1.0
2824,33.107625328755354,0.5256209696623175,12,122,39.801120943645955,2,3,5,Mountain,Standard,Mobile,1.0
2452,67.37569774989798,0.18337486812668335,17,176,54.283707712596694,1,1,7,Mountain,Basic,Desktop,0.0
2524,58.93495283874995,0.8054327413678225,21,307,60.601877325872124,1,0,4,Midwest,Standard,Mobile,0.0
222,60.19313854055028,0.36950348862815924,13,222,43.53852728327566,2,2,8,South,Pro,Desktop,0.0
734,53.46373894145583,0.5318122428458517,32,239,52.590316167669435,3,2,2,Mountain,Pro,Desktop,0.0
1683,30.25970203119264,0.7321209296786687,0,210,61.5729214017322,1,1,2,West,Basic,Desktop,0.0
1271,41.40570682561827,0.9618379705064715,27,226,54.639392886787725,2,1,5,Mountain,Pro,Desktop,0.0
825,60.78969235141762,0.4936295005033898,16,76,42.954921933036964,1,1,0,Midwest,Basic,Mobile,0.0
377,57.33640165073653,0.6397029456495298,33,281,58.98470917252217,1,1,3,Midwest,Pro,Tablet,1.0
773,27.17751009538748,0.9237119831771075,10,28,80.35871325074582,2,2,2,West,Pro,Mobile,1.0
1698,57.231141522772084,0.7147115883735407,33,399,86.29507363166918,1,1,4,South,Standard,Mobile,0.0
2898,42.08675215637976,0.3059710109758663,19,229,,1,1,1,Mountain,Standard,Mobile,0.0
1842,58.12065887200207,0.7081177092241252,26,173,51.49468834941832,1,0,0,South,Basic,Tablet,0.0
2146,70.6954863414537,0.6992287037010537,41,249,88.10570952496687,1,1,4,South,Basic,Mobile,1.0
1405,75.18491392682242,0.8484380973213723,33,445,107.48129210325507,1,1,2,South,Basic,Desktop,0.0
1531,59.253786878250594,0.49445611762318153,39,270,47.98645005705691,2,1,2,South,Standard,Mobile,0.0
766,53.38747105703495,0.7551470444246108,17,300,,2,1,2,Midwest,Standard,Mobile,0.0
513,61.881335676740285,0.960269236963282,19,220,50.6878674122903,1,0,4,Midwest,Pro,Mobile,0.0
2276,59.700822873230244,,21,275,41.288910093788424,3,1,3,Mountain,Basic,,0.0
2309,58.42226847274885,0.5773077118715557,12,89,,1,0,0,Midwest,Basic,Mobile,1.0
1358,40.95684536297685,0.17498095110685663,23,281,34.0470414107959,1,0,0,Mountain,Pro,Desktop,1.0
2562,71.50258388268487,0.42288192929193474,31,400,,0,0,2,Midwest,Basic,Mobile,0.0
1727,66.39876590744721,0.14777044838287656,36,389,51.90430023312814,3,0,2,Midwest,Basic,Mobile,1.0
1732,75.71007490649417,0.4685804230630008,32,301,75.68920659857493,1,2,4,South,Standard,Mobile,0.0
2745,95.63495666880078,,50,509,164.80531378277547,2,1,1,Northeast,Standard,Desktop,1.0
1179,27.009305957990748,0.9110189924562948,20,84,56.212198549709385,2,2,3,Mountain,Pro,Desktop,1.0
1830,70.48593710173193,0.22761230274939623,14,358,51.13168645672247,2,1,3,Midwest,Basic,Desktop,0.0
1711,53.77802268797021,0.7978595849955975,39,237,40.9765054864085,1,0,1,Mountain,Standard,Mobile,1.0
1783,65.48679867258593,0.25692241347961203,13,340,,2,1,1,Midwest,Basic,Desktop,0.0
739,44.528859553430166,0.838306065488564,17,163,44.99016653292536,0,0,6,Midwest,Standard,Mobile,1.0
1278,37.448095120358346,0.6357682808589367,37,190,50.4561363225399,2,1,4,Mountain,Basic,Mobile,0.0
1964,73.12700682570488,0.4945903465525748,30,301,44.862321122844484,2,1,1,Midwest,Standard,Desktop,0.0
502,71.42319789438015,0.5701700017592692,37,386,63.96508870077261,2,1,5,Midwest,Basic,Mobile,
2076,60.32063652739673,0.4619948751670962,28,214,45.555801836013764,1,1,3,South,Basic,Desktop,0.0
793,35.949894455586545,0.3802160854635477,28,266,60.41432308150335,1,2,3,West,Standard,Tablet,0.0
1061,25.84161451354082,0.3007438913147187,0,213,59.7672616540555,1,2,2,West,Basic,Desktop,0.0
875,58.22786777035876,0.007368613678229996,14,384,53.99391332517942,1,1,4,Midwest,Basic,Mobile,
2648,59.27226926546599,0.561652095846902,2,238,33.74310773135718,2,1,6,Mountain,Basic,Mobile,1.0
914,40.24840984919645,0.6405455972254951,13,199,31.101344283879918,1,0,3,West,Standard,Tablet,0.0
1519,84.88504723736251,0.6427432864750853,60,453,,2,0,0,Northeast,Standard,Desktop,
332,43.8871741193024,0.7503514178596313,4,221,31.713385677858916,1,1,2,West,Pro,Desktop,0.0
2652,53.3900505252984,0.8835156114707816,27,374,57.269911286742605,2,1,1,Midwest,Pro,Mobile,0.0
2166,69.42015234720077,0.04787323396967599,30,210,84.69877468973401,2,0,4,Midwest,Basic,Mobile,1.0
1580,71.17417694019136,0.05667162979966617,24,394,,1,0,2,South,Standard,Mobile,0.0
1695,39.89308705729963,0.5947653918598137,11,180,40.65806856518946,1,2,1,Mountain,Standard,Mobile,1.0
2798,76.24546826773368,0.5612394004731724,48,318,64.50753218040377,1,1,2,Midwest,Basic,Mobile,0.0
2514,32.03162740013866,0.3300682956728848,6,41,,2,3,2,West,Basic,Desktop,1.0
412,68.27252703148463,0.35530461166330757,26,276,46.973830867281805,1,1,2,Mountain,Basic,Desktop,0.0
2944,56.34724520797082,0.9799163658712321,46,20,62.37320265328379,0,1,1,South,Standard,Mobile,1.0
217,73.55184368720774,0.5693022401579346,38,284,100.72147288453664,1,1,2,Northeast,Basic,Mobile,0.0
2476,76.20696982325558,0.3325718778447838,21,294,39.63677846123027,3,0,3,South,Standard,Mobile,1.0
2783,53.03404331556064,0.9297735021985565,25,207,27.311013041944207,0,1,0,Northeast,Basic,Tablet,1.0
1139,73.9511121477228,0.6984553418429688,8,322,,1,0,2,Northeast,Basic,Desktop,0.0
2734,68.40458787060395,0.2518823692833895,36,284,62.40529615117356,2,1,5,South,Basic,Tablet,0.0
2004,75.44384370355925,0.3733890876123859,30,340,67.78229414000839,2,2,2,Midwest,Standard,Tablet,0.0
695,29.06006699000355,0.5597449601304422,16,31,40.44977143416713,3,3,5,Mountain,Standard,Mobile,0.0
399,64.09469241208053,0.42729168436032355,35,110,52.930012435669546,2,0,2,Mountain,Basic,Mobile,0.0
1720,46.76340892495229,0.693149381538897,20,236,55.446897733501046,2,0,3,Mountain,Basic,Desktop,
757,57.90009144220948,0.7437797663514245,16,157,49.02152825452857,2,1,1,West,Pro,,1.0
2984,48.97565390956163,0.28939543269896373,22,216,45.1320128899807,3,1,1,Midwest,Basic,Desktop,0.0
2494,44.882320991525475,0.3466349087588671,5,147,37.67094999444352,0,0,5,Mountain,Standard,Mobile,1.0
680,63.272866356268715,0.3624561390584358,35,287,,1,0,3,Northeast,Basic,Mobile,0.0
1445,78.05422942273289,0.30042916133243325,32,441,,2,0,2,Midwest,Standard,Mobile,0.0
1597,47.08406703172065,0.7281560268473968,31,157,59.36730861073116,1,1,3,West,Basic,Mobile,0.0
2095,45.22637153443769,0.5657414148658304,14,151,41.40491402263494,3,2,6,Mountain,Standard,Mobile,1.0
923,65.95809754602443,0.5713660743018683,7,293,44.484683082223995,2,0,3,Midwest,Basic,Mobile,1.0
2183,58.2205991675366,,45,187,84.22728780287741,1,2,2,South,Basic,Desktop,1.0
482,37.89337712694945,0.8080185874518274,8,242,71.32579285896901,3,3,1,Midwest,Enterprise,Mobile,1.0
642,47.62905424831932,0.7170079003683046,16,136,59.44244717669444,1,2,1,West,Pro,Desktop,0.0
2576,42.746488587763444,0.9073281421586762,15,274,62.4002993763668,0,1,4,Mountain,Standard,Mobile,1.0
1385,34.919213315955865,0.6734906795776407,18,27,46.25769382804811,0,0,4,West,Standard,Desktop,0.0
710,37.82593049804337,0.7919072851413296,21,165,58.99747226315438,2,0,1,West,Pro,Mobile,0.0
969,35.37630202343996,0.5192041640734538,12,296,34.91065371051399,1,2,2,Midwest,Pro,Desktop,0.0
2306,47.7433736427659,0.7294251491940255,11,292,43.5628993351183,1,0,2,Mountain,Basic,Mobile,0.0
711,76.1207142510497,0.7172768643596359,33,305,73.37213897821479,2,0,3,Midwest,Pro,Desktop,1.0
732,40.40851879387213,0.5194173807244492,30,198,53.324035154129575,1,0,6,Mountain,Standard,Desktop,0.0
2486,59.25164936902027,1.034624696487141,34,295,55.70857519634706,1,0,2,Mountain,Basic,Mobile,0.0
654,71.36608205561048,0.5967114315408535,58,288,,1,0,2,Northeast,Basic,Mobile,
1119,68.46256169767511,0.011862662524084716,25,362,55.49821275986103,3,0,1,Midwest,Standard,Mobile,1.0
1183,50.883647014713674,0.7319459175627109,34,235,,1,1,3,West,Standard,Mobile,1.0
118,37.62473513925998,0.44128517634737785,14,276,39.40551456603927,1,0,2,Mountain,Standard,Mobile,0.0
2604,69.70611151546206,0.2924281636465582,21,454,67.9196335315033,1,0,9,South,Standard,Mobile,0.0
631,104.7428268257979,0.2565218149009766,44,438,158.95454906236895,1,1,3,Northeast,Basic,Desktop,1.0
1758,38.30416845151923,0.7533042700248306,16,114,40.8144414814076,2,2,0,West,Basic,Desktop,1.0
400,29.68329021295584,0.6751617443213971,22,249,83.50367928942174,3,1,2,West,Basic,Desktop,1.0
588,31.146691774632604,0.7926461302030391,0,68,55.912101626273085,2,1,3,West,Basic,Desktop,0.0
2659,86.58040086413193,0.7108235547320985,37,409,144.38954059570304,1,0,3,Northeast,Pro,Desktop,1.0
2544,92.75912770167474,0.4476048695643041,49,437,167.96002144095843,1,1,1,South,Basic,Desktop,0.0
1619,37.53159466972522,0.5417761658231665,10,241,28.714971051345916,1,0,6,West,Standard,Desktop,0.0
1577,55.208369541563115,0.30838770261193843,26,364,50.97517615033973,2,1,0,South,Standard,Mobile,
1613,73.12884397050676,0.6945080151884752,17,308,54.59148537796706,2,1,3,Northeast,Basic,Mobile,0.0
1016,29.853286151891012,0.5022240728755247,29,255,,0,1,1,Midwest,Standard,,0.0
369,84.60590810709274,0.14893507251802326,31,226,95.32547047326962,1,2,1,Mountain,Standard,Mobile,0.0
1128,28.53251044238206,0.7146128793929821,25,20,61.8159142741449,1,2,2,West,Basic,Tablet,1.0
829,64.12768126014282,0.13382860914554315,29,109,,3,0,4,Midwest,Basic,Mobile,1.0
1471,76.46598711080489,,24,247,57.999969981770604,0,0,1,South,Standard,Desktop,1.0
2174,53.88530482740909,0.5977813904464434,36,279,30.91095988045396,0,1,5,West,Standard,Desktop,1.0
2899,52.830132408145694,0.3634764079957566,36,432,,3,1,2,South,Basic,Desktop,1.0
1959,66.2763844583949,0.6010822447924117,27,274,,1,1,1,Northeast,Basic,Mobile,0.0
2628,28.610770909467696,0.4181649493230387,20,196,48.159220716854264,1,2,2,West,Standard,Mobile,0.0
2299,70.98007725899024,0.6749823378307949,40,397,109.77929051851588,2,2,1,South,Basic,Mobile,0.0
1583,29.6896187214855,0.5619801305415066,8,80,43.994496513133996,1,3,5,West,Pro,Mobile,1.0
565,86.73860917277804,0.49118623151733654,43,365,161.6093081353529,2,0,2,Northeast,Standard,Mobile,1.0
58,53.10813452587397,0.6856276930090411,26,121,43.90664742537137,1,2,1,Mountain,Enterprise,Mobile,0.0
2293,48.519868794765586,0.579481246699441,8,247,47.18792047423083,2,1,5,West,Basic,Desktop,0.0
2958,55.917898220552146,0.7618521916194384,20,240,61.32095575289258,2,1,3,Mountain,Standard,Mobile,0.0
1946,65.73931601159522,0.1848890487095302,0,270,21.735227402133923,2,0,2,South,Basic,Mobile,0.0
2465,90.95476528287188,0.622891283002643,52,441,118.42687109550411,0,1,0,South,Pro,Mobile,1.0
1853,75.18450024124257,0.6232586641959968,36,287,76.20028081233299,3,1,2,Northeast,Standard,Mobile,1.0
2788,74.84526897606342,0.8859188985620756,41,285,70.29630646703657,2,2,2,South,Basic,Mobile,1.0
1087,53.04922760867378,0.3125973617865785,20,405,59.889824403885015,0,0,2,South,Basic,Mobile,1.0
1680,51.43290908825633,0.4493627533822714,17,236,36.292628801331986,2,2,6,Midwest,Standard,Mobile,0.0
541,70.72560950329391,0.8300791911142804,16,459,,0,0,3,South,Standard,Desktop,1.0
487,69.9329813923312,0.9327680438484958,21,104,73.081323916509,0,0,1,South,Standard,,0.0
713,46.74839087267253,0.6164695944509597,10,179,38.26492283873381,1,1,1,Midwest,Basic,Mobile,0.0
2441,36.25014706714106,0.9346352378398386,16,81,,2,0,4,West,Standard,Desktop,0.0
506,56.24841405785395,0.45259410181743837,33,222,24.304649294205497,2,1,0,Midwest,Basic,Desktop,1.0
1433,25.626691983116984,0.7313555498990958,8,93,76.50789717242591,1,2,2,West,Standard,Desktop,0.0
2999,65.60328323256145,0.407449567308864,35,245,14.4044894037876,1,1,3,Mountain,Basic,Tablet,0.0
2011,92.562760334736,0.37650730973139723,47,370,128.85153102126367,3,1,1,Northeast,Basic,Desktop,1.0
313,42.73471576890076,0.3329331182672923,11,370,39.57432078678241,2,0,5,Mountain,Basic,Mobile,1.0
2220,57.20993851697797,0.47985499541764826,38,221,43.3153510776809,2,0,5,Midwest,Basic,Tablet,1.0
1710,86.12429608942284,0.8358990299424556,43,451,144.00350460581853,0,0,1,Midwest,Standard,Mobile,1.0
1207,33.325650394184144,0.7821401982416569,21,122,,1,2,1,Midwest,Basic,Mobile,0.0
1694,60.9619125894174,0.7179340445975433,29,252,,1,0,3,South,Basic,Desktop,0.0
2553,63.52074348769745,0.8265035739171369,35,282,54.58662562660203,1,0,4,South,Basic,Mobile,1.0
2937,96.1473154991514,0.6016795839651575,42,363,110.38078390931793,1,0,6,South,Standard,Mobile,0.0
1543,57.919228398933306,0.8148517874903459,26,154,40.12176782475153,1,0,3,South,Basic,Desktop,1.0
2195,77.4311886549335,0.24635559962220377,23,318,64.30718171243682,2,1,3,South,Basic,Desktop,0.0
1669,34.91621393679171,0.43758312270548133,14,150,45.44354756140764,1,1,1,Mountain,Standard,Desktop,1.0
207,53.36024103927387,0.6036258710244062,42,224,52.23884955016566,1,1,1,Midwest,Pro,Mobile,0.0
1132,48.18117952040564,,32,174,43.822787870124756,1,3,0,South,Standard,Desktop,0.0
721,52.427936417380266,0.936710289592218,25,196,,2,0,3,Midwest,Standard,Desktop,0.0
2583,34.719380784269475,0.8330000213096039,15,180,51.846303056409,2,1,3,Mountain,Basic,Mobile,
1699,21.393996889928072,0.4668135906070221,0,76,88.52065719794027,1,1,3,West,Standard,Mobile,1.0
2182,72.05502083354725,0.4276951129670011,25,447,91.61896362277021,1,0,3,Northeast,Basic,Mobile,0.0
2817,81.68946830982303,0.2305314437336491,26,544,92.93510119522539,2,1,1,Northeast,Basic,Mobile,
1020,51.706226489146005,,15,162,45.71500229771644,0,0,3,Mountain,Pro,Desktop,0.0
341,28.419107231696344,0.5775795306457433,8,90,66.20717685052088,1,2,1,Mountain,Standard,Desktop,0.0
2624,84.307138933622,0.890542610359532,52,364,140.0895477070765,2,0,1,South,Basic,Desktop,0.0
761,72.77061621502006,0.45942352283967447,37,195,66.81900409671447,2,0,1,South,Pro,Desktop,0.0
1954,80.7061852943402,0.49449024030476135,51,392,94.66838733411394,1,0,4,Northeast,Standard,Desktop,1.0
2138,72.43225466542111,0.4580078645040398,26,461,90.06304837988733,2,1,2,Northeast,Standard,Tablet,1.0
1311,58.075165670965085,0.7964278704943746,24,288,43.24865661069043,1,1,3,Midwest,Standard,Mobile,
689,69.9294892637071,0.30839721116137786,18,471,76.14477035608736,3,0,3,Northeast,Standard,Tablet,0.0
1887,31.161383717463334,0.5009000328297161,0,48,48.592258317741056,2,2,1,West,Basic,Mobile,1.0
2043,34.196650665858876,0.8305392399374152,17,149,61.12172516688731,2,0,3,West,Enterprise,Desktop,
1293,68.66173051661585,0.8385703189905552,49,289,87.89499026197856,1,1,5,South,Standard,Desktop,1.0
1513,83.39522591092442,0.45151464871206765,41,446,,1,1,1,South,Basic,Desktop,
106,85.50309612342508,0.6349364754431897,35,340,117.4144525756304,1,0,3,Northeast,Basic,Desktop,0.0
1746,71.31807037637618,0.3273206152659811,28,234,61.59569805457669,1,1,4,South,Standard,,0.0
600,35.230721866039396,0.7348003800603745,0,20,,1,2,5,West,Standard,Desktop,0.0
573,34.80953061634044,0.6455565420549566,13,267,,0,2,1,West,Basic,Desktop,1.0
1930,57.561100211139156,0.5671197164845814,26,280,63.124140941548795,1,0,1,Midwest,Standard,Mobile,0.0
507,34.938042933108775,0.8201273041947771,0,70,76.60548634415879,0,2,6,West,Pro,Mobile,0.0
1523,49.62863036135375,0.5447641052504228,13,221,29.578460920771487,0,2,2,Midwest,Standard,Mobile,0.0
2172,39.94345173353922,1.0465058145689003,3,190,60.906580759624624,1,1,3,Midwest,Standard,Tablet,1.0
2959,75.04823594478964,0.5780712771983982,26,327,65.13711196235103,1,1,5,Mountain,Standard,Desktop,1.0
1292,76.208026889733,0.7345772757557982,31,230,62.092356736536075,3,1,2,South,Basic,Mobile,0.0
136,49.758781439932854,0.7896039911294502,21,269,28.774240636635618,1,0,3,Midwest,Standard,Tablet,0.0
791,40.11740367908718,0.2227623733931352,25,123,48.247004555540954,2,0,6,Mountain,Standard,Mobile,1.0
1450,80.28816042250293,0.12492473108760588,29,360,124.16849780187319,3,1,1,Midwest,Basic,Mobile,0.0
230,63.830516630217,0.15720471893250726,12,290,32.415300401709146,1,0,2,Midwest,Standard,Tablet,0.0
2613,74.88334384873276,0.579366372656285,27,368,68.30189886266908,1,0,4,Midwest,Basic,Mobile,0.0
1409,72.00418658264697,0.4489081175869417,39,234,,1,1,4,Mountain,Standard,Mobile,0.0
1338,33.779629499303816,0.6598145052738691,7,123,,2,2,5,West,Pro,Tablet,1.0
195,69.65516476770836,0.5323537123778357,24,174,55.965839734327695,2,0,1,South,Standard,Mobile,0.0
429,39.641799369349386,0.39268560796808044,13,79,24.883130870028797,0,0,4,Midwest,Standard,Desktop,1.0
2285,54.79546051535229,0.9878883730254436,26,158,49.626091142372175,1,1,0,Mountain,Standard,Mobile,0.0
2406,64.36346692074211,0.4287630768814524,7,409,69.56376288583218,3,2,2,Northeast,Standard,Mobile,1.0
2642,69.15276261166686,0.6799493518109223,27,340,62.14321804345721,2,0,0,Midwest,Basic,Mobile,
1725,61.4959651700225,0.6806607751575092,24,246,47.139428452688904,1,0,2,Midwest,Standard,Mobile,0.0
2724,50.94526356035324,0.522578597468287,5,116,31.660869701534978,1,0,2,Mountain,Standard,Mobile,1.0
112,55.69573992325867,0.8909376428177139,17,20,31.95681801085548,1,1,3,Northeast,Pro,Tablet,1.0
2256,41.969178408402236,0.7683438366940273,13,166,47.45078769034666,1,1,0,Midwest,Basic,Desktop,1.0
2290,46.254061769947064,0.3277160394653223,18,281,,2,1,2,Midwest,Basic,Desktop,
574,67.66628269369616,0.7780665968135321,15,283,71.91974245663779,1,0,4,South,Basic,Mobile,1.0
1614,61.96542517577776,0.9922021323070648,37,286,43.8675428360923,1,1,5,Midwest,Standard,Desktop,1.0
1356,57.55684381823946,0.9678944762517053,17,264,78.37696454120154,1,1,2,Midwest,Pro,Mobile,1.0
1568,51.86929005277006,0.8203618259221899,17,98,40.82691775365873,1,1,2,South,Pro,Desktop,1.0
2921,54.67051067499192,0.8962967461476051,26,222,,2,0,1,Midwest,Standard,Tablet,0.0
371,73.20816435578605,0.4032456717534709,28,285,,2,1,4,South,Basic,Desktop,0.0
2691,64.75487323708538,0.19608674417362715,36,382,,1,0,2,Midwest,Basic,Mobile,1.0
2703,60.382903273302546,0.5731225562686225,16,271,44.59286717095691,3,1,3,Midwest,Standard,Desktop,
460,31.902862953800998,0.4350111642099346,0,20,59.72965920877246,2,1,2,Mountain,Standard,Mobile,0.0
2561,87.51781135130577,0.5111029793031072,27,427,111.95647487516753,1,1,1,South,Basic,Mobile,1.0
117,74.98512691847131,0.5796672889655714,32,377,,1,0,0,Midwest,Standard,Desktop,1.0
855,66.07674883989598,0.14657197887055795,37,374,48.44935658309194,3,0,3,South,Basic,Desktop,
678,68.99272777756806,0.3320710792771349,26,253,,2,1,1,Midwest,Standard,Mobile,1.0
1294,47.68045895232205,0.3867320890218359,38,196,40.780632710743355,1,0,2,Midwest,Basic,Tablet,1.0
1197,37.85719453983173,0.6106779075680201,23,205,55.09069823287693,1,2,3,Mountain,Standard,Mobile,
1449,22.04334926967772,0.6523191451244772,19,211,,0,1,1,West,Standard,Mobile,1.0
1873,88.40967000713893,0.1485739850887123,28,557,107.78271028935352,3,0,2,South,Basic,Desktop,
1780,34.50994999456187,0.9012506187742426,18,336,39.15633306926434,2,1,4,South,Basic,Mobile,
444,86.57635215908395,0.6710714936017473,35,238,161.817751663962,3,0,3,Northeast,Basic,Tablet,0.0
1259,46.747405197341784,0.8402843696255595,21,294,45.08450689941407,2,0,2,South,Standard,Desktop,0.0
2350,69.51965946230895,0.47800776843689363,31,200,60.526713015120556,2,0,4,South,Basic,Mobile,0.0
895,46.74856899858918,0.7221521543898002,16,62,47.18399766523851,1,1,4,West,Basic,Tablet,0.0
1576,56.04636420994205,0.6514502281684565,32,245,29.921472711210974,1,0,6,Mountain,Standard,Desktop,1.0
370,51.06990624250564,0.11558791795662574,20,260,22.447312534479664,3,1,1,Midwest,Basic,Mobile,0.0
629,79.22999186392033,0.40521593526113636,24,382,96.21549036306106,1,1,5,South,Pro,Tablet,0.0
475,54.20547998310447,0.7839595180008678,40,217,47.50971681073557,0,1,4,South,Pro,Mobile,0.0
193,66.2882603126132,0.671901062652774,31,280,62.0055907638277,2,0,3,Northeast,Standard,Tablet,1.0
595,48.073721001973134,0.3763982255017022,5,309,56.624916591378714,1,1,1,South,Basic,Mobile,0.0
2711,49.72902989559288,0.8819101163774903,16,315,41.79302188816368,2,0,5,Midwest,Standard,Desktop,0.0
2314,63.079811046690445,0.8553649086726052,5,331,,2,1,2,West,Standard,Desktop,1.0
1384,75.80339910577358,0.2252589734438654,29,318,82.49254864669268,1,1,1,Northeast,Standard,Desktop,1.0
865,76.29325966623504,0.32891139081224635,14,354,83.80998332892538,1,0,1,South,Basic,Desktop,0.0
392,70.76359371887429,0.33667396537466426,23,366,,1,1,0,Mountain,Basic,Tablet,1.0
1268,40.182216084731714,0.6752059079607132,9,73,60.42837574310541,2,1,3,West,Standard,Desktop,0.0
2700,56.26429211460889,0.7113335186558526,31,327,47.60210145894123,0,0,1,South,Standard,Mobile,0.0
74,77.49541441833617,0.7762618097224663,47,223,77.43715016113563,1,0,3,South,Basic,Mobile,1.0
2746,46.084713159275815,0.49354378589756237,16,252,54.06045646249328,1,2,3,Mountain,Basic,Desktop,0.0
934,66.26810560679878,0.5755175751062938,16,106,59.63092851984949,1,0,3,South,Standard,Desktop,0.0
2005,59.70201112275798,0.5727264163655038,17,263,55.759655083143805,0,1,2,Midwest,Basic,Desktop,1.0
286,50.40054754083062,1.081721788154383,15,271,,2,1,2,Midwest,Enterprise,Mobile,1.0
2080,39.208321859696106,0.8188928035494345,40,113,72.94336584779043,1,1,3,Mountain,Basic,Desktop,0.0
2638,58.16324798903446,0.8179374965317023,20,219,55.22295331945036,2,1,2,South,Standard,Mobile,0.0
17,80.70846603908025,0.39630825510771767,26,386,83.48027284154361,1,0,0,Northeast,Standard,Mobile,0.0
2846,74.64853179438366,0.7112677054707117,24,355,69.79988830244766,1,0,1,Northeast,Pro,Mobile,0.0
752,93.66325315800822,0.6124665935718698,46,412,177.95310074829226,2,0,1,Northeast,Basic,Mobile,0.0
2533,72.68015176285951,0.5027743381249321,27,340,53.33583818742295,2,1,2,Northeast,Enterprise,Mobile,
1962,69.83433978601505,0.34480982476132627,18,181,67.34544613858651,3,1,3,South,Basic,Tablet,0.0
1653,35.98378582668794,0.2774045093909,18,150,48.42726723711764,1,2,1,Mountain,Basic,Mobile,0.0
1001,37.40229790719103,0.6603750959000125,12,62,70.25966353779094,1,2,2,West,Standard,Mobile,0.0
2889,57.00357810593992,0.5954091835531367,14,274,35.17841699699415,1,2,2,Mountain,Basic,Desktop,1.0
37,63.17053285923144,0.7324043533584617,19,149,53.88601833545299,1,1,1,Midwest,Basic,Mobile,1.0
1194,79.3737536593327,0.6937844135896776,9,250,102.29199825518629,3,0,5,South,Standard,Mobile,0.0
598,67.99393453896637,0.8049066953449793,23,300,53.103000616495294,1,0,2,South,Standard,Mobile,1.0
2870,73.2477738233987,0.2630222851416584,25,317,67.31266545003817,1,1,3,Northeast,Basic,Mobile,0.0
522,68.5239536096018,0.6310217051384076,45,313,79.34889251106519,2,0,3,Northeast,Standard,Desktop,0.0
220,62.57943044793977,0.17531647734715466,29,255,55.87705896523985,2,0,4,South,Basic,,0.0
2826,61.45584395990469,1.1401092827056523,32,322,60.58544122717006,2,3,2,Midwest,Pro,Mobile,0.0
1448,48.10724173785654,0.3780340622139813,15,176,37.71199999770624,1,1,4,Midwest,Basic,Desktop,0.0
2380,76.85151320417062,0.5138963888300223,28,436,90.70230992559715,2,1,1,South,Standard,Desktop,1.0
1937,61.50066409455166,0.11326003028674861,22,224,52.75893937739363,2,1,1,Midwest,Basic,Mobile,0.0
202,85.24136262154668,0.44446571856735445,44,360,91.07376308131197,1,0,0,Northeast,Basic,Mobile,0.0
2787,41.1752179378088,0.6022433343088044,9,228,45.480903567986715,0,1,1,West,Basic,Mobile,0.0
2892,59.455256345313785,0.8283525640213246,27,73,45.11182100524102,1,0,2,South,Pro,Mobile,1.0
714,76.18302808288892,0.44048821412170275,32,315,133.38639686933004,0,1,2,South,Basic,Mobile,1.0
1233,64.21246578139913,1.0230620050876569,12,218,59.680113070046104,0,0,2,West,Basic,Mobile,0.0
25,26.209221641106566,0.6279635606606009,8,20,95.38393939097004,1,3,2,West,Basic,Mobile,1.0
1244,56.704678084683096,,12,190,57.8097817572913,0,1,0,Midwest,Pro,Desktop,
1260,32.89575497779612,0.7923815926729294,22,188,42.85111994943385,2,2,2,West,Basic,Mobile,
209,40.087051683037664,0.7808740502410776,0,101,56.10004756117865,1,2,3,Mountain,Standard,Desktop,0.0
1234,53.445938753287834,0.8926264672450812,11,215,47.45487911263527,2,1,4,Mountain,Standard,Mobile,0.0
1031,98.56549885932016,0.5340754886962205,54,438,169.3130127278532,2,1,2,Northeast,Standard,Mobile,0.0
655,70.30027767948778,0.6770211373166404,25,188,43.8984595956962,1,1,2,Midwest,Basic,Mobile,0.0
2670,52.7078822728797,0.5650576131354277,2,200,42.68873901587802,2,2,1,South,Standard,Desktop,1.0
2270,69.00728742707668,0.4554268482762423,22,288,54.168581957857235,1,0,1,Northeast,Standard,Mobile,0.0
1326,54.89195004581422,0.531914167368769,22,393,27.91066179048491,0,1,1,Midwest,Pro,Mobile,1.0
2047,78.73455299921996,0.269756670692886,44,403,88.18340377845027,1,1,4,Northeast,Basic,Mobile,0.0
448,23.831876292790586,0.4713568701526693,10,80,,2,2,4,West,Basic,Mobile,
2114,91.629618093197,0.83540577160791,43,416,156.0664014043723,1,1,2,Northeast,Pro,Mobile,0.0
422,34.712124536785915,0.5088855130332715,14,96,,1,1,4,West,Standard,Mobile,0.0
1236,82.36776271971566,0.49577538563366164,34,510,128.405506576189,1,2,7,Northeast,Standard,Desktop,1.0
45,51.78554697249455,0.6415143798558582,5,163,,1,1,0,Mountain,Basic,Mobile,1.0
1505,29.399471023357457,0.6994856167862633,7,213,86.15499592627201,2,2,3,Mountain,Pro,Mobile,1.0
2449,35.68618381600819,0.6993346949460655,17,380,65.824882302407,0,3,3,West,Pro,Mobile,1.0
407,76.34654488449793,0.5975450878654583,25,429,121.2086618398072,2,1,0,Northeast,Standard,Mobile,1.0
827,75.32350804199095,0.3066979032842865,31,337,,2,1,2,South,Standard,Desktop,
1229,76.70756633614715,0.45656101681502637,35,458,102.19006344577504,1,1,3,Northeast,Basic,Desktop,0.0
582,82.49566764868649,0.1765075985268028,32,436,102.08781950759032,3,0,3,Northeast,Standard,Mobile,0.0
500,50.229743069242744,0.8975424047047899,25,309,34.78364163838238,2,2,2,Mountain,Enterprise,,1.0
970,28.886488039979763,,18,118,78.86218585900112,1,1,1,West,Standard,Mobile,0.0
1528,52.906662846623306,0.38077219185372974,13,291,15.657045828365455,0,1,5,Mountain,Standard,Mobile,1.0
2252,84.17046472218864,0.7497779673808336,20,429,118.35910995840474,0,1,2,South,Basic,Desktop,0.0
173,77.61588266887372,0.5367220561210365,38,450,74.58316751631138,2,0,4,Midwest,Basic,Tablet,1.0
414,35.5636731427827,0.748971950756655,19,151,52.722988576979645,2,1,2,West,Standard,Mobile,0.0
389,86.05449409658135,0.6985899683548779,32,225,,2,0,0,Northeast,Basic,Desktop,1.0
2978,56.072587206574426,,40,231,53.671023299618376,1,0,3,Midwest,Pro,Mobile,1.0
386,59.82535469592665,0.3365388804473253,39,342,81.82846817557989,0,0,2,South,Basic,Desktop,1.0
2378,43.16380314745051,0.8548724475218753,14,20,67.85340879624191,2,0,4,Mountain,Standard,Desktop,0.0
1582,84.6191790855356,1.010518796580925,33,171,107.77581874771525,1,1,0,Northeast,Basic,Mobile,1.0
889,75.50814753766196,0.5992156447396176,27,375,70.82251759111193,0,1,8,Northeast,Pro,Mobile,1.0
1916,67.33833698409863,0.5952670092556204,28,256,51.81012895469689,2,1,4,Midwest,Standard,Desktop,0.0
1621,87.32002867905257,0.46248567486383024,43,388,,1,0,2,Midwest,Standard,Mobile,1.0
1435,80.5902212936206,0.40618659242957933,34,407,113.45436061738562,2,0,2,Northeast,Standard,Mobile,0.0
2081,66.47805530037,0.5079396309802642,16,316,99.497389980516,0,1,1,Northeast,Basic,Desktop,1.0
39,61.254480508013636,0.6365568523828272,25,113,75.11889044446662,0,2,2,Northeast,Standard,Desktop,0.0
2894,87.3883928705927,0.6218645991698495,40,530,135.3406395940233,1,1,2,Midwest,Standard,Desktop,0.0
2587,60.38255142076733,0.6972964188643688,40,125,52.98950178278707,1,1,1,Midwest,Standard,Mobile,1.0
462,91.93798473551999,0.5568497150550903,41,86,94.23275408260416,1,1,1,South,Basic,Desktop,1.0
226,68.01676313758023,0.35516318131569985,2,302,42.098164826604254,1,0,4,South,Basic,Mobile,0.0
1753,86.31382571347535,0.2813994542460202,36,348,134.38171410787973,3,2,4,Northeast,Pro,Desktop,
351,36.68365640706567,0.41047585272262876,29,76,41.304205712988136,1,1,1,Mountain,Pro,,1.0
2742,40.114745007371205,0.650919578097884,19,238,35.26025960771245,1,0,5,Mountain,Enterprise,Mobile,1.0
2122,44.176265312860465,0.849737873008301,28,246,54.926167488592725,2,1,1,Midwest,Basic,Mobile,0.0
1436,49.63074658650027,0.1559421562307569,23,399,60.924883683959365,2,2,4,Mountain,Standard,Desktop,1.0
2592,55.27559709749983,0.9839211957260476,21,299,56.85100665234905,1,2,0,Mountain,Standard,Mobile,1.0
904,82.60258179762268,0.706990226739947,36,412,88.0092955216426,1,0,2,Northeast,Pro,Desktop,0.0
1397,62.68812461958847,,14,155,64.90292354382852,2,2,3,Mountain,Pro,Desktop,0.0
1981,78.56284592787449,0.413608596083432,33,416,,1,1,0,South,Standard,Desktop,0.0
2784,32.43893499887311,1.1053461972417542,19,20,90.10617435858856,0,2,3,Mountain,Basic,Mobile,0.0
861,26.803004979797134,,18,110,72.53303938413917,2,2,0,Mountain,Basic,Desktop,1.0
2329,86.30569793906238,0.6259855840417323,41,413,,1,0,4,Northeast,Basic,Tablet,0.0
128,70.60094473698564,0.4766542450273954,31,329,,1,1,4,Northeast,Basic,Desktop,0.0
36,62.11583173075873,0.5396683410487904,37,115,44.62617290944169,1,1,2,South,Pro,Mobile,
2481,69.91308123858843,0.8718620424000255,33,133,79.29345485863819,0,1,2,Midwest,Basic,Mobile,1.0
1389,48.895006198707634,0.5976501903511408,11,263,42.85774792166515,1,1,3,Mountain,Enterprise,,0.0
1008,70.36812701612182,0.7106888716297793,41,376,68.72420894871348,1,0,4,South,Standard,Mobile,0.0
777,81.99107081545688,0.4439224147981753,40,444,,2,1,0,Northeast,Basic,Desktop,1.0
1763,43.17799093711055,0.7062747721961349,17,132,63.91169735987063,0,1,2,Mountain,Pro,Desktop,0.0
1867,51.563201937697485,0.5983898985273901,29,292,28.533983838398505,1,0,2,Midwest,Basic,,0.0
1369,45.99087823001644,0.8622896786665893,0,274,48.62631865071812,3,2,1,Mountain,Pro,Mobile,0.0
1616,52.70050689858647,0.9392020663241862,35,158,52.11565403495655,1,1,3,West,Pro,Mobile,0.0
334,47.414979427536764,1.0218388281715483,35,216,70.28625052265114,0,0,7,Mountain,Standard,Mobile,1.0
210,69.00512751617865,1.0094101492365732,28,233,46.112980513782404,1,0,3,Northeast,Basic,Mobile,1.0
751,27.698406836284818,0.9939555038211558,23,234,,0,0,3,Midwest,Standard,Mobile,0.0
849,43.31829594238489,0.8449309994387435,23,31,36.05864882921682,1,1,0,West,Basic,Mobile,1.0
2154,73.21041260188942,0.6173264294767176,24,314,55.93933508200158,0,0,5,South,Standard,,1.0
2696,55.13130125676182,,27,261,55.86849979398342,0,0,3,South,Standard,Mobile,1.0
1100,58.19158970099819,0.5564287852199175,36,408,31.17741415930942,1,1,4,Northeast,Basic,Mobile,1.0
1029,70.17452246571973,0.4627068381508034,34,237,61.23801912646299,0,1,1,Midwest,Standard,Desktop,1.0
272,39.86355138440918,0.6153153051734483,27,234,40.38406361736472,1,0,2,Midwest,Pro,Mobile,0.0
1803,81.00444980446493,0.4922001963488495,23,268,86.95976574118045,0,1,2,South,Basic,Desktop,1.0
2661,76.98872015283806,0.4537889784536512,31,351,84.8322751130738,1,0,2,Northeast,Basic,Mobile,0.0
2941,36.58244355115729,0.6990265930881486,22,45,66.12537290454883,0,2,2,Mountain,Pro,Mobile,
2795,32.06845186127129,0.9145393789228649,24,29,55.27607426026608,1,2,4,West,Pro,Mobile,1.0
599,60.66614956680925,0.7546574761353809,18,183,42.08973351858012,0,0,3,Mountain,Pro,Mobile,0.0
2928,56.23010305348106,0.13237019474217698,29,266,47.96670777605505,2,1,5,Midwest,Standard,Mobile,0.0
2790,67.27354400498241,0.2898247605154761,39,412,78.50662126080792,2,0,1,Midwest,Basic,Tablet,1.0
616,74.7093027366411,0.3140104166762667,8,354,,2,1,1,Northeast,Basic,Mobile,1.0
2091,37.80596095845745,1.0348407736013572,17,87,73.66902406445162,2,0,0,Midwest,Standard,Mobile,0.0
1203,67.22828527170148,0.7619033235865601,30,288,,1,0,4,Midwest,Standard,Mobile,0.0
1427,41.82717050394836,0.8361138197182159,9,72,46.28965075333976,3,0,4,Midwest,Pro,Mobile,
1170,74.86232722769432,0.44515946118576766,32,352,49.17807150984389,0,1,3,Midwest,Pro,Mobile,1.0
54,59.11138119319324,0.65998072563149,29,134,,2,1,3,South,Pro,Desktop,1.0
2772,69.47138148078986,0.41552598426339443,25,302,,1,0,4,Northeast,Standard,Mobile,1.0
1851,70.48608606184412,0.40163659219745895,20,247,81.9400802249959,3,2,4,Midwest,Basic,Tablet,0.0
2312,52.4658755290942,0.9050502341131422,19,241,59.98952156175711,2,0,2,Mountain,Pro,Mobile,1.0
2258,74.2468584803026,0.4727278825583624,44,223,56.40835365701297,1,1,2,Midwest,Standard,Desktop,0.0
2712,63.762725660940845,0.11827632671058438,18,369,,2,1,5,Mountain,Basic,Mobile,0.0
2689,37.2447430717598,0.6723671506537611,0,206,55.34346507361949,3,2,0,Midwest,Basic,Mobile,1.0
556,59.838960597531816,0.46721642134317654,16,312,38.78917136354871,2,1,3,South,Standard,Mobile,1.0
2348,61.04585672269799,0.18072814398501716,31,379,36.691125350556135,1,1,2,Northeast,Basic,Mobile,0.0
352,37.64766560122427,0.42479767047750394,28,213,30.188221406254744,1,0,3,Mountain,Pro,Mobile,0.0
571,74.67400849489388,0.6509080591421684,32,336,68.46436617786682,0,2,1,South,Standard,Desktop,0.0
2778,47.36899769465697,0.6115719503199825,13,227,43.43504618347801,1,1,1,Mountain,Standard,Desktop,1.0
2233,49.06676096234966,0.6960376221898584,18,46,55.165900885096846,0,0,3,South,Pro,Desktop,0.0
2320,59.05233786869589,0.17529727632413655,15,221,52.28641088049159,1,0,3,Midwest,Pro,Desktop,0.0
2191,62.27477475462486,0.4389430241666886,29,355,38.58627029418523,3,1,1,Mountain,Basic,Mobile,0.0
304,84.22498901559042,0.6089165683423498,47,296,118.61268165598466,2,1,3,South,Basic,Mobile,0.0
2668,60.833582321962744,0.8455705224599122,21,197,68.90751867460997,2,1,4,Midwest,Basic,Desktop,0.0
896,51.664905058605555,0.4773620645132448,26,318,34.936710714144674,1,0,6,Midwest,Basic,Mobile,1.0
2177,95.78923132456458,0.6837632591586573,41,386,174.51968159582765,2,1,3,Northeast,Standard,Mobile,1.0
2307,41.89378330937424,0.8419702965710593,0,95,50.62201345732389,1,1,2,Midwest,Standard,Desktop,0.0
152,31.314735789662667,,8,79,69.50060586169815,1,2,4,Mountain,Basic,Desktop,1.0
720,35.37086081831372,0.7652405149791052,7,231,49.55615031467946,2,2,0,Mountain,Standard,Tablet,0.0
1091,70.86915811669486,0.6851426884535898,31,339,85.94928899978304,2,0,4,Northeast,Basic,Desktop,0.0
2151,77.8314692432553,0.5554745302398924,58,365,94.92261508852798,3,1,1,South,Standard,Desktop,0.0
1289,62.992871191120386,0.4540394774327567,23,444,63.01878414313314,1,2,3,Midwest,Standard,Mobile,0.0
649,66.93801806717084,0.2706500228226939,27,410,66.68584285521233,1,0,3,Midwest,Pro,Mobile,0.0
1891,96.51788751125929,0.8714738350882341,31,278,148.20293098280928,0,0,3,South,Standard,Mobile,0.0
1483,82.01988079285941,0.5790362065180858,49,441,114.31462628057642,1,1,0,South,Standard,Mobile,0.0
1540,90.34483299136136,,37,326,96.55376822607435,1,0,2,Northeast,Basic,Mobile,0.0
1216,63.486413614680615,0.29386159713510024,30,237,,4,0,2,Midwest,Basic,Mobile,1.0
1929,72.85489304851001,0.3370343452578547,15,302,59.22204527101411,2,1,0,Northeast,Standard,Mobile,0.0
992,67.6318953685749,0.7815904441222785,26,226,68.230702015343,1,0,2,Northeast,Basic,Tablet,0.0
2763,59.23006353421253,0.647402614072882,29,190,43.07622380068959,0,0,4,Midwest,Standard,Mobile,1.0
1838,70.02421153556766,0.5000107219725827,30,215,40.79640900138348,1,0,2,South,Basic,Desktop,1.0
23,72.18338228678323,0.5572373320767158,28,217,78.3271577984348,0,2,5,Midwest,Standard,Mobile,1.0
1649,74.93360299153179,0.19070694075224837,30,503,81.54266153420558,3,0,0,South,Pro,Mobile,0.0
2690,44.55430110675232,0.34619400452560767,22,193,35.816172812714996,0,1,2,Midwest,Standard,Mobile,0.0
1024,22.078003633218355,0.5835029919261981,0,159,77.05654571503565,4,2,2,West,Basic,Desktop,1.0
1328,36.42340822367453,0.7316982521616983,11,32,,2,3,4,West,Standard,Desktop,0.0
2549,43.08943361327227,0.8359737767618357,15,158,66.92322505745624,2,1,0,Mountain,Enterprise,Tablet,1.0
1457,38.85282741912042,0.8501076796975371,6,137,61.58124738688491,2,3,0,Mountain,Pro,Desktop,0.0
93,40.84398274807184,0.589502148424909,27,114,53.57344892375998,0,2,1,Mountain,Basic,Mobile,0.0
822,39.77395024832491,0.6681123052058883,11,221,38.16707476507996,1,1,2,Midwest,Basic,Mobile,1.0
1111,77.53965133326791,0.31533896145023943,25,433,65.54320737067968,2,0,2,Mountain,Standard,Mobile,
1301,50.72206959754027,0.29152570651921456,29,259,22.397365115915306,1,1,7,Midwest,Pro,Desktop,1.0
1537,76.18512853819396,0.48705566361391,43,205,71.67175321688731,1,1,0,South,Basic,Desktop,0.0
1451,52.19204989697964,0.9874903390122183,31,200,42.39468050957829,1,1,5,Midwest,Enterprise,Mobile,1.0
1011,57.01034875482817,0.7755174910608764,31,171,40.65405488794582,3,0,0,Mountain,Standard,Tablet,0.0
2287,32.70455258825029,0.49257038032797884,7,109,61.47915714272012,1,3,9,Mountain,Standard,Tablet,0.0
1820,61.80022640998112,0.9427162130492819,21,256,61.33999221113317,0,2,1,Mountain,Pro,Mobile,1.0
960,39.07442871612456,0.43948322892920316,2,189,50.32167594601288,0,1,1,West,Standard,Desktop,0.0
1866,77.50056064168476,0.6214207167406726,31,389,114.50746704118053,1,1,2,Northeast,Standard,Mobile,0.0
1634,42.94538629065084,0.9810634216525556,23,60,57.02459726544799,1,3,3,Midwest,Pro,Tablet,1.0
1660,86.28303668407226,0.14459031383316207,39,436,86.97583668114129,1,2,1,Midwest,Basic,Desktop,1.0
712,48.37658390850106,0.9645625997232575,38,169,54.10023277701061,1,1,3,Midwest,Pro,Desktop,1.0
2515,79.83429902198678,0.4416149926864451,39,433,116.30554929414215,2,0,0,Northeast,Basic,Desktop,0.0
3000,52.57739317204572,0.8235200974708392,31,49,43.328664768864854,1,2,3,Midwest,Standard,Desktop,1.0
2906,45.33518114185942,,13,234,35.72836814182472,1,1,2,Mountain,Pro,Tablet,
2079,77.00170352309645,0.3912099298552201,34,397,87.76014956860223,1,1,3,South,Pro,Desktop,
2282,61.76629658043827,0.13268369896711285,28,320,31.50826296939379,2,0,2,West,Standard,Mobile,1.0
932,47.99539665794571,0.40210989733384594,25,210,60.96861122612129,1,0,2,South,Standard,Mobile,1.0
2113,45.139478022067365,0.4449641049611445,28,179,,2,2,3,West,Standard,Desktop,0.0
603,39.42847506618888,0.6164476007769092,23,120,48.05892650648867,1,2,3,West,Basic,Mobile,1.0
489,80.96545120856663,0.6810016310289557,11,359,71.25589022232293,1,0,0,South,Pro,Tablet,0.0
1932,25.727400437440238,0.9464634768575412,25,65,94.56831915406055,1,2,6,Mountain,Pro,Mobile,0.0
124,53.81939728518532,0.808123231384671,8,102,52.66761039397567,2,1,3,Mountain,Enterprise,,0.0
2747,59.60523518466478,0.8871217640669969,33,275,37.557931242620995,1,0,4,Northeast,Standard,Mobile,0.0
2098,86.4586799128987,0.25035797876868165,49,485,81.67052066040817,3,0,1,South,Basic,Desktop,1.0
2804,39.22256563091162,,7,153,58.5811902064412,1,3,2,West,Standard,Mobile,0.0
945,44.53694428277308,0.6844899233294957,14,134,61.532804235169415,2,1,2,West,Standard,Mobile,1.0
1213,55.52977440003301,0.4697641336677362,7,322,50.499509323455946,2,0,3,South,Basic,Mobile,1.0
2615,48.503175768585756,0.5280858851856598,30,201,38.75216229917162,2,0,4,Midwest,Standard,Mobile,1.0
2475,68.8502404467009,0.5080812604880289,39,176,59.628350105529215,1,1,5,South,Enterprise,Desktop,0.0
419,82.27717132823757,0.4073567353428891,35,613,115.43388413253439,3,0,3,Northeast,Basic,Desktop,0.0
115,61.55088562189276,0.8348004049073621,26,420,50.814501398244566,1,0,0,Midwest,Pro,Desktop,1.0
994,46.552902394901224,0.6285069819027642,18,243,29.897318988192126,1,0,1,Mountain,Standard,Desktop,0.0
1473,86.25785262488692,0.6974227392319511,22,364,86.64765354605291,1,1,0,South,Standard,Desktop,1.0
778,47.4743473786122,0.7914247996948475,28,113,47.05922874713849,1,0,2,West,Standard,Mobile,0.0
1068,47.99389688523536,0.48229315812204926,13,190,41.55449929059305,0,1,1,West,Basic,Mobile,1.0
1901,64.91554698516923,0.2003041668843899,26,216,37.972414614280424,2,1,6,Midwest,Basic,Mobile,1.0
1899,37.32417667132259,0.5436854003784357,20,177,61.3405056599145,1,2,6,Mountain,Basic,Mobile,0.0
1949,70.15911439186408,0.387225168107579,31,280,77.56276319183684,2,0,2,Northeast,Basic,Tablet,0.0
2024,61.306867108124735,0.48028188223371915,34,150,34.37219929126311,2,1,2,Mountain,Pro,,0.0
2196,62.53708832452391,0.8134165261283643,50,216,,2,1,3,Midwest,Standard,Mobile,1.0
2,56.49424336056738,0.5997859045178368,32,149,27.087462691878347,2,0,1,West,Basic,Mobile,
2897,27.393457070517663,0.6702061177889751,23,96,60.24620696616528,1,2,3,West,Basic,Mobile,1.0
1350,77.90635078401338,0.2593016788318421,43,407,92.34607970445602,1,2,2,South,Standard,Mobile,0.0
1849,47.82038123991269,0.9495900284829425,31,273,60.73283118871824,2,0,1,Mountain,Standard,Desktop,0.0
276,90.74039705058381,0.40682779103516786,41,276,,2,1,4,Northeast,Basic,Desktop,1.0
2809,31.419726345191254,0.687786289846801,13,286,64.64877244866045,0,0,4,Mountain,Pro,Mobile,0.0
2775,26.991146226724055,0.6906127091789057,14,76,80.56467569192596,0,2,3,Mountain,Basic,Mobile,1.0
1999,62.52019035607905,0.7045841952596918,31,317,48.78861652059199,1,1,2,South,Pro,Desktop,1.0
2235,55.98761386030124,0.640621219332453,15,176,42.83824047404387,1,2,0,Midwest,Standard,Mobile,1.0
1143,58.622967829462056,0.3798955002809612,43,181,37.381637254126105,0,1,3,Midwest,Basic,Mobile,1.0
2250,60.04231548248515,1.2124460408861415,26,270,53.0868782069209,0,2,2,Northeast,Standard,Mobile,1.0
1911,28.763999065272426,0.6027595099650989,13,146,69.80135506854039,1,1,1,Mountain,Basic,,1.0
405,42.68755866235608,1.0379923346520767,13,101,49.87896799723532,2,1,0,Midwest,Standard,Mobile,0.0
1909,85.18896140822378,0.36730233665172796,37,435,105.06930467903912,3,1,2,Northeast,Pro,Mobile,0.0
1639,82.32172235398384,0.8567855652266307,24,409,109.48493783879088,2,1,4,South,Standard,Tablet,0.0
2260,59.76766473935774,0.10402233665697647,16,271,47.5871876235607,0,0,1,Midwest,Pro,Desktop,0.0
438,27.382649978344382,0.78875753389828,19,133,63.4478992983959,2,1,1,Mountain,Standard,Mobile,0.0
1026,34.0009217536257,0.4929984100004541,7,103,47.24886009960738,0,1,1,Mountain,Pro,Desktop,0.0
2975,27.057276813153862,0.8666246248352741,21,20,63.2854016191784,1,1,1,West,Enterprise,Desktop,1.0
450,53.841988035355065,0.5886916266988362,3,91,45.2184433549447,1,0,1,Mountain,Pro,Desktop,0.0
692,39.486839707284446,0.6187380131022482,0,148,28.470782127962213,2,2,2,Midwest,Standard,Desktop,0.0
1961,82.07272262192156,0.534902515958855,33,446,,2,1,1,Northeast,Standard,Mobile,1.0
2393,49.21110232597465,0.9352636006300906,28,308,42.358413916825064,2,0,5,Mountain,Standard,Desktop,0.0
1910,83.72873352690257,0.7375627657194122,40,283,79.6469554849058,0,1,3,South,Standard,Desktop,0.0
2190,32.52096453948478,0.9325681989102628,4,103,81.2955208744028,2,1,1,West,Standard,Mobile,0.0
1115,64.9768928732952,0.9487627453684098,48,240,74.6879229350786,1,1,1,Northeast,Standard,Desktop,1.0
2990,42.51278464453455,0.929283570542078,23,62,63.681794521504585,1,1,1,Mountain,Standard,Desktop,1.0
2148,35.221095237282796,0.4833750714847317,11,196,65.26476396588312,2,0,1,Midwest,Standard,Mobile,0.0
694,65.42991539925565,,4,387,,2,1,1,Midwest,Basic,Desktop,0.0
868,73.08280008563509,0.6186850717626133,19,319,,2,1,4,South,Standard,Tablet,1.0
838,43.60504463369284,0.9087922243897782,25,208,54.626126612754035,0,0,0,Midwest,Standard,Mobile,0.0
2641,31.822779210611134,,32,274,46.87813270107385,2,3,2,Mountain,Pro,Desktop,1.0
715,54.94685874250973,0.27967209107362784,26,288,44.916500292271294,4,1,0,Midwest,Standard,Desktop,1.0
683,59.32442372555912,0.859813967930171,18,64,55.122502811032334,0,1,1,South,Standard,Desktop,0.0
888,68.76282921900354,0.3887316751259156,31,260,75.50468981347836,2,1,2,Northeast,Standard,Desktop,1.0
1059,42.28419142387159,,7,104,56.67954420278035,0,1,2,Midwest,Standard,Mobile,1.0
2369,58.541918708162775,,30,82,47.48663569135635,0,0,1,Midwest,Standard,Mobile,1.0
379,70.59602574918654,,20,304,65.52166929144198,2,0,1,Northeast,Basic,Desktop,0.0
2833,73.85897488990086,0.04758459888566774,41,389,67.38399920236775,2,1,2,Northeast,Basic,Desktop,0.0
355,44.677814129700906,1.0035556113062971,37,129,59.13663547291483,0,0,0,West,Basic,Mobile,0.0
1431,39.18401211026847,0.7895421957518243,4,62,,0,2,1,Mountain,Basic,Mobile,0.0
1053,55.48598479181403,0.26297239761912317,12,229,42.143280602492254,1,0,0,Mountain,Basic,Desktop,0.0
605,34.70403315301668,0.6818494960652788,12,192,53.713785097590645,0,1,3,Mountain,Pro,Mobile,1.0
742,52.41170199206553,0.2959421529317497,2,340,29.29344814219859,1,0,3,Mountain,Standard,Desktop,0.0
2688,79.13099970387948,,25,282,74.8336862751757,1,0,1,South,Standard,Mobile,0.0
2208,75.32975012316754,0.41072627914782106,41,355,82.55904415528545,3,0,2,South,Basic,Mobile,1.0
1339,46.4952129029988,0.6565179353254154,19,178,51.71977804047947,2,1,3,Midwest,Basic,Desktop,0.0
2679,61.2472183263683,0.813983890517564,20,236,54.736407132888765,2,0,1,Midwest,Basic,Mobile,0.0
179,60.01008406357366,0.7661442039707347,36,272,56.37855165317433,2,2,3,South,Standard,Mobile,1.0
2626,32.910834155451376,0.7820706736659361,0,105,52.03852690629897,0,1,3,Mountain,Basic,,
1967,50.867117578193614,0.8641409445175005,38,186,49.30486689551914,1,0,0,Midwest,Pro,Desktop,1.0
644,70.34837399584723,0.3909142716372613,27,512,90.61498293344758,3,0,3,South,Basic,Mobile,0.0
2237,87.22825682278456,0.8021532168204248,53,461,152.4608167214492,2,1,2,Northeast,Pro,Mobile,1.0
2385,57.68957005476521,0.33632054327259936,43,328,60.78040740171471,0,1,4,Northeast,Basic,Mobile,0.0
2436,66.25223079861863,1.0323366082939707,23,295,62.08965510957597,1,0,2,South,Standard,Mobile,1.0
1663,67.87469060396384,0.880859096468049,21,232,52.74457256413213,0,2,1,Midwest,Basic,Mobile,0.0
2413,46.057519168578295,0.6614731036013143,34,211,48.647933248327284,0,1,6,Mountain,Pro,Desktop,1.0
1980,57.66043833200575,0.6427386750460009,23,417,61.34341581682459,2,1,2,Mountain,Pro,Mobile,0.0
2366,50.8701697842572,0.841854541716475,15,76,54.89596270108728,1,2,4,West,Standard,Mobile,1.0
1840,47.44117261566036,0.7921390374568614,28,156,53.93773857395239,2,1,4,West,Standard,Desktop,0.0
175,72.87226671280213,0.3796303989939525,16,315,78.92382492501187,2,0,3,South,Basic,Tablet,1.0
530,29.10553761252851,0.5586350239269273,9,166,63.323525189928596,2,2,1,West,Standard,,1.0
394,54.51123650496628,0.997325081415513,25,205,64.7325919334912,1,1,2,Midwest,Basic,Mobile,
1265,57.40412890616848,0.23792000500380783,24,241,65.60923634066836,1,0,3,Midwest,Standard,Desktop,0.0
2358,38.10562735410981,0.9181200004022227,30,84,38.80621986894565,1,1,4,West,Standard,Desktop,0.0
296,56.02250027960173,0.9276946247565719,42,246,52.414010838203986,0,1,0,Midwest,Pro,Mobile,0.0
1549,47.572667514205406,0.6445703715223355,2,129,45.68739675008916,1,0,1,Midwest,Basic,Mobile,0.0
1516,72.70985409963768,0.10531286547681684,32,363,125.15537077969469,0,2,1,Northeast,Basic,Desktop,1.0
1788,96.74520210240536,0.345700159894054,34,458,120.25302548946618,2,1,5,South,Basic,Mobile,
1006,49.33112973358311,0.44736994976069394,25,233,,2,1,3,Midwest,Standard,,0.0
2194,67.3523070440499,0.701326595347825,32,295,71.78737810715994,1,2,1,Northeast,Pro,Mobile,1.0
1579,68.08482345073526,0.1050207946076527,7,240,56.38608179381622,2,0,1,Northeast,Basic,Desktop,
1206,55.48526679790267,0.34466149426404963,10,129,35.60811916935653,2,1,3,Mountain,Standard,Mobile,
1079,53.95453526571234,0.6999592419168437,21,233,46.21573525867958,0,0,3,Mountain,Standard,Desktop,1.0
2650,85.2160474458457,0.25391827905265046,44,328,94.04962343901207,1,1,1,Midwest,Standard,Mobile,0.0
1822,26.59841532167939,0.8825025478592068,19,277,54.671144369503054,1,2,1,South,Standard,Mobile,
1444,26.336717229144966,1.006830305209881,49,58,74.56008100926182,2,1,4,West,Pro,Mobile,0.0
2574,46.15413915841132,0.4942364882873529,23,284,48.2843852756923,1,1,0,South,Basic,Tablet,0.0
2432,40.47775867565328,0.48520448317802867,7,121,,3,1,3,West,Basic,Desktop,0.0
1762,43.659518879771916,0.9137347091201178,9,155,57.943602869307,0,1,2,Midwest,Standard,Desktop,1.0
1257,34.040657468426225,0.7367221695294673,22,249,67.16304611251405,0,1,2,West,Standard,Mobile,1.0
2758,37.88989238288984,1.02830368650903,24,224,61.958211573420975,1,0,0,Mountain,Pro,Mobile,1.0
937,73.51693971381368,0.4184740274914006,16,408,58.74332739323038,2,0,1,South,Basic,Tablet,0.0
343,46.1215841519169,0.908373048100992,32,244,36.516264970803704,0,1,1,Midwest,Basic,Mobile,
499,24.654426144140388,0.8849176746128072,28,91,52.60383939705049,1,2,4,West,Basic,Mobile,0.0
2719,89.15442870282023,0.6058380354369103,43,412,,1,1,3,Northeast,Standard,Desktop,0.0
470,35.77388887824528,0.829331660188968,9,319,,1,1,3,Mountain,Pro,Desktop,0.0
2018,48.82009721275541,0.6568066351851243,32,273,41.20459178038975,1,0,1,Mountain,Standard,Tablet,0.0
2815,51.740669567103645,0.4706237017738062,12,242,46.3165817400386,2,1,1,Midwest,Standard,Desktop,0.0
1022,48.33709834049847,1.027374717774198,51,189,75.78769674568717,1,1,1,Midwest,Pro,Tablet,1.0
65,40.509919360409214,0.6820720454449659,7,77,77.00177984677838,1,1,1,West,Basic,Mobile,1.0
2536,65.15801206750837,0.5153879054555894,28,204,62.84511207985959,1,2,2,South,Standard,Mobile,1.0
176,75.03910654506089,0.2592926906444092,50,496,,0,0,4,Northeast,Basic,Mobile,0.0
1691,81.1141189051992,0.5307198436973344,47,311,119.52949348742193,1,1,0,Northeast,Standard,Mobile,
3,74.97577333057295,0.3414734845691142,42,156,35.36045418712484,3,1,1,South,Basic,Mobile,1.0
1144,35.90363228907555,0.556058032973366,21,85,76.96088469537082,1,2,5,Mountain,Basic,Mobile,1.0
1601,49.95854462429953,0.7501409218320028,27,151,,0,1,2,West,Basic,Tablet,
2573,65.18708622148357,0.540359023107307,26,398,50.949460630622404,1,3,0,South,Standard,Desktop,1.0
70,42.470359953328085,0.28896991627151497,9,168,52.55960670649107,1,2,2,Mountain,Pro,Mobile,0.0
1952,49.385578083200414,0.6436284138674945,7,276,33.21832664322731,0,2,1,Mountain,Pro,Desktop,0.0
1390,77.67855585405513,0.45529753220519864,27,447,,0,1,3,Northeast,Pro,Mobile,1.0
1902,23.53094045148175,0.6230611426104783,23,20,,2,1,3,West,Basic,Mobile,0.0
1561,73.71559076159787,0.6044409292761397,19,338,67.21878149342805,2,1,5,Northeast,Basic,Tablet,
2384,39.79308350814753,0.5559668604068099,24,144,47.487011163973236,0,1,2,Mountain,Standard,Mobile,1.0
952,64.83620998823747,0.825303660417269,18,150,44.396716939347996,2,1,3,Midwest,Basic,Mobile,1.0
1775,74.55058789830892,0.6545882192672196,49,356,124.92986447737975,0,2,1,Northeast,Standard,Desktop,0.0
903,18.437726745991576,0.6770040146416271,1,168,70.84292017290348,2,3,1,West,Pro,Desktop,1.0
2338,69.87323358072635,0.23838024565692445,44,292,100.16463129235147,2,1,2,Northeast,Basic,Mobile,0.0
1485,72.45700463203933,0.6800993400618789,24,391,73.81195942910921,1,1,1,South,Pro,Desktop,0.0
67,31.492433901750243,0.4858970283341987,16,102,53.20855151036171,0,3,1,West,Basic,Desktop,0.0
1307,53.82295879412651,0.49747831414765936,13,355,57.99783249712263,3,0,4,Northeast,Basic,Desktop,0.0
2458,49.06523718571409,0.3261992318491166,9,218,51.57928781528817,2,0,2,Mountain,Basic,Tablet,0.0
183,47.21692360489984,0.9161249328437145,30,158,36.41051767041222,0,0,4,Midwest,Pro,Desktop,0.0
2596,56.896109353948866,,29,224,41.53634356236067,2,1,1,Midwest,Basic,Mobile,0.0
1487,43.88957366138518,0.7760083094679328,24,20,,2,1,2,Mountain,Standard,Desktop,
604,72.44188243264135,0.6646863313224343,41,454,63.727914672518885,1,1,2,South,Basic,Mobile,1.0
2116,60.24718452407764,0.5664849096151842,21,172,43.72670917575414,2,0,2,South,Basic,Mobile,0.0
949,35.44186908543899,0.8172878016924093,15,182,40.76880295366054,1,1,3,Mountain,Basic,Mobile,0.0
2266,71.97039680678891,0.250245164221351,14,388,76.37468445286738,3,0,4,Midwest,Basic,Desktop,
1948,45.805850378132064,0.8240076432444139,24,196,45.9809675729752,1,0,3,Midwest,Standard,Mobile,
413,49.07398210210692,0.28374119697328365,14,214,46.94398562919544,3,0,3,Midwest,Basic,Mobile,0.0
2069,38.3059886788725,0.6836126934755198,17,346,36.8137213955823,1,1,5,West,Basic,Desktop,1.0
628,38.387736707140775,0.39336477151388105,27,157,,0,1,2,Mountain,Basic,Desktop,1.0
2918,36.80646680772737,0.48924833575962307,17,140,55.686842471218895,2,1,2,West,Standard,Mobile,1.0
811,43.678034446137914,0.7598810368874209,1,320,35.473696119249595,2,1,3,Midwest,Standard,Desktop,0.0
494,75.13374813693804,0.7624312811189244,30,297,,2,1,4,Northeast,Standard,Tablet,0.0
921,76.3704672986255,0.5942936279848885,51,284,,0,1,7,Northeast,Basic,Mobile,0.0
1635,29.84022891746452,0.4664144349384864,0,87,,3,1,3,West,Pro,Mobile,1.0
1147,37.88037620554269,,33,312,55.94222826116897,0,0,1,Mountain,Basic,,0.0
2633,68.12548116585441,0.81084205806179,37,472,49.98653049100153,0,0,4,South,Standard,Mobile,0.0
528,69.52498153301389,0.278984626978427,44,319,57.89803088784738,1,0,4,Midwest,Basic,Mobile,0.0
1110,91.50758543826706,0.4463373581948803,27,431,67.18474804151846,0,2,3,South,Standard,Mobile,0.0
1511,96.59343242266841,0.4024672633535231,22,414,153.62339879235495,0,1,3,Northeast,Basic,Desktop,0.0
693,75.26207223292617,0.22667566463818797,24,383,,2,1,8,South,Basic,Mobile,
547,38.8050948567041,0.9686563959686832,6,91,42.40708295577642,1,2,3,West,Standard,Mobile,0.0
359,64.03028370476636,0.7750591182491446,28,368,44.64521086269318,3,0,3,Midwest,Standard,Desktop,0.0
1052,58.72177551588906,0.5116943735798043,34,370,51.34288740713388,2,1,0,Midwest,Basic,Desktop,
2051,53.20167983831253,0.7254525429161078,29,210,50.96183003745234,1,0,4,Mountain,Standard,Mobile,1.0
2395,71.25760878609384,0.32399544921688017,8,534,71.06358927446067,3,1,1,South,Basic,Mobile,0.0
2389,74.83120684305962,0.8733174444567033,39,207,90.70212885638523,1,0,2,Midwest,Enterprise,Desktop,1.0
1305,83.56662069456951,0.34135661820895485,48,335,139.4361040999026,3,1,2,Northeast,Basic,Mobile,
2663,45.62441766120566,0.869732965890372,17,308,51.080622888228866,1,2,5,South,Enterprise,Mobile,1.0
925,84.61732998205167,0.5218471213500243,47,248,123.33661065904718,2,0,5,Northeast,Standard,Mobile,0.0
1416,32.31377686022276,0.44419720364731263,24,230,36.00056768515667,1,1,2,Mountain,Basic,Desktop,0.0
703,76.63057875103902,0.6656012370099227,39,243,111.02101217571403,2,2,2,Northeast,Basic,Tablet,1.0
1913,57.56191016830113,0.5095005801244761,26,207,48.6828070072604,3,3,5,West,Basic,Desktop,1.0
2902,68.39315809244678,0.721318844497274,42,197,40.359134236628414,0,1,4,South,Standard,Mobile,0.0
1640,50.722075960421876,0.5582462556640883,15,45,60.02074876873889,2,2,3,Midwest,Basic,Mobile,1.0
1072,76.54694605576006,0.9709010834212839,30,301,36.89118868593214,2,0,2,Midwest,Standard,Mobile,0.0
1809,84.27909345349951,0.3582798445791715,35,465,100.76281143541212,1,1,3,South,Basic,Mobile,0.0
2034,62.31441350727669,0.051078197166950695,27,162,40.739053438706996,1,1,2,Mountain,Basic,Mobile,1.0
2096,60.11707719806904,0.8914142403080964,24,171,50.173090245185186,1,0,6,Midwest,Pro,Desktop,1.0
2727,92.04324935419005,0.5638821925373807,18,501,104.85712872877828,1,1,1,Northeast,Standard,Desktop,
1479,61.35811976778761,0.5345251999748653,21,388,63.33094084433206,2,1,1,Northeast,Basic,Mobile,0.0
2848,31.802702995259928,0.6082595997950986,11,59,51.906578057781864,2,1,2,Midwest,Standard,Tablet,0.0
717,54.1291213397549,0.25713720214033714,16,279,58.93297886687499,2,1,2,Midwest,Basic,Desktop,0.0
579,44.253383573480164,1.1117832255845015,23,161,,2,1,3,West,Standard,Desktop,0.0
597,83.80602338005096,,44,429,,3,1,1,Northeast,Standard,Mobile,0.0
1884,82.8863287132102,-0.14092333360797105,25,292,76.1607671861933,2,0,3,Northeast,Basic,Tablet,1.0
1354,47.73706306859397,0.21650548868547068,19,149,37.8280437400131,2,2,1,Midwest,Standard,Desktop,0.0
2136,49.17801775974758,0.48903487012783387,28,167,50.213341577570816,1,2,1,Midwest,Basic,Mobile,0.0
820,49.77183262400115,0.8332528052521764,31,67,57.63251986212215,0,0,3,Midwest,Standard,Mobile,0.0
1522,21.619309315643285,1.0709826040189556,22,83,86.54428452811435,2,3,2,West,Basic,Mobile,1.0
702,64.86740704308582,0.7693549504179242,22,365,72.4899616568292,1,0,4,South,Basic,Tablet,1.0
700,61.65074554216261,0.2603645143489218,20,363,46.690919517120356,2,0,2,Midwest,Basic,Tablet,1.0
2715,40.30290719199945,0.6616943933279433,21,211,52.80339087851545,1,2,2,Mountain,Standard,Tablet,0.0
50,72.87148089854497,0.7401120909484666,39,331,73.65071061241949,2,0,4,South,Standard,Desktop,0.0
527,23.1823621292353,0.7368915727275716,27,116,,2,2,0,Mountain,Standard,Mobile,0.0
2236,55.90946697653186,0.7909992954502996,12,85,58.206546566583825,1,1,6,Mountain,Pro,Desktop,0.0
309,68.3463122747359,0.4901802309966541,33,311,67.80050879340132,1,0,2,Midwest,Standard,,0.0
1230,55.019359415273904,1.0539449411432016,21,171,29.21782285703425,1,0,6,Mountain,Standard,Desktop,1.0
95,62.53599134432453,0.31549609799165435,14,309,52.06310241398837,1,0,3,Midwest,Standard,Tablet,1.0
2570,73.09946486972773,0.522343107631488,19,330,49.37396884834892,1,0,2,South,Standard,Mobile,1.0
674,57.25214930469464,0.3265015561916786,17,320,43.00165172046989,2,0,2,Midwest,Basic,Desktop,1.0
105,21.725134549051983,1.1227232309266653,11,167,69.03058674595795,0,1,4,Mountain,Basic,Desktop,0.0
2755,67.1658371543953,0.2502990559860657,29,427,61.7677448522821,2,0,0,Northeast,Standard,Mobile,0.0
2808,56.415092706501675,0.4279706710031587,11,181,35.8756061864507,0,1,3,Mountain,Standard,Mobile,1.0
2569,43.233069572739666,0.5227300307614509,24,154,32.305780616527144,1,1,2,Mountain,Standard,Desktop,0.0
658,39.649103725680774,0.4036600690841835,0,199,73.67801633605295,1,2,0,Midwest,Basic,Desktop,1.0
180,64.346543700081,0.8361991472993956,41,167,55.8820721758231,2,1,5,South,Basic,Desktop,1.0
1839,50.06496243630727,0.8041401923332303,11,228,53.09751532525793,1,1,5,Mountain,Pro,Desktop,0.0
1990,63.96802577471618,0.7379697830864292,31,297,54.29528302954709,1,2,1,Midwest,Pro,Desktop,0.0
2799,86.75062856622515,0.4095331394962865,34,297,70.91858361932205,2,0,2,South,Basic,Desktop,1.0
926,47.25034709099962,0.7438733587927189,15,181,70.93554506712795,1,1,2,Mountain,Standard,Tablet,0.0
1667,85.38243800338839,0.3324246521180873,32,604,134.0475079418436,1,1,2,South,Standard,Desktop,0.0
2187,77.74824422668752,0.35554181162339704,33,472,62.691285203480504,1,0,0,Northeast,Pro,Desktop,
1297,47.08938052145587,0.7693802639931042,8,179,60.07604914378591,1,1,2,Mountain,Pro,Mobile,1.0
661,26.79294208783628,,5,100,80.0543611489883,0,3,1,West,Basic,Desktop,0.0
564,53.08038859625888,1.0727726141334684,42,193,42.82406060356048,1,0,3,Mountain,Basic,Desktop,1.0
2662,79.57070225642592,0.4766891689312637,22,345,79.37079218916726,0,0,3,South,Standard,Mobile,1.0
650,36.275476057695464,1.2176569220596087,11,20,56.78064605088574,1,2,2,Mountain,Standard,Desktop,1.0
2666,36.57109546727648,0.7562954672842204,16,20,,1,2,0,West,Standard,Mobile,1.0
2985,51.35397067471962,0.8710279826110712,29,187,44.002413813263054,1,1,4,Mountain,Basic,Mobile,1.0
2522,56.27163240676982,0.7546966522600055,39,310,55.62394390235015,1,0,2,Midwest,Basic,Mobile,1.0
2244,53.24296373680934,,12,211,38.82539728032261,3,1,2,Mountain,Basic,,0.0
327,66.27826489402,0.19225964157391467,34,218,45.65791204052431,1,1,6,Northeast,Basic,Desktop,0.0
1374,91.26748211891038,0.6724833373175558,34,478,106.9291011481256,1,0,3,South,Standard,Mobile,0.0
2062,52.3405184045441,0.8658713121171662,33,20,35.85006378060116,2,1,2,Mountain,Pro,Desktop,1.0
2950,66.8652059397753,0.22041133787730352,30,376,64.60238932843784,2,0,3,South,Basic,Desktop,1.0
866,56.447782959699104,0.3136822900399657,10,254,,3,1,2,Midwest,Basic,Mobile,1.0
2045,80.83722679164467,0.48596623542148887,43,535,138.78555441901023,1,1,0,Northeast,Basic,Desktop,1.0
1570,47.75494362974354,0.9783734928130841,23,194,,3,1,4,Mountain,Standard,Tablet,1.0
1249,47.52746907189249,0.5159004138525691,21,272,35.139184506053944,0,0,5,Midwest,Enterprise,Desktop,1.0
1939,67.92490290616207,0.47607946264035067,29,387,,2,1,1,Northeast,Basic,Mobile,0.0
809,63.13993753800004,0.3820594095778821,29,169,35.122448345561224,2,0,0,Midwest,Basic,Mobile,0.0
31,63.77878730560046,0.5468964617539007,31,347,66.58121283035037,2,0,2,South,Standard,Mobile,0.0
2129,78.5467365849278,0.35942411810492025,31,512,113.23203816368655,2,1,2,Midwest,Basic,Tablet,0.0
1283,31.129980500739755,0.7654468696201927,19,28,57.577365493400606,2,3,1,Mountain,Standard,Desktop,1.0
130,64.35325351039133,,43,269,64.56425858262925,2,1,6,Midwest,Pro,,
560,71.59265454475488,0.7805713865086642,32,340,71.21134131013484,1,0,3,Northeast,Standard,Tablet,0.0
1740,52.46545150188566,0.6685304646779351,21,351,,2,0,4,Midwest,Standard,Mobile,0.0
943,50.41383952815668,0.8375972391726544,18,326,43.48270524520977,3,1,5,Midwest,Standard,Mobile,1.0
2954,63.152209523093866,0.2030186211072955,13,317,45.78809422497333,1,0,2,South,Basic,Desktop,
1196,52.658663119763595,0.44939172085829004,17,216,15.926021687549614,0,1,2,Mountain,Pro,Desktop,0.0
1835,72.27504816752719,0.49769864495844335,30,278,68.77677673442071,3,1,3,South,Basic,Mobile,0.0
1108,73.47109573864782,0.34965759743183916,32,297,71.26872521596769,1,1,3,Northeast,Basic,Desktop,1.0
465,76.44762668522327,0.7236032445284654,43,323,86.53139692097169,0,1,0,Midwest,Standard,Mobile,
561,60.90887359789647,0.6101439797055042,19,307,,1,2,2,Mountain,Basic,Mobile,0.0
956,23.977304338823348,0.33897963538708986,2,35,77.53913589720776,1,2,4,West,Basic,Desktop,1.0
864,69.5631174843465,0.43391721092506547,20,367,48.839319313631684,1,1,3,Midwest,Standard,Tablet,0.0
463,78.25082564596106,0.5817646012311775,41,357,121.84081033522995,1,1,2,Northeast,Basic,Desktop,1.0
606,67.63193144546067,0.343727411872282,54,452,74.73378212048341,2,2,2,Midwest,Basic,Desktop,
275,92.89192748088081,0.1626025814464927,38,278,,1,0,3,South,Standard,Desktop,1.0
2328,56.430759989601015,0.455922842277461,28,315,33.861045393886364,2,1,0,West,Basic,Mobile,1.0
2632,60.34611249623949,0.6956768555370973,28,305,54.378716014349116,1,1,4,Northeast,Basic,Desktop,0.0
2391,50.28629067013986,0.6625347028148265,24,248,,1,0,1,Mountain,Standard,Tablet,1.0
1050,62.191741381073555,0.8531136588390189,11,285,60.3899081761733,0,0,2,Midwest,Basic,Tablet,0.0
2639,50.64175356065391,0.9363872876652306,22,210,45.42177385642011,1,1,0,Mountain,Pro,Mobile,1.0
2946,39.01614479325912,0.7967422209510113,23,209,,0,1,2,Northeast,Standard,Desktop,0.0
928,34.45459415706451,0.5406467860162855,9,177,71.4011416498943,1,2,3,West,Standard,Desktop,1.0
614,39.49795665473187,1.012315596198833,8,123,,2,1,4,Mountain,Enterprise,Desktop,1.0
2969,50.66632198026428,0.9354077951354491,14,181,52.48724052598106,0,0,4,Midwest,Enterprise,,1.0
1882,59.13809592288517,0.39435946611280454,8,350,,2,2,5,Mountain,Basic,Mobile,
2189,53.95598901007067,0.470297920338545,8,272,40.58808708934135,1,1,2,South,Basic,Mobile,1.0
938,53.3104807000406,0.40200339657538325,32,287,23.99223638471743,1,0,1,Midwest,Basic,Mobile,0.0
1335,56.89224437925414,1.0480189798799806,12,28,,2,1,3,West,Standard,Desktop,0.0
2932,54.91657325346634,0.2126433621827506,25,309,39.52156473770616,3,1,2,South,Basic,Mobile,0.0
2046,92.57673282272788,0.18888340573821277,25,461,114.95651478298056,1,1,3,Northeast,Basic,Desktop,
373,60.905531306786,0.2563600324753158,12,241,46.870536905523224,2,1,3,South,Basic,Desktop,0.0
1629,58.899237218460456,0.5863984296156639,28,182,26.4031405516159,1,0,3,Midwest,Pro,Desktop,0.0
2883,110.27276691163132,0.6992018382719825,38,351,166.88703197834593,1,0,3,Northeast,Basic,Mobile,0.0
1033,73.29577184380135,0.5032727229449623,36,351,78.07399171507384,2,1,2,Mountain,Standard,Mobile,1.0
740,71.43780401817546,0.6207195599689922,21,300,,2,2,2,South,Basic,Mobile,0.0
2774,76.04521895892347,0.7372014640229065,25,379,81.09942549400732,2,1,2,Northeast,Standard,Mobile,1.0
922,72.06583184722494,0.48985481160822564,29,422,72.69693161830061,2,0,3,Midwest,Standard,Mobile,0.0
496,48.685229312639365,0.7791928011143923,34,132,51.09193708886388,2,0,3,Mountain,Standard,Desktop,1.0
583,47.55761324580976,0.5204687592546697,16,182,33.20748995088773,1,1,1,Mountain,Pro,Desktop,0.0
2496,79.8155242887088,0.4527463290911681,33,541,,1,1,4,South,Basic,Mobile,0.0
2716,65.46402944693746,0.4719216456280658,33,303,,1,0,1,Midwest,Standard,Tablet,0.0
1700,87.4605138138872,0.5701849324656667,33,399,112.97178835046608,3,1,2,South,Basic,Mobile,1.0
1502,31.030274149356305,0.9124328335342587,20,111,64.39918752621837,1,1,1,West,Pro,Mobile,0.0
2198,27.291857240391032,0.7655180162452815,23,77,56.059707087004234,1,0,3,West,Standard,Desktop,1.0
2316,92.37276388221981,0.23584000025514734,32,423,140.55797605535776,2,0,1,Northeast,Basic,Mobile,1.0
1797,27.39895360489173,1.1030145092034696,18,88,68.42283581198973,1,2,0,West,Enterprise,Mobile,1.0
2141,65.22588809246895,0.5024542998970443,31,165,28.552919302760785,3,0,3,South,Standard,Mobile,
27,44.77053841578028,0.24785746842494505,27,27,27.414412913834237,2,0,1,Midwest,Basic,,0.0
929,57.12593676122545,0.9179055927382976,19,134,22.724290845810295,1,0,2,Midwest,Standard,Mobile,0.0
2054,45.00712397487269,0.20673858428321587,25,243,25.21654352255632,2,0,4,West,Basic,Mobile,1.0
2873,57.25291023516819,0.8922257918694089,29,20,44.497394791371946,1,1,3,Mountain,Basic,Desktop,0.0
56,64.8219128547065,0.5484372199110569,26,255,56.072751519053035,2,1,1,Northeast,Basic,Desktop,0.0
1334,27.951882955634325,0.35594492761445795,12,62,,1,2,2,Mountain,Standard,Mobile,1.0
686,40.622516755224254,0.48204742898573716,9,108,50.76907469679779,1,1,3,Mountain,Standard,Mobile,1.0
1336,83.86517519040041,0.7475483508808438,46,411,94.80602345588407,2,0,0,Northeast,Basic,Desktop,1.0
1007,74.35280753944399,,23,179,79.85436208030347,2,0,2,Midwest,Basic,Mobile,1.0
229,45.1132593226066,0.26550818113951613,10,289,27.98735321749592,2,0,3,South,Standard,Tablet,0.0
1928,51.685668474474845,0.4447945539440977,18,333,23.48758064403907,2,1,3,Mountain,Standard,Desktop,1.0
98,47.631342420045584,0.7937918240907903,28,137,48.19784655656027,0,2,4,West,Standard,Desktop,0.0
277,60.143984762825845,0.5150489718744271,20,424,44.54246929677154,0,1,2,Midwest,Basic,,
1344,41.10285435589134,1.1443085569229368,16,106,58.138722417319734,1,1,1,West,Pro,Mobile,0.0
114,59.92178035191222,,20,358,69.62015459218954,1,0,2,South,Standard,Mobile,1.0
959,27.615779829003205,0.48266685992703084,13,116,78.81916484201652,0,2,0,West,Standard,Mobile,0.0
480,69.09587504331398,0.5286814859927514,24,331,81.31378249186861,0,0,4,Northeast,Basic,Desktop,0.0
388,44.69744036557112,,16,168,41.34093769802125,2,0,1,Mountain,Standard,Mobile,1.0
814,53.20738883567853,0.3970988616500381,18,299,36.167946334578865,2,1,4,Mountain,Basic,Mobile,1.0
469,46.37428316316993,1.0185096860664333,13,204,37.46212213844366,1,1,1,Midwest,Standard,Mobile,1.0
1127,74.92821509058578,0.6483796235153085,32,435,,3,0,3,Midwest,Basic,Mobile,0.0
96,38.09691094905136,0.6758402881189793,13,228,57.37831863688709,2,1,2,West,Standard,Desktop,
1845,68.1926328424287,0.7863011152990975,29,149,44.95272909953312,2,0,2,South,Standard,Mobile,0.0
2678,71.56588202013988,0.6656536178784405,17,406,47.44586535135581,1,1,5,Midwest,Basic,Mobile,0.0
636,59.12053730760709,0.7906661516407112,21,273,,1,1,0,South,Basic,Desktop,1.0
1808,60.212045929098224,0.5680240685603641,19,148,52.66712821955844,1,1,4,Midwest,Standard,Mobile,1.0
2705,33.99745701615483,0.3748175442882563,6,20,40.70777990337059,2,2,4,Mountain,Pro,Mobile,
623,66.4377887289076,0.9623093381929555,36,148,86.10111868563602,1,0,2,Mountain,Basic,Mobile,0.0
336,57.02736950922849,0.3020184650963411,19,230,27.295787576253193,1,0,4,Mountain,Basic,Desktop,0.0
1925,22.792748170842444,0.36862672215430564,20,199,67.14260428616218,1,2,4,West,Standard,Desktop,1.0
1346,55.559976604358326,0.43642846561576965,21,146,32.83314609703078,1,1,2,Midwest,Standard,Mobile,0.0
1743,51.79918033470565,0.33705576891628386,21,248,28.46773287420001,1,2,4,West,Basic,Desktop,0.0
548,65.56495616684288,0.5149634750878853,40,301,43.961449333763795,0,0,4,Midwest,Standard,Mobile,0.0
2995,64.63234227712753,0.5599718821578695,18,285,,0,1,5,Midwest,Standard,Desktop,0.0
1795,87.05262324186563,0.6642310360192287,21,416,113.53563071137526,2,1,3,South,Standard,Desktop,1.0
2857,53.455019164911306,0.5192851071771706,13,134,49.55050721738344,1,2,3,Midwest,Standard,Mobile,
910,89.86560161384128,0.4569264264526621,18,452,,3,1,2,Northeast,Basic,Mobile,1.0
912,58.75163490296564,0.8157399881208733,20,296,65.60638505998665,3,1,4,Midwest,Pro,Mobile,1.0
1852,45.38664972199227,0.16972070006905243,0,79,34.56738460248451,2,0,1,Midwest,Basic,Desktop,0.0
2278,59.774831119495566,0.9565414545580784,22,312,59.86530838114999,2,1,3,Northeast,Pro,Mobile,1.0
1246,45.394405843455814,1.0179757362968593,11,146,,1,1,2,Midwest,Basic,Desktop,0.0
1027,46.33656877621747,0.7218431806231712,18,182,39.63587822551564,2,3,4,Mountain,Pro,Mobile,0.0
526,45.622901343483385,0.7184069445625954,30,230,57.939521923749425,1,1,3,West,Standard,Desktop,1.0
1154,60.776225827412375,0.4450549095244343,18,134,58.630593231472616,4,0,2,South,Basic,Desktop,0.0
1794,25.071804944446363,0.9143734612082303,11,66,63.94518521441473,3,0,3,West,Pro,Mobile,1.0
1105,66.03313597128415,0.3434375773526085,27,342,37.558329172135224,2,1,3,Mountain,Basic,Mobile,1.0
264,69.15875838981599,0.30651669992850905,18,399,71.03903241263487,1,2,2,South,Basic,Desktop,0.0
567,67.9748356480449,0.26623908158057014,28,285,51.09111020077758,1,0,3,Northeast,Basic,Desktop,1.0
1953,52.87809977450356,0.3209019861320904,16,392,,1,1,3,Mountain,Basic,Mobile,0.0
2428,41.46997737715126,,0,23,48.88324872361689,1,2,1,West,Basic,Desktop,
2600,48.42493555680496,0.8110110003486297,18,244,48.930210568357666,0,3,3,West,Basic,Mobile,1.0
572,75.59444575834338,0.5792895706774054,38,330,133.4659640465702,1,0,3,Northeast,Basic,Desktop,
2072,59.39633942177255,0.9141011428602072,22,157,,1,1,2,Midwest,Standard,Tablet,0.0
318,57.425906729893455,0.9471012067740957,40,219,61.969446773551375,1,1,1,South,Enterprise,Mobile,0.0
2078,71.43482779918855,,33,128,69.39750168650701,2,1,3,South,Standard,Desktop,0.0
2698,62.9562735106667,0.5201670605789721,17,374,49.304166289848986,0,0,3,South,Basic,Mobile,0.0
2952,73.80720444308929,0.23933792206587667,30,419,63.06989386094607,2,0,2,South,Standard,Mobile,1.0
1560,55.008581595102456,,11,244,36.73437547279232,1,0,3,South,Basic,Desktop,0.0
2106,85.65472571324334,0.4744085311347644,31,376,144.82720176469562,2,1,4,Northeast,Standard,Mobile,0.0
1349,33.93535174948494,0.5676463043629674,20,20,60.973423331309675,1,3,4,West,Basic,Desktop,0.0
1552,68.36534945378618,0.6017505337065047,41,335,,0,0,1,Northeast,Standard,Desktop,0.0
1987,65.46612724011949,0.40529353913314786,37,411,57.2724188712988,2,1,2,Mountain,Basic,,0.0
2102,41.570314379382765,0.5506544252025839,0,48,33.0815308923149,1,1,3,Mountain,Standard,Mobile,1.0
1749,65.7009485462543,0.49453679010115353,18,362,38.890791537522425,2,1,2,Mountain,Standard,Desktop,0.0
2526,86.41380309005075,0.6484947873103715,31,481,178.0821242977833,1,1,2,Northeast,Basic,Desktop,1.0
2803,73.07241190887474,0.18305033130059234,33,405,63.89375491774376,2,1,2,Northeast,Basic,Mobile,1.0
612,40.31385203123014,0.4814084165750322,16,166,56.39208359730882,1,1,2,West,Basic,Mobile,0.0
288,29.458778138798596,0.5499756380756335,12,106,64.32501743844507,2,2,1,West,Standard,Mobile,1.0
1938,77.2407281851192,0.7357154538149382,43,291,57.08188627973511,2,0,0,Mountain,Pro,Desktop,0.0
158,66.68193350684967,0.6097719092215125,40,351,58.262764946035475,2,0,4,Northeast,Pro,Mobile,0.0
672,79.0692590319515,0.4247710885754235,22,238,38.95817947472733,2,1,2,South,Standard,Tablet,0.0
519,40.43384469157671,0.6903340185148198,15,108,53.39154822622659,0,2,1,West,Standard,Mobile,0.0
1366,71.82003442436103,0.36586974460840244,37,295,83.5809772240307,2,1,1,South,Pro,Mobile,0.0
1664,57.4068387248846,0.8044237273067921,9,32,48.151644384953755,2,1,2,Midwest,Standard,Tablet,0.0
2157,22.396266231318773,0.5718089735441639,24,111,,2,2,3,Mountain,Basic,Desktop,1.0
2554,66.28581752140141,0.42224895772378646,51,401,123.66911241102115,2,1,0,Northeast,Basic,Mobile,1.0
1428,67.92328603386589,0.0008503716371249803,16,444,56.055732666756064,1,1,6,South,Basic,Mobile,0.0
2721,63.563430148495705,0.6052437039669014,17,305,66.40537775995166,2,0,1,South,Basic,Mobile,0.0
2160,53.84927717135252,0.7845044317758458,29,149,,0,0,0,Mountain,Standard,Mobile,0.0
673,60.488709288827735,0.5968598540733769,19,316,49.42786321038607,3,0,2,South,Basic,Desktop,0.0
2634,28.603389178445067,0.35416320637817733,6,20,,1,2,2,Mountain,Basic,,1.0
228,68.99134739806831,0.343747171344141,42,150,36.23700780887893,1,0,0,Northeast,Basic,Mobile,0.0
727,24.746517964489506,0.6493796323011922,9,112,57.46769795451433,1,2,1,West,Pro,Desktop,
2461,60.79670094770812,0.2373253091281408,17,325,61.83168686295757,2,1,1,Midwest,Basic,Mobile,0.0
1285,51.66913017034263,,10,240,50.95079089607825,1,0,3,West,Pro,,1.0
21,41.118775264133404,,8,120,54.64073919047105,2,1,2,Midwest,Standard,Mobile,0.0
1120,59.42070531372799,0.6300610664294355,39,319,58.37992421893088,2,0,3,South,Basic,Desktop,0.0
2800,61.11392958001229,0.5424419652477452,30,466,64.1389344021765,2,1,2,South,Basic,Tablet,0.0
19,53.84511073917013,0.581690750168507,17,121,40.40877900164132,3,1,4,Mountain,Standard,Mobile,1.0
1280,29.21625555201033,0.8355592650263854,24,124,50.56986762589227,1,2,6,Midwest,Pro,Desktop,1.0
2818,77.17317585698606,0.34763767956777925,42,320,58.12627803655352,1,0,3,Northeast,Standard,Mobile,0.0
383,57.71438023539653,0.8853348164387481,31,113,41.2291140105243,1,0,5,Midwest,Basic,Tablet,0.0
122,44.63782821897372,0.706932779962061,18,176,,1,0,2,West,Basic,Tablet,0.0
2347,59.82895927690638,0.016142745446147966,19,218,31.875594669155667,1,1,3,Midwest,Basic,Desktop,1.0
917,26.3256000718008,0.6998220979626227,6,49,58.91645002430926,2,1,0,West,Pro,Mobile,0.0
1496,40.5906995676405,0.5696612354019042,6,158,56.207657512689536,2,2,3,West,Basic,,1.0
2234,68.08278097507134,0.8092188661120929,18,312,62.97300903610704,1,0,2,South,Basic,Tablet,1.0
479,79.24193226001131,0.3157519046899652,30,445,125.46933184367032,2,0,5,Midwest,Standard,Desktop,1.0
2841,24.384932376273127,0.8005488572289307,4,235,92.80766252728738,1,1,3,Mountain,Basic,Mobile,1.0
665,33.26595146712768,,40,108,60.315626217443224,1,1,0,West,Pro,Desktop,0.0
492,41.595541397550846,1.0185500673845438,36,20,42.53176263167093,2,0,5,Midwest,Standard,Desktop,1.0
1138,78.90572641915591,0.5025115183734883,39,395,104.91417442909855,2,0,2,South,Basic,Mobile,1.0
863,78.6727679955865,0.3905125022990044,20,415,,1,1,4,Northeast,Basic,Mobile,1.0
755,61.83514395801339,0.7072964257441141,25,299,47.723872423477545,0,2,0,South,Basic,Desktop,0.0
890,78.13836124392706,0.13459841799386302,30,303,60.49507570098575,3,0,2,Northeast,Basic,Mobile,0.0
12,85.0800598405004,0.6069726833453574,36,353,117.47749387146473,3,0,4,Northeast,Basic,Mobile,1.0
1533,56.506316047273884,0.7405058726698197,11,389,,2,1,4,Northeast,Basic,Desktop,1.0
1869,65.56277335019243,0.43807792402770457,27,306,31.645030549734415,2,1,2,South,Standard,Desktop,1.0
1439,72.93437132550909,0.6033361917201664,39,248,83.5654196694805,2,0,3,Northeast,Standard,Mobile,1.0
1212,81.21144053334821,0.7382048670051702,51,286,131.69928755595907,1,1,0,South,Basic,Desktop,1.0
2751,77.3042001065927,0.11896267238193411,22,403,86.33942577264348,3,1,4,South,Basic,Desktop,0.0
2738,32.112867107045204,0.4564223380246783,16,199,58.67597897430841,4,2,3,West,Basic,Mobile,0.0
1173,96.29086612694105,0.37136920514888283,27,389,131.50375607614373,1,0,1,Northeast,Basic,Desktop,0.0
1004,56.0116725400954,0.7142407470141934,22,355,19.844082832903357,2,1,2,Mountain,Standard,Tablet,0.0
2482,47.20348025522583,0.8226561902040777,26,28,45.91510963910935,1,0,4,Mountain,Standard,Desktop,0.0
2771,79.44877450726658,0.4467787076136127,50,401,110.47966596441763,0,0,3,Northeast,Pro,Mobile,1.0
2825,42.29671910303705,0.8945562129745656,12,230,49.71980242379368,1,1,5,Mountain,Pro,Mobile,1.0
1721,87.98375908383586,0.850976892649582,42,525,149.46576381027904,0,0,1,South,Standard,Desktop,0.0
432,28.45302286899853,0.5010477204452171,13,173,52.86037268147278,2,2,2,Midwest,Basic,Mobile,0.0
2821,45.84287167995436,1.0466476009023293,20,102,74.7872681348921,2,2,6,Mountain,Standard,Desktop,1.0
2251,87.77799664512686,0.6106485744991241,34,252,136.86912303445013,1,1,2,Midwest,Basic,Desktop,1.0
916,53.43520039991295,0.8315266174520212,23,92,,2,0,2,Midwest,Basic,Desktop,1.0
2362,48.531893602075456,0.4489583585446547,32,240,40.786529291225676,2,0,2,Mountain,Basic,Desktop,0.0
2342,41.234944871444256,1.024113866744915,24,220,56.848320153119914,3,1,4,West,Pro,Mobile,
601,57.556756896060676,0.6136412805817986,30,249,58.23695898945593,1,0,3,Midwest,Pro,Desktop,1.0
961,28.560728656307745,0.7665400132558831,12,64,51.29969943112161,1,3,2,West,Basic,Desktop,0.0
2630,70.89064565682723,0.43183789592106037,26,246,70.34754524011873,2,0,1,Northeast,Pro,Tablet,0.0
1765,88.61746182963081,0.434020158731213,32,451,129.0583173521852,1,1,3,South,Pro,Mobile,
2487,39.59767551161203,0.7251567294798428,13,114,79.45156713659746,1,2,4,Mountain,Standard,Mobile,0.0
726,72.0846994994754,0.902599250306488,18,185,52.19074150905461,2,1,4,Mountain,Pro,Tablet,0.0
973,78.90947195891586,0.7037906781794901,28,372,105.59434877168242,3,0,2,Northeast,Standard,Desktop,0.0
2111,43.286462020530834,0.9472036556998241,42,20,57.50397180773079,1,1,7,Mountain,Pro,Mobile,
792,60.914825642530005,0.6010301037097677,25,178,68.18110311202963,0,0,3,Mountain,Standard,Desktop,0.0
2701,36.574917073159476,0.5245831817294581,21,174,,1,2,1,West,Basic,Mobile,1.0
1678,64.15122624008153,0.22778855506413556,21,246,52.6155898876482,2,0,4,South,Basic,,0.0
690,60.642558867382654,0.4676209279506498,21,254,39.23691309953749,1,2,1,South,Basic,Desktop,0.0
43,26.989862260938253,0.7088243823259512,20,84,,1,1,1,Midwest,Basic,Desktop,1.0
602,55.299016428564755,0.4341997294939996,0,48,39.5166716414167,0,0,1,Mountain,Standard,Desktop,0.0
2934,54.17326985117595,0.5437315192076855,25,236,30.22893066140465,1,1,1,Mountain,Pro,Mobile,0.0
1627,65.18750673971716,,35,335,37.5717147908895,3,0,4,South,Standard,Tablet,
2884,68.91126556495955,0.2570642040878785,24,244,50.62380857914735,1,0,1,South,Standard,Mobile,1.0
171,64.42032257266955,0.364600227695544,29,522,57.05651171411911,3,0,2,South,Basic,Mobile,1.0
29,42.84088074353416,0.8955912857128905,18,112,46.45929909699954,2,1,1,Midwest,Standard,Mobile,1.0
224,62.80785286869338,0.4986077277254474,30,389,61.04675151934447,2,0,4,Mountain,Basic,Mobile,0.0
1377,61.48041741041984,0.5947253414470622,38,368,51.945756895511046,1,1,2,Midwest,Standard,Mobile,0.0
964,62.58832972918667,0.3026220976459538,14,326,40.828682519970634,3,0,3,Midwest,Pro,Mobile,1.0
2319,52.350436807175846,0.33523540080971115,19,156,39.96879395682236,2,1,2,Midwest,Pro,Mobile,0.0
1747,66.17268238913051,0.0220311889900707,19,400,53.007977300319695,3,1,8,South,Basic,Mobile,1.0
326,78.2880183715398,0.762728132285019,31,281,70.76512029267843,1,1,0,Northeast,Basic,Desktop,1.0
2257,44.55835542248938,0.5481414776491951,29,210,36.837972971130974,0,2,2,Midwest,Standard,Desktop,0.0
1880,30.212329896702315,0.5887808266487158,6,58,58.763514180412635,2,2,2,Midwest,Standard,Tablet,0.0
1355,42.25206956744432,0.6112552985892135,15,135,66.40824416503901,1,1,1,Midwest,Pro,Desktop,0.0
459,63.49633537222824,0.2425318390471281,22,384,,0,1,2,Midwest,Basic,Desktop,1.0
1142,50.83702474949347,0.9709693403579565,21,245,47.55116682393688,3,0,3,Mountain,Pro,Mobile,0.0
1267,56.28584704424775,0.5926455111666,32,296,50.76056305132941,0,1,6,Northeast,Pro,Mobile,1.0
72,77.29020915793505,0.6402998862441399,40,510,112.99810978265909,2,1,7,South,Standard,Mobile,1.0
2560,50.990687506939025,0.812430448649933,12,326,32.03720544787331,2,1,3,Mountain,Standard,Mobile,0.0
2828,30.132034082536357,0.4602410435255579,13,77,61.14946161434774,0,1,5,West,Enterprise,Mobile,1.0
1312,51.286392345108716,,18,182,47.15275831680784,1,1,1,Midwest,Standard,Desktop,0.0
2396,38.6868010835046,0.7208250361286935,17,264,50.410580325791535,0,2,1,West,Enterprise,Desktop,0.0
783,67.64733576528764,0.7443407195823363,40,232,25.371563444849393,1,2,1,Midwest,Pro,Desktop,1.0
1054,80.00777251636886,0.19097413375186173,19,470,,0,1,2,Midwest,Basic,Mobile,1.0
2501,21.8289217305945,0.39886294002417255,2,130,79.9747696657921,0,1,1,Mountain,Standard,Mobile,0.0
467,62.77466741578964,0.31048755105446973,30,370,70.51629716326406,0,2,1,Northeast,Basic,Mobile,0.0
91,77.73257933691522,0.16240303225103098,28,300,78.45540309925629,2,1,3,South,Basic,Tablet,0.0
2629,32.18109893087531,,25,138,,1,2,3,Midwest,Standard,Desktop,0.0
2543,54.49385013137068,0.27406398134066523,28,343,37.32426850558723,1,1,4,Northeast,Basic,Mobile,1.0
310,41.85797993809587,0.3539625518574081,19,308,,1,1,0,West,Standard,Mobile,1.0
2767,45.319335434838266,0.4396198269810103,18,193,43.17999046292295,1,1,3,Midwest,Standard,Mobile,1.0
1530,89.86705572086812,0.7774245237863007,43,249,141.5440562938682,2,0,1,Northeast,Standard,Mobile,1.0
881,43.86104095308619,0.6426956679632847,39,99,51.62638661550558,2,1,1,Mountain,Standard,Desktop,1.0
495,49.36673567324365,0.5554074347359678,20,256,58.070403990556656,1,1,4,Midwest,Basic,Mobile,0.0
80,49.788017039193015,0.6044288104071229,14,149,40.99856901514197,2,1,2,Midwest,Basic,Desktop,0.0
1768,65.56717613573127,0.7085817095710797,20,218,57.13869625925237,1,0,1,Northeast,Standard,Mobile,1.0
972,60.789838509576114,0.4961907191246684,10,415,50.99675960888158,2,2,0,South,Standard,Mobile,0.0
1382,46.72716044564438,1.01568659102245,21,321,50.33660198730278,0,1,0,Midwest,Pro,Mobile,0.0
2173,62.977282066410524,0.3144292637481758,20,293,,2,0,2,Midwest,Basic,,0.0
859,63.20405778085395,0.21957702587780678,37,364,84.94360822264683,2,1,1,South,Basic,Desktop,1.0
2203,45.60966028360927,0.7325153687921133,15,261,25.10455943635015,2,1,3,West,Basic,Mobile,0.0
2301,89.98274791736793,0.7096326367901479,29,338,65.42837458919016,1,1,4,Midwest,Standard,,1.0
1631,86.4792014584676,0.7409923077606906,37,456,133.1378586212763,0,0,6,South,Basic,Desktop,1.0
2139,55.88386915159932,0.00417593357159779,20,154,34.64884477749246,1,0,3,West,Basic,Mobile,
2702,51.64600652992305,0.8143661063065708,0,437,44.703829513617656,2,0,3,West,Enterprise,,0.0
2087,63.49115442182128,0.17961731424035401,36,260,65.70340623438541,3,1,1,Midwest,Basic,Mobile,1.0
1767,44.90627202981714,0.8936125252430372,37,226,41.05112637734282,2,1,1,West,Standard,Desktop,0.0
2349,93.42286038319624,,37,490,160.34660399673032,1,1,4,Northeast,Standard,Desktop,0.0
1038,48.49726432891593,1.079449973331491,21,141,71.46324738944296,1,0,3,Midwest,Basic,Mobile,1.0
2371,87.87954251756722,0.4143942827297145,42,372,117.19258267285392,2,2,1,South,Basic,Desktop,0.0
9,75.28228999170224,0.418815430255976,32,340,84.21593331495062,2,1,2,South,Basic,Desktop,0.0
1587,74.71891540628118,0.25562057714249287,10,352,37.45706378863247,2,0,0,South,Pro,Desktop,0.0
836,83.73582469420222,0.7480057848447514,42,151,65.8763381548389,0,0,1,South,Basic,Mobile,0.0
738,70.83564168927708,0.1808422349365622,35,425,81.85060215370598,3,1,2,Mountain,Basic,Desktop,0.0
2854,48.96790376136274,1.0166324492273828,31,154,65.91253567137991,0,1,0,Midwest,Pro,Tablet,0.0
1181,18.78673216235135,0.269528815823962,4,170,90.31491167527102,1,2,3,West,Standard,Mobile,1.0
2713,33.94996670689862,0.7198984658152232,1,102,63.25790764126759,0,2,2,Mountain,Basic,Mobile,0.0
1198,76.8320596832989,0.5380912336657419,22,343,45.19083798172273,1,0,5,Midwest,Standard,Desktop,1.0
899,69.6109623263968,,27,408,100.91690527675046,1,1,3,Northeast,Standard,Tablet,0.0
2537,68.49763960545796,0.4704748416974448,22,391,84.33050828481474,2,1,2,South,Basic,Mobile,
1062,59.46934463483897,0.5047600651279691,18,306,40.223863541417835,1,0,2,Mountain,Standard,Desktop,0.0
1460,35.10531006123421,1.1654037480659827,7,248,48.41416075299994,0,1,1,Midwest,Pro,Mobile,0.0
1399,49.7601086210204,0.8323492932183899,41,117,56.93755679742378,2,1,2,Mountain,Pro,,1.0
848,37.74893640447131,0.3810646501997493,18,256,,3,1,4,Mountain,Basic,Tablet,0.0
551,34.067793500222535,0.7672316778961527,12,192,65.32417144612945,1,3,1,West,Standard,Tablet,1.0
1772,79.25570364940415,0.353528757059406,39,429,93.92678707875154,1,0,8,South,Basic,Mobile,0.0
2692,48.816114996025135,0.14105611342215219,28,345,50.70513392893869,2,1,3,Midwest,Standard,Mobile,0.0
1586,60.97161961367698,0.3292611846230046,22,351,60.792245523604926,1,0,3,Midwest,Basic,Desktop,0.0
1076,33.330779115923725,0.6893607040612225,7,205,51.302207843032804,2,3,3,West,Pro,Mobile,0.0
1828,74.40675697041848,0.881336906732102,40,259,74.19492514765585,3,0,7,Northeast,Standard,Mobile,1.0
2064,69.02640295278295,0.24302350399866743,39,227,75.9952261909385,2,1,1,South,Basic,Mobile,0.0
2092,52.254560263990626,0.9079185143760381,25,265,44.51419263880873,0,0,1,South,Pro,Desktop,1.0
2303,42.71084682444009,0.7687312833650706,13,127,57.140099361896105,2,1,1,Mountain,Standard,Tablet,1.0
1557,63.71902500023968,0.5425150264306713,26,373,51.13145079716091,2,1,2,Midwest,Basic,Desktop,0.0
1532,45.153112695527476,0.7157698716110413,4,284,33.156826310049176,2,0,3,West,Basic,Mobile,0.0
133,47.34394405795668,0.8855296302059747,31,136,55.22696568610515,1,1,3,Midwest,Pro,Mobile,
2474,54.714027964550404,0.48454885226987915,11,358,42.57006154594237,2,2,2,Mountain,Standard,,1.0
1090,65.6100341390869,0.6305320371770947,30,182,56.61378754265998,2,1,2,Midwest,Enterprise,Desktop,1.0
688,75.81543183692713,0.7078917511592896,46,409,63.461634863177224,0,2,3,Northeast,Standard,Desktop,0.0
1963,66.59839045320771,0.30650680595951374,8,255,,3,0,5,Midwest,Standard,Tablet,1.0
1658,27.40967319108109,,19,286,51.42524941661654,1,1,4,West,Basic,Desktop,0.0
1565,52.01783894468814,0.4863065680277351,16,324,51.891716809377215,2,1,2,Mountain,Standard,Mobile,0.0
983,27.99504089309911,0.5964251809860216,13,46,77.55916132911301,1,1,2,West,Pro,Mobile,
1501,35.21856334198183,0.6393897289113453,15,62,68.86219399357287,2,1,4,West,Standard,Desktop,
1890,92.35007197391946,0.6743632723068628,51,428,139.49676126443362,1,0,7,South,Standard,Mobile,0.0
532,60.8097469091533,0.6576107036120058,26,285,40.12241524884736,2,1,4,South,Pro,Mobile,1.0
2267,55.26869600815273,0.6622134891351148,30,274,57.59180522089204,0,1,2,Mountain,Standard,Desktop,0.0
249,61.3448154213597,,21,278,38.19525490007564,1,1,0,Northeast,Basic,Desktop,1.0
2089,47.063982055617885,0.6039206673323031,12,247,64.05868966960554,1,2,4,Mountain,Standard,Mobile,1.0
967,70.289302987299,0.7024967719386185,42,379,59.32114825032861,0,1,2,Midwest,Standard,Mobile,1.0
1892,64.07774334449313,0.0997716486249497,25,371,62.13556702023023,0,1,1,Midwest,Basic,Mobile,0.0
1049,83.76495203340465,0.7778376376509214,38,388,,1,1,3,Northeast,Basic,Mobile,1.0
1407,58.289499618274895,0.9750851862092423,33,136,51.689339078987786,1,0,3,South,Pro,Desktop,0.0
2680,45.23693199906643,0.1503463958657751,18,299,,0,1,1,Mountain,Basic,Tablet,0.0
1761,62.00815231420882,0.7999177748268466,25,342,,3,1,3,Midwest,Basic,Mobile,1.0
1507,58.955922695831255,0.5399030211014431,21,217,18.74079375517146,1,1,5,South,Basic,Mobile,
587,28.004420492289928,0.9738302368672742,23,135,42.3833634284356,1,2,5,Midwest,Pro,Tablet,0.0
2869,78.83298828729804,0.41761269151509894,31,434,90.78817536869273,3,0,4,South,Standard,Mobile,1.0
2735,27.637561265761057,0.7283071537434624,8,20,,2,2,3,West,Basic,Tablet,0.0
2621,56.25390545214966,0.49740701372078844,26,196,33.715494655402075,3,1,1,Northeast,Standard,Mobile,0.0
870,73.91754188105871,0.9166807131312589,26,172,56.558077213743005,0,1,4,South,Standard,Desktop,1.0
103,61.13752795195626,0.7680764337986669,37,373,,2,2,4,Midwest,Standard,Tablet,1.0
201,71.25172809890057,0.26891807343049473,27,275,46.31288217616992,2,2,4,South,Basic,,
1518,54.995927593505826,0.7698975611896565,23,207,74.2485816674556,3,1,3,Midwest,Standard,Desktop,1.0
34,38.79667822104313,0.38248563115358575,13,204,,2,2,3,Mountain,Basic,Desktop,0.0
2953,86.37366522906326,0.6027055167288761,36,315,112.88988265400685,2,0,3,Northeast,Standard,,1.0
2644,86.89069651763083,0.2813779866073347,38,278,70.0355726116843,3,1,2,South,Pro,Desktop,1.0
1567,61.34932234812244,0.589285259265987,30,355,60.414050597609155,1,1,3,Midwest,Standard,Mobile,1.0
1380,60.89232729525088,0.8419449060623103,20,118,49.38265847596046,0,0,0,West,Standard,Desktop,1.0
1595,51.16382631032634,0.6621693204431932,45,165,51.892274747211665,2,0,4,Northeast,Enterprise,Mobile,0.0
2219,34.978792881766395,0.7685626032286047,7,20,,1,1,1,Midwest,Standard,Mobile,
663,63.2527388368236,0.7982016788064499,13,187,33.70576445363948,1,1,5,Midwest,Standard,Mobile,0.0
2940,51.33016035682401,1.056226023393822,34,234,58.639612111556154,1,0,4,Midwest,Pro,Mobile,0.0
2311,55.983237977769086,0.3325370800481001,19,204,,2,0,1,Mountain,Basic,Desktop,0.0
550,24.483038179917983,0.5750404367914156,3,239,68.74719065545965,1,2,4,West,Pro,Desktop,0.0
1150,58.26539536510318,0.5552504441097471,23,198,47.85901601269063,1,1,4,South,Basic,Mobile,1.0
696,65.35196942894827,0.7238229901095463,35,133,64.69628364904528,1,1,1,Mountain,Standard,Mobile,1.0
1376,90.11749625176452,0.4321398598528109,30,666,159.87612192038364,1,0,1,Northeast,Basic,Desktop,0.0
1708,26.212041780293738,0.4140224412631782,8,60,79.93998754747754,0,3,2,West,Pro,Mobile,0.0
2135,26.244294887330256,0.4535079044423621,18,20,65.30154460310737,1,2,2,Mountain,Pro,Desktop,0.0
1638,65.00141078793813,0.6236663680431066,33,198,,2,1,1,South,Basic,Mobile,0.0
1200,67.53963758199137,0.7394956259035219,43,288,59.57410764476537,1,1,0,South,Standard,Mobile,1.0
1752,81.8891169360437,0.4041118889160147,55,349,85.8616370308635,1,1,1,South,Standard,Desktop,0.0
1243,84.43978638836319,0.7918565451489922,32,550,165.3792000049591,0,1,2,Northeast,Pro,Mobile,0.0
237,42.926292963604006,0.4419485578733367,9,326,28.354847745586017,2,0,0,Midwest,Basic,Mobile,1.0
884,48.849091428141854,0.5768937498212698,9,124,39.394808906504394,2,0,4,Mountain,Basic,Desktop,1.0
1094,89.00356685164753,0.9520417987468018,49,485,131.41575958148132,1,1,1,South,Standard,Mobile,1.0
941,95.88943301812256,0.4590262304765447,18,340,156.76449374523756,2,0,0,Northeast,Standard,Desktop,0.0
2323,75.6703580097759,0.6571716988104466,25,221,41.1519535592895,2,0,1,Midwest,Standard,Tablet,1.0
1318,43.75391898243398,0.3833504349574341,22,119,61.487666626284074,2,2,1,Mountain,Basic,Mobile,1.0
1034,81.70550250902208,0.19021338499010487,21,128,100.45537364526835,1,0,3,Midwest,Basic,Desktop,0.0
2840,81.44113224616719,0.18257110095048512,30,459,,2,1,1,Northeast,Basic,Desktop,1.0
885,31.211348613606454,0.4956093351220747,12,209,,3,2,4,Midwest,Standard,,
1738,49.10320579834529,0.9867616009141884,17,100,36.820682529688256,2,0,3,Midwest,Basic,,0.0
250,76.93632875589665,0.4333528581452912,25,388,,3,0,1,Midwest,Standard,Tablet,0.0
169,38.38642792961244,0.5273676357088329,9,111,65.76726486713999,1,2,3,Mountain,Pro,Tablet,0.0
2545,48.10933082341527,1.0128994990453477,14,256,46.40212027284511,1,0,3,Midwest,Pro,Mobile,0.0
1539,54.963333094257685,1.0105006307793967,25,254,,1,0,1,West,Standard,Mobile,0.0
291,88.77424159481077,0.7912733765024738,50,404,,1,0,1,Northeast,Standard,Tablet,0.0
146,74.85422372909164,0.4520478333323729,20,338,29.935821359702814,2,0,2,South,Basic,Mobile,1.0
831,68.46245859420894,0.6500137385917025,26,254,49.955113874768195,1,1,1,Mountain,Standard,Mobile,1.0
2939,51.92568070599911,0.9098609000744414,42,274,45.34586870201559,1,0,6,Mountain,Pro,Desktop,0.0
1883,79.52026237444112,0.2101698575292964,49,342,129.1831105782322,3,0,2,Northeast,Basic,Desktop,0.0
1135,51.2776616065917,0.3570254856037476,21,173,49.747075023752146,1,1,4,Midwest,Standard,Desktop,0.0
205,46.99548986136858,0.3022998029700032,15,265,,2,1,5,South,Standard,Mobile,0.0
1801,59.95859113217129,0.6621725413947613,27,258,62.96168143558398,1,2,5,Midwest,Standard,Desktop,0.0
2217,79.39417414213524,0.3366337626834684,30,382,113.59448201644553,2,0,4,South,Basic,Mobile,0.0
2294,79.463869316642,0.5494545726813961,49,331,83.71861215877682,2,2,5,Northeast,Standard,Mobile,0.0
2785,82.4788378625712,0.32901941574999866,42,460,108.47093648275629,1,1,4,Northeast,Basic,Mobile,1.0
2540,48.84535323058303,0.9534029826788898,23,250,52.55067041002881,1,1,5,Midwest,Enterprise,Mobile,1.0
1807,65.49753415767223,0.87436157281065,13,132,,2,1,2,South,Standard,Desktop,0.0
1717,58.39566973574405,0.6945430882328685,12,326,59.133177319022664,2,1,3,South,Basic,Desktop,1.0
71,57.26015944191271,0.6080623021709691,39,343,59.360292906796964,1,1,3,Northeast,Standard,,0.0
102,49.55964676838635,1.1585301497556717,26,268,70.93372250152038,0,1,0,Mountain,Pro,Tablet,0.0
2070,28.35932464831514,0.9378759620804775,25,102,67.76647222379327,1,2,5,West,Pro,Mobile,0.0
476,15.564676908076528,0.8318463724857525,2,122,87.69995136389038,1,2,2,Mountain,Basic,Desktop,0.0
808,66.29166103936831,0.7411577690884961,38,198,58.24421053247162,1,0,0,Northeast,Standard,Desktop,0.0
883,32.70639994292688,0.8532609667944964,7,109,,1,1,2,West,Standard,Desktop,0.0
1462,40.4124260000068,0.6312994713545681,8,153,63.4860442542884,0,2,2,Mountain,Pro,Mobile,1.0
906,41.86290516025646,0.45284891116743586,26,255,49.95677650950805,1,0,2,West,Standard,Tablet,1.0
517,40.41174741199055,0.3953060420169291,15,292,47.94962076677472,0,1,3,Mountain,Pro,Desktop,1.0
668,56.16092688099207,0.5545232203457966,38,181,41.2154842874609,0,0,2,Midwest,Basic,Mobile,1.0
840,38.223396879611684,0.47956756681413965,5,104,30.712924484658544,2,2,3,Mountain,Pro,Mobile,
178,75.95149366479656,,23,309,75.00840673770827,2,1,1,Northeast,Basic,Mobile,0.0
2827,89.95901519557576,0.6637997072985986,37,269,136.12002211220872,1,1,1,Northeast,Standard,Mobile,0.0
2133,35.060529221104304,0.823220769374294,24,25,72.2000965345288,1,1,3,West,Standard,Mobile,1.0
2440,96.35867610364355,0.5470450231428723,35,421,160.69104985671214,1,1,2,Northeast,Basic,Mobile,1.0
570,60.3510545244313,0.32405001017400664,26,198,28.25350893065456,2,1,1,South,Basic,Mobile,0.0
2762,76.57002175178891,0.1461282090533038,24,337,66.1307363182384,3,1,2,Midwest,Standard,Mobile,0.0
2416,59.10426727983722,0.4447379395680999,24,371,42.302957735107974,2,1,1,Mountain,Basic,Desktop,1.0
995,55.02578982072844,1.1565001140430127,24,325,64.33337274078623,1,0,2,West,Standard,Mobile,0.0
1759,57.46369762841563,0.5356844131992937,39,240,54.918083597092235,3,0,1,Mountain,Standard,Mobile,0.0
2710,58.6238652973063,0.7117683830870432,27,184,72.7052468073947,2,1,1,Midwest,Pro,Mobile,1.0
478,31.999160310741736,0.6922555304977438,15,97,92.09687553965054,2,2,1,West,Pro,Tablet,0.0
430,60.47496300484573,0.6208812977445585,15,369,62.56481579104402,3,1,1,South,Basic,Tablet,0.0
244,36.26123663168767,0.9565727480250533,24,187,51.4419297947128,1,0,6,Mountain,Pro,Mobile,
2534,66.49297586024225,0.3820282500008437,25,309,75.26898230471323,3,1,2,South,Standard,Mobile,0.0
442,74.79607013719837,0.35102330286643324,29,345,127.4905661267064,0,1,3,Northeast,Pro,Desktop,0.0
2050,65.66104169600382,0.6168530677797707,21,300,50.2145494127392,1,0,3,Midwest,Pro,Mobile,1.0
2801,79.4217366607824,0.4410878296413207,51,482,129.33387320689795,0,1,3,Northeast,Standard,Mobile,0.0
2239,64.81439283081421,0.5619896817680916,27,305,51.108652568929976,2,1,3,South,Basic,Desktop,1.0
2013,57.2206379960392,0.8326229347516992,8,187,57.489644026989936,3,0,1,Midwest,Basic,Desktop,0.0
219,57.963872239944585,0.5613411808445739,28,228,29.55056689239665,1,1,1,South,Standard,Mobile,0.0
374,30.410740895915303,0.5904777991096224,28,146,75.09684184883139,1,2,3,West,Standard,Mobile,0.0
577,30.206742478090785,0.7345471564385085,22,200,60.4389290588014,0,3,1,West,Standard,Desktop,0.0
2394,77.24309980671913,0.4996190652720198,38,339,81.60447425242201,1,1,2,Northeast,Pro,Mobile,1.0
87,49.52146222953134,0.7331309732093696,20,183,49.36716064641493,1,1,1,Midwest,Enterprise,Desktop,0.0
44,73.23976681597475,0.5650121601423898,49,392,82.47309412246378,1,1,0,Midwest,Pro,Mobile,1.0
86,66.0728900739916,0.723588664873213,31,266,63.02502790869543,3,0,2,Midwest,Pro,Tablet,1.0
168,90.27451402130538,0.559539700788258,45,283,116.30550530373174,0,1,3,Northeast,Basic,Tablet,0.0
1148,86.21613892138042,0.6241398913871588,49,379,,2,0,2,Northeast,Standard,Desktop,0.0
2831,39.578049202541834,1.0500361426647014,11,70,55.10469586130705,1,1,2,West,Pro,Tablet,1.0
545,74.19094242445341,0.4587851642847896,35,318,37.495029185170424,1,0,1,Northeast,Standard,Mobile,0.0
590,51.185681333208585,0.8969147267237545,32,211,64.05147537807945,1,1,0,Midwest,Standard,Desktop,0.0
1806,50.523726690298695,0.744330558290875,24,238,53.31321013343411,0,1,2,Mountain,Standard,Mobile,0.0
2019,77.54592058403692,0.7603455071430497,23,493,134.15988226115724,0,0,0,Northeast,Basic,Desktop,1.0
303,73.93814316040901,0.26016966552951576,21,477,47.17277931570451,3,0,5,Midwest,Basic,Mobile,
2756,58.0762915918299,0.39195848068412203,11,223,48.69708259850905,3,0,3,Mountain,Standard,Tablet,0.0
2390,38.1756077493279,0.628879843982723,21,338,65.19025745559783,0,2,0,Mountain,Standard,Mobile,0.0
936,22.973887369776648,0.5811780394721948,24,41,72.15138967631358,1,3,3,West,Standard,Desktop,1.0
1793,58.58409835936682,0.566480529802458,29,259,56.608775930029566,4,1,2,South,Standard,Mobile,0.0
2167,54.92099492804299,0.5501226862593052,16,112,27.78354226672708,1,1,2,Mountain,Pro,Mobile,1.0
155,38.472903660093564,0.7016145292318582,13,159,26.6039503745028,3,0,1,Mountain,Standard,Desktop,1.0
2671,34.667159743774604,0.5978611615303737,0,127,26.855768703669362,2,1,5,South,Basic,,1.0
1122,95.65370251087401,0.5826337782842883,20,446,141.7652741487202,1,1,3,Northeast,Basic,Desktop,1.0
2197,52.15832758341905,0.9112103251126282,19,81,60.52832738074077,0,0,2,Mountain,Basic,Desktop,
295,59.58631597871898,0.34593859862029797,18,324,68.9327252042028,1,1,1,Midwest,Standard,Desktop,1.0
2472,34.967809240486574,1.0432987286218922,17,127,60.98396816701987,0,2,0,West,Pro,Mobile,0.0
1798,51.377262418846215,0.30143555569714786,10,300,40.437706762888965,4,1,1,Midwest,Basic,Desktop,0.0
35,68.19351565365085,0.5488238879034676,36,276,55.35110983994546,1,1,5,Midwest,Basic,Mobile,1.0
2704,62.612564309384155,0.05875145229006065,31,116,33.37541245142247,1,1,5,Midwest,Basic,Mobile,0.0
314,54.88863800151021,0.6300037986175304,21,134,,1,1,1,Midwest,Standard,Mobile,0.0
324,58.31486683079784,0.44112264688119085,25,175,43.15069859010032,1,1,2,South,Pro,Tablet,0.0
2026,57.92417754509545,0.8461549957141025,43,329,67.6282020299061,0,1,2,Mountain,Standard,Mobile,0.0
391,33.989117990527966,0.5634429881283095,2,158,43.64483680676086,1,2,0,West,Standard,Mobile,1.0
