risk_signal,process_temp,pressure_variation,vibration_index,operator_experience,humidity,shift_load,raw_material_score,sensor_drift,maintenance_gap_days,ambient_temp,weak_proxy,random_id_hash,machine_type,supplier_tier,shift,region,target
-1.4018,-0.56,0.3764,-2.207,5.2823,67.26,0.6488,-0.0713,0.2196,13.87,66.27,0.1751,5115,C,economy,swing,west,0
0.5001,-0.3889,,-2.0592,5.0146,78.15,-0.8742,-0.3438,-0.361,23.64,69.76,-1.0956,5488,C,standard,swing,east,0
-1.3224,-0.2686,-1.9456,-0.2372,5.1834,21.2,0.554,-2.7453,0.1677,28.3,68.46,0.3731,7180,B,standard,swing,east,0
-1.1809,0.541,,1.1523,6.2255,2.65,-2.4623,0.1947,-1.1705,38.29,71.92,-0.6069,9325,C,premium,day,north,0
0.095,0.7748,,-0.2045,4.1168,64.25,0.7473,-1.437,-1.1093,16.65,60.97,-0.4693,8253,A,premium,day,south,0
0.7736,-0.6635,0.4453,-0.1619,5.1021,91.84,-1.2963,-0.3746,-0.0609,6.58,65.21,0.6843,1052,D,economy,swing,north,0
-0.258,-0.3081,,-1.2147,3.001,65.0,1.5801,-0.7658,0.2759,33.9,61.5,-0.674,4934,B,premium,day,,1
-0.1041,-0.3523,0.8538,-2.1772,5.5809,67.12,0.4673,0.4271,0.8305,2.48,71.48,-1.4166,7662,C,standard,day,north,0
1.2808,1.3419,0.9682,2.5683,6.6019,26.05,-0.0191,-0.8516,-0.9984,24.89,73.49,1.8096,3622,D,standard,night,east,1
1.4441,1.6912,1.8701,0.7302,2.5008,26.19,0.1177,-0.9892,,15.23,61.63,0.0487,3545,B,economy,night,west,1
-0.6349,-2.1966,-0.931,-0.6159,1.3046,32.03,-1.6968,-0.0035,0.5737,20.92,90.85,0.3193,3063,D,economy,swing,west,0
0.6283,1.0045,-0.0151,2.0745,2.9107,68.73,-1.8095,0.5393,1.2145,6.39,69.65,0.4356,1545,C,standard,swing,west,1
0.2164,-0.7423,0.6311,-0.8036,8.1838,51.1,0.0931,0.4137,2.3003,20.55,87.2,-0.5085,8546,A,standard,night,south,0
-0.7162,-1.0867,-0.2026,-1.7962,3.6789,31.03,1.3892,-0.3698,,10.45,77.14,0.6254,7185,C,premium,day,west,0
1.3228,,0.3653,-0.3908,1.9666,,-2.8678,1.0419,1.688,11.36,59.63,-0.2964,7778,A,standard,night,south,1
0.4465,-1.5853,1.3821,0.1756,7.8623,60.32,-2.4661,-1.062,-0.5781,26.13,65.23,0.6999,4177,B,,swing,south,0
0.3131,,0.211,-0.2879,8.2738,26.24,-1.1621,1.1112,,25.52,74.87,0.8152,3237,B,standard,day,west,0
0.7919,,2.0505,-0.6257,2.6851,36.58,0.3108,0.4731,-0.16,10.7,58.15,0.6069,3657,C,premium,swing,south,0
-1.8578,1.6253,0.0233,-0.2479,2.3806,,1.0501,0.2238,-0.0852,17.45,59.99,0.485,2712,B,standard,swing,south,0
-1.5299,2.4958,1.1097,0.6871,9.7324,,1.9779,1.2036,-2.2109,9.86,54.86,1.2994,6811,C,,day,east,0
1.0598,-1.5092,1.6003,-1.206,8.6142,60.23,-0.3914,-2.9396,-0.2266,10.94,53.21,0.6488,3841,A,standard,day,east,1
-0.7552,1.3409,0.2608,0.1121,2.3993,82.72,0.7409,0.8783,-0.2206,20.72,57.06,1.6893,9371,C,economy,day,east,0
-0.2903,-1.5076,-0.1595,1.4134,8.7457,9.12,0.3183,-0.9944,,9.04,53.42,0.2327,5805,A,economy,swing,south,0
-1.0379,-0.3243,0.2366,1.0315,3.0278,32.34,1.4352,0.5562,-1.4835,10.29,72.4,-0.4386,4108,D,standard,swing,west,0
0.2876,0.9702,,0.1874,1.9464,,0.2158,1.0631,0.1506,10.6,52.57,1.6332,1658,C,standard,swing,west,0
-0.2351,0.0967,,1.7288,1.494,89.95,0.253,-0.1772,-0.235,14.52,63.52,-0.1473,5305,D,standard,swing,north,1
0.3584,-0.1438,-0.7037,-0.995,5.8086,65.45,-0.3332,-0.6368,0.5449,23.74,81.69,0.4447,1136,B,economy,swing,,0
0.0266,-1.4066,,-1.3893,7.4114,96.81,-0.8287,-0.9407,0.7825,22.26,64.41,-0.3716,9371,C,premium,night,north,0
-0.5504,,0.2997,-0.5558,3.8159,32.68,0.9111,-0.5164,0.6988,24.07,52.96,1.1017,2572,B,economy,day,north,0
-0.2221,-0.6772,0.6251,-0.5273,4.218,60.33,-2.3633,-1.002,-2.5922,19.17,87.75,2.7128,6148,A,standard,swing,west,0
-0.011,-1.4754,0.1224,-0.8416,5.4126,80.99,2.2354,0.6166,1.0906,12.09,56.86,-1.2483,2800,A,premium,day,south,0
-0.9326,-0.3076,0.0678,1.2753,5.2148,33.58,0.3459,2.0706,0.1633,16.01,51.76,-0.2165,5877,B,economy,swing,south,0
-1.9361,-1.8427,-0.145,-1.3599,,,0.2394,-0.262,,16.29,72.02,-0.6107,8893,A,economy,night,east,0
-0.0615,-1.0855,0.7649,-0.1068,1.8138,14.08,-0.0558,0.0147,-2.0956,5.88,63.61,-0.2656,9291,A,premium,swing,east,0
0.6913,-0.2192,1.1489,-1.1825,5.8761,67.0,-0.1525,0.5311,-1.355,38.87,72.03,0.785,5942,A,standard,swing,north,1
-0.3579,-1.1113,0.7112,-2.2705,7.1825,35.24,-0.8478,-0.6085,0.327,7.5,70.17,1.4692,5003,A,,day,west,0
-1.3221,0.193,0.9906,0.0128,7.0169,53.51,1.172,-1.6117,-0.9215,12.12,77.19,-0.0095,5834,B,standard,day,east,0
-2.3659,-2.3452,0.9712,-1.8534,3.9764,25.75,0.5243,-1.0215,-0.2764,43.27,90.21,0.5738,5772,C,standard,night,south,0
-0.1191,-1.0951,-1.0432,0.4999,3.5514,76.28,1.0467,-2.1068,-2.7583,38.21,70.43,-0.3572,6060,A,premium,day,east,0
0.3967,-0.2803,-0.1325,0.4428,1.3226,,1.4398,-1.7211,-0.9347,28.96,72.6,0.5502,1461,C,economy,day,east,1
0.5369,0.2701,-0.8821,1.0685,7.4182,28.2,0.1831,0.6024,-0.3178,32.16,69.49,-1.194,5066,A,standard,swing,west,0
0.8584,,-0.7503,0.6105,5.9714,62.96,0.8918,0.0121,0.922,24.95,68.06,-0.8447,4178,C,standard,day,west,1
-0.7218,0.0344,0.5945,-0.1695,3.3207,76.33,0.0464,0.1167,-0.3564,8.8,59.58,-0.8858,1227,C,economy,day,south,0
-0.3903,-3.167,,0.0844,4.4387,52.45,-0.0277,0.1296,0.7306,57.12,65.37,-1.2251,8547,A,premium,day,north,0
1.4219,-1.4712,,-0.5037,5.1527,80.88,-1.1634,-0.8379,1.4797,36.07,73.67,-0.3015,9313,A,standard,swing,east,1
-0.0068,1.422,,-0.766,1.4833,53.23,0.7598,1.2101,-0.3862,63.05,48.8,-0.3964,8098,B,standard,day,east,0
0.1478,1.6772,-1.0627,0.586,2.8416,43.64,2.5547,0.2637,0.2706,12.16,66.63,-0.331,4111,A,premium,swing,north,1
-0.242,0.8983,-0.4665,-0.122,8.8382,58.56,0.756,-0.1257,-0.0144,17.64,62.27,-1.2224,4374,D,standard,swing,east,0
-1.1477,-0.5726,0.6743,-0.7777,1.9959,30.78,0.8109,-0.2592,-0.0362,29.26,77.2,1.0556,3031,A,standard,day,south,0
0.6193,-2.4821,-0.4551,1.5531,4.2142,20.52,-0.7754,0.3182,-0.5401,26.06,82.8,-0.0201,4304,C,premium,night,north,1
1.9342,1.7296,0.2644,-0.5182,2.5201,51.32,1.5071,1.7661,1.5428,26.71,59.51,-0.103,4982,B,premium,swing,,0
0.6635,-1.4369,0.0639,-1.4169,3.9692,26.63,-0.0478,-0.6326,0.2493,43.93,66.46,0.7069,7457,D,economy,day,west,0
0.7879,0.5316,1.3438,-1.6715,0.5816,20.74,-0.6732,0.5114,0.5356,13.6,76.64,-1.562,5699,D,standard,night,north,1
-0.1829,-0.6135,1.3204,0.887,8.455,59.01,0.0957,0.3009,-0.5304,6.56,79.73,0.195,9052,D,premium,night,west,0
1.1419,-0.6148,-2.7074,-0.0552,8.8003,64.98,-1.2497,1.2791,,19.68,71.7,0.8138,7159,C,standard,day,south,1
2.1263,-1.7218,-0.5467,1.3817,1.1375,64.6,-2.5802,-1.4706,0.5826,18.49,69.42,-0.7853,4474,D,economy,day,south,1
1.2487,1.1611,0.5703,-1.5676,8.9645,46.11,0.7019,-0.7545,-0.0294,7.85,65.66,-1.0317,9726,C,standard,night,south,1
-1.6731,0.5566,0.815,-0.743,5.9591,55.15,1.8358,1.885,-1.6147,26.29,69.93,-1.2009,4611,A,,swing,west,0
-1.0588,0.4942,-0.6008,0.842,6.2588,89.07,0.9967,-0.2534,-0.789,6.13,61.32,-0.2242,7865,B,standard,day,north,1
0.3896,0.5973,0.5157,-0.3407,3.8872,58.23,-0.1946,0.2272,-0.6847,25.22,71.77,-0.4595,9100,D,premium,day,west,0
-1.2949,0.39,-1.0286,-0.4459,9.1318,94.38,-0.7381,1.2532,-0.6716,10.63,74.29,1.0754,7358,C,economy,day,east,1
-0.9851,-0.416,-0.585,2.5496,1.1503,58.94,0.5761,0.3254,0.0915,35.43,81.4,-0.9159,1415,A,premium,day,east,0
-1.4243,1.5652,0.4733,-0.0413,0.6519,68.26,0.3562,-0.8314,,13.84,60.68,0.246,8325,B,economy,day,west,0
1.778,-0.6478,0.0193,-0.7544,2.2758,64.01,2.3812,0.3849,,22.82,73.01,-0.1122,7264,A,standard,swing,west,0
-1.7546,0.5517,-0.9953,0.0121,6.5521,68.93,0.2472,-1.7736,-0.7659,21.67,73.13,-0.5464,1130,B,premium,night,south,0
-0.5607,-0.6772,-0.6663,-2.5028,6.7241,29.4,0.3055,0.0364,-0.3784,13.06,66.97,-0.4533,8347,B,standard,day,north,0
-1.6978,-1.0587,-0.2213,-0.5342,9.3865,52.66,-0.3894,0.0337,-1.0166,4.89,54.03,1.9173,9266,B,economy,night,south,0
0.0341,0.4269,-0.865,-1.1161,9.5952,90.12,1.3431,1.9069,-1.112,48.58,69.54,-1.0514,4459,D,economy,night,south,1
-0.4191,-1.9249,0.2277,-1.8793,3.4445,47.82,1.253,-0.6091,-1.2723,35.6,64.51,0.7717,4396,A,economy,day,east,0
-0.9429,0.7104,-0.7942,-1.2761,3.1561,61.26,0.8138,-0.8079,-0.2704,4.02,67.05,0.6179,1257,C,,day,,0
-1.2253,0.2879,0.4869,-0.4988,3.5958,69.83,-0.0577,-0.7662,-1.3978,11.04,76.73,-0.322,6272,D,economy,day,south,0
0.0267,-0.0066,,-0.0632,0.4891,40.3,0.5942,-1.856,-2.6937,14.33,53.33,-0.67,8104,A,economy,night,west,1
0.342,0.6933,-1.3521,0.9961,0.2638,33.06,-1.0701,0.7157,-1.6185,6.39,77.49,-0.0532,2150,D,standard,day,east,0
-0.6758,,-1.1706,0.6312,1.8871,43.05,-0.5597,-0.9269,1.1849,17.23,75.33,-1.2998,4791,C,standard,day,west,1
0.5606,,-0.3929,-0.6594,4.2711,72.71,0.7797,0.6532,0.2738,32.0,57.4,-0.3444,1511,A,standard,night,east,0
-1.5168,0.7054,0.7786,1.6328,1.8222,50.92,-0.0225,0.3562,,19.37,63.16,1.0233,6818,B,standard,swing,north,0
0.4565,-0.6762,-1.0683,-0.2775,1.9357,5.23,0.6014,0.3059,1.3087,31.11,71.26,1.2179,4879,D,economy,day,south,0
-0.1639,-1.9921,-0.8433,1.4293,7.6216,94.27,2.2793,-0.9589,1.2732,12.06,58.3,1.12,7264,A,,night,south,1
-0.763,-1.6674,-0.3285,-2.0425,7.0618,46.93,-0.4228,1.372,-0.6039,47.51,76.44,-1.4477,5269,A,premium,day,west,0
0.3496,-0.3736,1.3603,-1.1665,2.1024,69.52,-2.5211,0.4376,-0.5473,37.63,73.32,-0.4216,9565,B,standard,day,west,0
0.5307,2.1389,-0.0343,-1.6414,7.3264,35.79,1.1358,-0.1633,0.7888,15.16,70.06,-0.1968,2941,D,premium,swing,east,0
0.845,-0.377,-0.0688,1.0623,4.3996,46.12,1.0232,0.4527,-0.4025,13.95,70.02,0.8495,7944,B,standard,night,east,1
-1.5204,-0.9429,1.0498,-0.865,8.1649,75.93,-0.6085,-0.7578,-2.269,41.06,76.09,-0.4203,2430,C,standard,night,east,0
-0.2333,-1.7114,-1.1997,-1.0729,3.5995,53.62,-1.5268,-0.5848,0.1031,43.53,64.94,0.9764,1269,D,premium,swing,south,0
-0.8637,-0.8542,,1.3611,6.6761,12.01,-1.3946,0.943,-1.2063,11.74,86.38,0.3613,5794,B,standard,day,south,0
-0.7786,0.2565,1.2378,-1.7641,6.6198,,2.1561,1.2478,0.409,21.58,78.74,-1.9526,8191,D,,night,north,0
2.2207,-1.4919,0.0272,-1.6093,9.3039,43.25,-1.6075,-0.9257,-0.1617,6.18,65.32,0.3974,4534,D,economy,swing,east,1
0.6129,0.6494,-1.656,0.2009,7.247,46.75,-0.9735,0.4047,-0.1248,2.53,70.97,-0.5389,2612,D,standard,swing,west,0
0.7452,2.204,-0.8285,-1.4417,7.2255,74.68,1.4405,-0.6866,0.4142,1.42,83.09,0.0913,9193,B,premium,swing,west,1
0.5969,-1.3332,-0.3704,0.0268,1.6525,25.9,-0.5474,-1.2923,-0.2802,16.12,72.96,0.6816,2179,A,premium,day,north,1
-1.7121,-0.3744,1.1223,-1.0511,0.1412,25.62,0.7806,0.066,-1.4611,26.61,76.24,-0.3752,8187,B,premium,night,south,0
-0.9617,-1.9805,-1.2807,2.1079,4.4693,13.99,-1.5426,0.0554,-1.5113,17.59,57.86,0.2227,5204,A,premium,swing,north,1
1.1827,0.9742,-1.6231,-0.2973,3.4671,86.86,1.2803,1.5427,-0.8021,6.67,67.64,0.2133,1598,A,standard,night,north,0
-1.2945,0.3524,-0.5763,1.1689,5.7189,39.13,-0.6424,0.6802,0.5903,5.32,59.2,-0.081,8033,C,standard,day,west,0
-2.1723,-0.659,,1.163,6.5091,73.02,0.7447,1.2276,-1.777,36.95,81.24,-0.8806,3106,B,premium,swing,south,1
0.3939,-1.5344,0.8326,0.0749,8.8696,,-1.4896,0.3515,-1.6243,12.86,71.81,-0.8585,7652,B,standard,night,north,0
0.6271,-0.1724,-0.0401,-2.3768,9.1243,,-0.735,-0.4292,0.3569,31.93,90.59,2.5339,3606,A,premium,swing,,1
-1.1291,-0.0025,1.2455,-0.5629,5.606,28.7,0.7081,-0.3798,1.1786,48.19,57.41,-0.7062,9046,D,standard,night,south,1
1.6921,,1.296,0.097,4.1627,48.42,1.0077,1.3616,0.3299,17.7,62.88,-0.1698,3583,A,standard,day,east,1
-0.1626,,0.5048,-0.5155,1.331,66.93,-2.4237,1.7025,-1.3954,6.49,54.86,0.3017,9636,B,economy,night,south,0
-0.2538,-1.8544,-1.0918,-1.1273,1.9663,61.49,2.038,-0.96,-1.2153,21.48,80.62,0.3694,9045,D,standard,day,north,1
0.0116,-1.9047,-0.2424,0.5528,3.6021,46.71,-1.1494,-1.6965,-1.6202,47.5,72.92,-0.4152,8728,D,premium,swing,east,0
-0.2872,0.6185,0.1111,-0.5301,9.6332,5.65,-1.5554,-0.7427,-1.6195,37.87,57.69,-0.5444,8356,A,standard,swing,north,0
1.4373,-0.8614,2.0109,-0.4893,0.4078,34.41,-0.3184,0.878,1.7604,6.64,80.74,2.4269,3983,B,standard,day,south,1
-0.6655,-1.2036,-0.5318,0.6385,8.8342,70.28,0.5147,-1.518,-0.0462,6.29,73.63,0.2334,1189,A,standard,day,,0
-0.474,-0.0071,1.4915,0.1854,7.8159,32.58,1.0429,-0.1238,-0.2094,20.66,69.06,-0.3307,2105,A,,swing,south,0
0.2848,0.401,-0.6659,0.1371,5.3329,74.1,1.4475,0.0053,-1.728,27.85,48.18,-1.2946,8664,B,economy,night,north,0
1.0686,1.0707,2.2328,-0.2622,5.9964,32.39,-2.006,-0.2875,-0.0231,8.96,86.34,-0.5424,2059,C,premium,day,east,0
-0.7045,-0.2225,-1.3314,-0.7307,6.0998,29.5,0.4754,1.8089,,41.89,68.75,-1.0996,6713,D,premium,night,north,0
0.5585,0.0936,0.4912,-0.7568,2.0003,13.72,-0.09,-0.3442,-0.6041,40.33,72.74,-0.6457,2963,C,premium,day,south,0
0.9629,1.0325,-0.271,1.4887,1.0519,53.94,0.3318,-2.4106,0.6893,11.94,73.92,-0.6537,7469,A,economy,swing,south,1
0.0268,,-0.5428,-1.0683,2.5371,73.79,-0.4362,0.3003,-1.7054,13.57,70.18,2.2435,8781,B,standard,swing,north,0
1.4059,0.8882,-0.1864,0.461,4.8126,,0.188,-0.5129,,41.79,56.85,0.7788,3665,C,standard,night,south,1
0.0231,0.2697,0.1946,0.354,5.3065,61.34,1.0166,0.9777,0.6831,20.43,46.64,-0.4906,5997,B,standard,night,north,1
-2.3698,-0.1255,1.0143,0.0395,4.7336,,-1.0354,-0.4408,-0.7505,3.13,65.32,-2.0371,9713,C,standard,day,north,0
0.1786,-1.7082,,-1.0365,3.8152,36.03,-0.0982,0.2268,-0.0382,14.34,75.02,0.0091,7143,A,standard,day,north,0
-1.9862,0.1813,0.9457,-0.4397,2.6622,64.7,0.0085,-0.1574,0.1882,32.13,67.48,0.0631,1395,D,premium,swing,south,0
1.7014,-0.3321,2.3728,0.3012,6.1673,78.27,1.1057,0.6746,0.1532,2.53,36.27,-0.5462,7992,C,standard,night,south,1
1.199,3.3722,0.4542,-0.2916,8.7741,55.55,-1.1284,-0.6369,-0.9175,37.1,63.2,-1.7518,5241,B,standard,night,west,0
-0.1751,0.7022,1.863,0.831,8.2135,58.0,0.6166,-0.7527,-1.3911,40.89,73.64,-0.3729,5144,D,economy,night,north,1
-0.2377,-2.0419,0.5718,1.1083,7.0919,37.69,0.5853,0.8049,1.5423,38.89,72.98,0.6074,4421,B,standard,swing,east,0
1.3552,0.9395,-0.7204,0.8252,0.6184,,0.2346,-0.9719,0.0792,7.92,47.64,-1.1864,9269,A,standard,day,east,0
0.7915,1.3599,0.6863,0.1946,5.6103,71.17,-0.4397,-0.693,0.6906,10.58,71.46,1.0219,4278,D,standard,swing,east,0
-0.2667,,,-0.3383,6.5774,32.94,-0.8813,0.8705,-1.6433,20.39,85.27,-1.8065,2546,D,standard,day,east,0
0.0999,0.3926,-0.0965,-0.1565,2.0416,86.71,-2.2822,1.2786,0.747,11.54,68.58,0.7552,3346,C,standard,night,,1
0.5066,0.9883,-0.1764,1.4323,7.7026,28.61,1.7504,0.775,0.5732,10.56,70.09,-0.6444,8923,D,premium,day,west,0
-2.3473,0.7421,-0.6819,1.9466,2.1054,49.64,0.4813,-1.038,1.9596,18.83,55.67,1.0579,3522,A,economy,day,east,1
0.496,-0.0464,-0.6855,0.8199,8.391,89.14,-1.3234,-0.1892,-1.6981,20.89,62.98,-1.5957,6135,D,standard,night,,0
-0.5723,-2.1488,-0.5511,1.6031,2.0766,42.44,0.8881,1.2604,-0.5784,18.53,58.39,0.2781,6240,A,standard,swing,south,1
-1.756,-2.7002,-0.7873,1.3139,8.8373,26.33,0.019,-0.4096,0.4959,19.61,80.9,-0.3439,7172,B,standard,night,west,1
-0.0443,-1.447,0.5691,-0.2439,2.9644,16.47,-0.3855,1.1674,-1.137,4.5,74.34,1.0772,9312,A,premium,day,north,0
-0.2316,-1.3639,1.5821,0.1238,8.2548,25.67,0.8368,0.1283,1.7758,6.58,62.63,-1.356,7894,A,economy,day,west,1
-1.7773,-0.0165,-0.5909,-0.8668,5.83,25.58,0.4151,-1.1339,-2.3133,6.78,78.37,-0.9472,6170,B,economy,day,south,0
0.4198,-0.1473,0.848,0.3739,5.4259,58.46,-0.3373,1.252,-1.9737,15.68,61.29,0.3314,7745,C,standard,day,south,0
0.5688,-1.4094,0.0079,1.002,3.867,56.64,-0.2083,-0.3407,-2.487,6.79,67.58,-0.0872,7346,B,standard,swing,south,0
0.6067,1.9122,0.9864,0.1858,,94.09,0.0208,-0.3747,0.5568,20.91,76.05,0.3469,4077,A,premium,night,south,1
2.3626,-0.6948,-0.0256,2.184,1.2801,85.98,-0.9019,-1.502,2.3524,25.28,65.35,0.2249,8956,A,standard,night,north,1
2.2162,1.1294,-0.2729,0.4405,4.4374,78.41,-0.6659,1.0221,1.1623,31.19,80.17,-0.0724,7059,C,standard,swing,south,0
1.183,,-0.1953,1.3813,,70.44,0.2577,-0.5175,,19.18,56.94,0.2472,5614,D,standard,day,south,1
-0.0983,0.3871,-0.4357,-0.8862,6.203,75.44,0.356,0.5858,-0.6493,35.89,50.12,-1.3743,8620,B,premium,swing,north,0
1.0901,0.541,-0.4181,-2.0087,4.8671,,-0.7835,-1.1144,0.523,6.51,58.66,0.479,6659,B,standard,night,north,0
0.1874,0.69,-0.0054,-0.4004,6.2157,60.43,-0.0993,2.1999,-0.3314,3.36,79.18,0.5797,4596,C,,night,east,0
-0.4875,1.063,-0.4148,-0.0239,4.0934,55.46,-1.4345,-0.9604,,7.96,82.62,0.1205,5385,D,standard,swing,south,0
0.5595,-0.374,-0.373,-1.1102,8.1402,69.0,2.0758,-0.4458,-0.8127,27.07,58.06,1.4266,5686,B,standard,swing,west,1
1.5464,-0.272,-1.3224,1.2984,3.1922,6.71,1.3052,-0.1891,0.9085,28.69,80.46,-0.485,7722,D,premium,night,south,1
2.1287,-0.2859,-1.0418,0.6028,5.3033,33.81,-0.8815,-0.1459,0.0966,18.72,62.6,0.7363,3906,C,premium,day,west,1
-0.6927,-1.8116,0.0448,0.8022,0.5562,78.37,-1.8074,-1.534,1.7153,4.66,57.2,2.173,8289,A,economy,swing,west,0
0.664,0.5272,0.4705,-1.8605,9.1289,70.64,-0.3174,1.211,0.7274,38.88,76.34,-0.1565,7863,A,standard,swing,south,1
1.1601,-1.2031,,-0.3992,1.4586,39.42,-1.5696,-0.375,-0.0673,27.03,68.53,-1.0934,8940,B,standard,swing,south,0
-0.3223,-0.1556,-0.7134,-0.8228,1.2423,47.87,0.041,-0.0681,-2.3808,42.24,69.12,-2.0615,9387,A,premium,swing,west,0
-0.5304,-1.4421,-1.0878,0.5197,7.6022,59.43,0.6498,0.4422,-1.3395,11.72,62.77,0.6698,3367,C,economy,swing,west,0
-1.725,0.1301,0.2212,0.9573,,63.51,-0.5907,-0.9553,-0.2595,7.24,78.91,0.1318,8056,C,economy,day,north,1
-0.8145,0.3059,0.5505,0.8571,8.4585,81.46,-0.4275,0.5169,-0.348,14.56,54.36,0.7368,8508,C,standard,swing,north,0
1.1328,1.25,-0.5512,-0.4571,7.326,22.05,1.1339,-1.0533,,17.95,80.03,-0.1667,8104,B,standard,day,west,0
-0.0533,0.2362,,-1.9284,6.2156,40.12,-0.2496,-0.1695,-1.5992,37.91,72.55,0.295,1826,A,economy,night,south,0
-0.4793,1.4733,-1.318,-0.2979,3.6879,86.99,-1.2815,-0.6623,-0.4233,19.63,68.58,0.4883,5117,B,standard,day,south,0
-0.6759,-2.5283,-1.8429,-1.8303,8.3578,41.34,-0.8571,-0.3807,-0.1462,10.82,67.17,0.0371,9913,C,,swing,south,0
-0.5225,-0.4076,1.6673,0.3339,7.1979,92.24,-0.4826,0.839,-1.0785,25.22,60.27,-0.7219,3187,B,standard,swing,north,0
0.3265,0.8197,-0.8775,1.6382,9.4649,16.24,0.5593,2.6144,1.0694,12.85,77.16,1.0751,4918,D,premium,night,east,0
-0.6927,-1.1584,0.479,0.7569,1.3383,2.45,-0.0464,0.6144,0.2662,8.96,61.29,-1.7121,4904,B,standard,swing,west,1
-1.9617,-1.8327,-0.5947,1.4151,2.8619,57.65,-1.4696,-0.1062,-1.1097,9.4,66.19,-1.2803,2173,C,economy,night,north,0
-0.9978,0.1917,1.425,0.6625,8.6595,62.17,1.1048,1.0022,-1.0586,11.95,47.49,-1.5164,9842,B,,swing,east,0
0.7148,-0.7089,1.5029,1.0318,9.1758,85.49,-0.0431,0.7249,-0.3955,22.93,51.96,0.5581,4038,B,standard,swing,west,0
0.0442,-1.2707,1.4369,0.7915,5.6112,18.51,-0.4714,-0.2124,0.3541,18.48,81.67,0.8691,6725,A,economy,day,south,1
-0.3384,1.524,,-0.408,2.1545,65.16,-0.7514,-0.1918,1.9063,18.67,70.87,-1.0955,7378,A,economy,swing,south,0
0.9591,0.8137,-0.3487,-0.6421,7.9001,63.44,1.1367,-0.6826,-0.911,4.09,55.92,1.0285,3779,D,standard,day,north,1
1.0151,,-0.0254,0.9441,6.6322,41.94,0.7209,0.0133,,18.31,79.3,-0.0817,7608,D,premium,swing,south,0
0.6133,-0.363,-0.5985,1.1539,6.18,59.31,0.3841,-0.7011,,30.03,69.14,0.8747,8246,A,standard,night,west,0
0.2359,0.5238,-2.2698,-0.757,0.0382,33.18,0.8102,-0.3475,-1.9474,27.76,83.95,0.6174,7954,C,premium,day,north,0
-1.192,-0.1815,,-0.9857,6.1056,33.0,0.8913,0.0216,0.7225,22.63,65.83,-0.3437,6965,A,standard,swing,west,0
0.3124,-2.4874,-0.3162,-0.4346,2.9007,44.59,0.2839,-0.1434,1.8514,13.73,60.44,1.3861,1756,B,standard,night,south,1
-0.1932,2.0851,-2.3193,0.3183,6.6145,48.97,-0.3688,-2.4811,2.2743,13.41,66.03,-0.7712,5475,A,economy,swing,north,0
-0.5954,-1.7717,-0.5404,1.0521,9.7872,47.8,1.8822,-0.5881,1.7001,7.56,70.24,0.8924,2014,C,economy,day,south,1
0.2049,-1.905,-1.2922,-1.6848,2.4616,32.71,-0.1467,1.3297,0.9709,23.3,75.95,0.4255,3610,A,standard,day,east,0
-0.3482,-0.3127,,-0.3075,5.6765,61.28,3.4704,0.0513,0.5953,25.87,65.91,0.2602,6766,A,economy,swing,east,0
1.0843,-1.4728,0.6608,-0.8687,0.5863,76.72,0.1597,-0.4363,1.1737,11.8,74.41,-0.9825,5519,C,premium,swing,south,0
-0.039,1.1472,-0.1105,-0.7276,2.9054,82.37,0.6085,1.8621,-0.2227,21.35,70.39,-0.4672,9053,C,economy,night,north,0
-0.9371,-0.3009,-0.6249,-0.1742,1.7702,80.87,0.5486,0.6393,0.1173,26.73,58.13,1.6759,1148,C,standard,night,south,0
-1.1284,-0.2036,-1.3852,0.8382,2.8058,98.87,1.1747,-0.5621,0.3202,8.44,71.93,-1.1742,9596,C,economy,night,north,0
0.2056,-0.9897,1.2693,1.1245,0.078,50.05,-0.9451,0.3223,1.5756,29.61,78.1,0.0794,6457,A,economy,night,south,0
2.6998,-0.5109,-1.5996,-0.0617,,44.03,-0.3347,-0.0497,0.9679,17.0,82.45,0.5595,6182,D,standard,swing,east,1
0.4499,-1.8423,0.3032,-0.0339,,48.63,0.9237,-0.4316,-0.1255,25.43,81.93,1.318,6899,A,premium,swing,north,0
0.673,-1.0044,,0.7277,1.1957,57.21,0.1186,-0.1918,,12.86,51.87,-0.7275,6842,C,standard,night,east,1
1.0673,0.0249,-0.6081,-1.0912,0.1258,41.82,0.4516,0.5873,-0.039,8.74,73.88,0.7855,1632,C,economy,swing,west,0
-1.6292,0.7869,-0.3362,0.6372,8.3929,81.61,-1.3981,-2.2039,-0.7079,25.89,90.2,1.9166,3890,B,economy,night,east,1
0.7938,-1.4548,-0.839,0.6917,1.0404,60.81,-0.8685,0.1319,0.2933,34.58,66.94,0.2648,9146,C,economy,swing,east,0
0.3197,-0.0006,-0.7643,-1.0497,,74.09,0.0476,1.0694,0.669,11.22,57.29,0.8435,1011,A,premium,swing,west,0
-0.4177,-0.6324,,-0.9525,7.7264,34.41,-2.1459,0.9931,0.3314,13.64,78.55,-0.4344,9837,B,premium,day,east,0
-1.0074,-0.2563,-1.4582,-0.0574,7.6717,65.99,0.5208,-0.0615,0.3717,4.88,68.39,1.5896,2803,C,economy,night,,0
-0.1466,0.5436,0.8084,-0.778,0.6117,55.06,0.4571,-0.9512,0.3951,18.51,67.95,0.3138,8721,D,standard,swing,west,0
0.0132,-0.26,-1.1357,0.6169,0.669,35.82,2.3248,-1.4955,-0.1266,23.63,67.09,0.0194,4079,C,premium,night,south,1
1.3035,-0.9254,0.8767,0.3011,,37.63,-0.1145,0.4981,1.4404,2.59,71.06,-0.1876,2029,C,standard,day,south,0
0.8106,1.0561,-2.8294,0.1584,2.7349,49.68,-0.5333,0.2054,0.5398,13.27,70.98,-1.8646,2157,D,standard,night,south,0
-2.1782,0.8481,2.0545,0.1845,2.1211,49.1,0.12,0.4364,-0.6034,33.36,79.66,-0.2535,8338,D,standard,night,east,1
-0.8236,1.3592,,-0.6768,5.2678,13.46,-0.8937,0.1323,-1.2639,19.21,56.11,0.1773,8015,A,standard,day,east,0
-0.8156,-0.7665,-1.2101,0.5337,3.9188,89.52,0.3125,-0.7808,0.4328,21.44,69.47,2.6921,9487,C,standard,swing,north,1
0.7834,1.2609,-0.1471,-0.3099,3.7501,,0.0865,-0.6338,0.9338,12.08,67.63,-0.7633,3862,A,standard,night,east,1
0.9388,-0.0663,0.5373,0.1137,1.3445,55.3,0.2627,-0.2669,-0.6927,15.88,67.24,-0.802,6445,A,standard,swing,south,1
-2.2024,-0.2415,-0.2079,1.7385,,68.51,0.6102,0.4786,-2.2673,10.32,75.42,-0.6982,8157,A,standard,swing,south,0
-0.7728,0.6656,0.3599,-1.0271,7.5595,57.63,-0.1096,-0.7989,-0.2536,20.4,71.19,-0.2637,1513,A,standard,night,south,0
1.8506,-1.8852,1.3311,-0.7212,9.714,47.78,1.1553,-0.4691,0.8414,39.69,69.75,-1.6016,2155,D,standard,day,north,0
-0.3618,1.4259,-1.0198,-1.2234,8.0905,58.9,-0.1478,-0.0625,-0.8706,31.39,61.87,0.8697,2441,B,,swing,west,0
2.2034,-0.684,-0.8175,0.8603,8.609,16.61,-1.0961,-0.6961,1.2379,10.82,46.62,-0.4269,1087,D,premium,swing,west,1
-1.1792,,1.302,-0.3892,8.3601,50.72,-1.0667,-2.0905,0.3513,14.5,56.73,-1.7579,7793,B,economy,day,north,1
-0.0836,-0.3637,-1.2405,0.7878,7.0357,40.19,-0.3857,0.5963,-1.0622,16.87,77.05,1.1076,1126,A,standard,day,north,0
0.0058,2.2057,1.5716,0.7338,5.3662,81.88,0.5042,-0.4497,-0.3827,23.03,78.41,0.0468,8702,B,economy,night,north,1
0.7392,-1.7404,1.1965,-1.8349,8.1849,45.32,-1.0604,1.3593,1.2641,11.64,68.13,0.7361,4337,A,,day,south,1
-0.4735,-0.2655,-0.9022,-0.5647,,,-0.551,1.4958,-0.15,35.15,51.1,0.4386,1473,D,standard,day,west,0
-0.0154,,-0.3551,-1.9755,3.727,24.88,-0.3557,-0.291,-0.9414,3.08,58.13,-0.7076,8015,B,premium,swing,east,0
-0.2565,-0.279,-1.546,-1.0215,6.8318,66.51,-0.3922,0.5338,-0.0181,19.47,77.87,0.4047,4880,D,,swing,north,0
1.8033,-1.3423,-0.5622,-1.7663,1.6116,37.31,-0.5172,1.0846,-0.2772,13.7,64.18,1.3014,7838,B,economy,day,west,0
-0.9141,0.8589,1.0697,-0.7714,8.9299,,-0.28,-0.2954,,33.83,58.88,1.6717,2242,C,premium,swing,south,0
0.4768,-0.0173,-0.8632,-0.597,6.0457,49.11,-1.0203,-0.8228,-0.3616,20.55,64.73,2.1508,4285,B,standard,night,west,0
0.8478,-1.1271,,-1.1233,6.3322,54.0,3.1853,1.314,-1.1841,11.02,53.35,-1.2573,2911,B,economy,swing,south,0
-0.251,-0.277,-1.3467,0.413,6.3578,47.0,2.0117,-0.6824,1.0914,12.64,56.15,-0.786,8925,D,standard,day,west,0
-0.3289,-0.9723,0.3224,1.0927,8.5583,85.82,-0.8684,1.6339,,19.32,59.01,-0.3934,1388,C,economy,swing,west,1
-0.5173,-0.6139,1.6925,-1.8017,2.1272,15.45,1.0491,-0.2126,-0.4017,47.65,78.23,-1.4434,6656,B,economy,night,east,0
0.362,-0.874,-0.7627,0.4697,2.6397,61.46,-0.826,-0.0567,0.4318,26.98,57.11,0.6056,8032,C,standard,day,north,0
0.8289,0.55,-0.8072,-0.6219,4.8003,45.26,-1.1855,0.0176,0.2154,4.96,70.83,-1.9087,4891,B,premium,day,south,0
0.8926,-2.5104,0.1319,-0.4061,4.1586,36.25,-1.3767,-1.1782,0.0148,41.49,68.26,0.5921,5415,D,standard,day,south,1
-1.9451,-0.9672,1.6985,1.2135,1.6223,40.86,0.9612,1.0663,-1.5777,13.03,67.29,1.0166,9364,B,standard,day,east,1
0.9323,1.3573,-1.9514,-0.4743,4.521,26.66,-0.7814,0.032,-2.1308,24.57,44.89,-1.9132,7754,D,premium,day,west,0
-0.2301,-1.5444,-0.6964,1.489,9.5095,45.12,0.0563,-0.325,0.4551,28.93,73.21,-1.9001,8724,D,premium,swing,north,1
-0.9663,-0.2011,-0.3303,0.591,3.1878,7.26,1.5096,0.5155,-0.1113,13.03,56.04,0.1221,6024,D,standard,day,east,1
0.171,1.7452,-1.3971,1.7969,8.1832,33.81,0.6235,0.2046,-0.6032,20.8,55.51,-2.2857,6282,D,standard,day,south,0
-0.7856,-0.7858,0.3544,2.5728,4.6614,36.62,-1.8814,-0.2742,-0.7368,22.34,77.58,0.9933,9870,D,economy,day,east,0
-0.6553,-0.8181,-0.1096,-0.8614,8.8619,81.11,0.7912,-0.9499,2.3291,55.2,47.98,-0.3125,3444,C,premium,day,west,0
-0.1577,-1.1991,1.1101,-1.0417,7.2552,13.73,0.6818,0.1364,1.5783,23.96,73.62,-2.0007,4319,D,premium,day,west,0
0.3994,0.567,,-0.3533,7.5287,45.16,-1.5619,1.4636,1.4451,14.91,65.43,-0.2657,1455,D,standard,swing,east,0
-0.515,1.8843,-1.0844,-0.4716,7.9875,43.1,-0.7319,0.2147,1.0702,13.75,74.57,0.635,4770,D,economy,day,east,0
-0.6241,1.2454,0.6053,-0.0726,7.0969,,-0.8223,0.2395,1.1123,14.21,72.86,-0.8678,1700,D,premium,day,west,0
-0.2525,-1.0592,0.3669,0.4198,4.1121,72.97,-0.4264,-0.8532,-0.5506,10.19,67.69,0.2949,6872,C,standard,night,north,0
-0.8313,3.7048,0.0164,-0.255,9.2296,86.07,0.8748,1.5583,-1.0618,34.71,70.11,0.144,5874,C,standard,day,south,0
2.6527,-1.4443,-0.0042,-0.0637,4.4739,40.23,0.1171,-0.08,0.9541,32.34,89.29,0.3856,8222,D,standard,swing,south,1
0.1414,-1.7406,0.0982,-0.7675,7.0584,41.33,1.4894,-0.4673,-0.72,21.69,53.29,-0.9056,6129,A,economy,day,south,0
0.2622,-1.7861,0.7235,0.5821,5.0067,,0.5058,-0.585,0.7498,36.07,79.47,0.682,5664,B,economy,swing,east,0
0.771,-0.7527,-1.259,-1.2597,4.5777,39.85,-0.7705,-0.7552,-0.3465,33.94,74.2,1.2576,7795,C,standard,swing,north,1
0.6265,,-0.8961,-2.4193,8.9594,19.46,-3.2198,0.4787,0.8672,26.5,62.88,0.95,2801,A,premium,day,west,0
1.1214,-1.8113,-0.7413,0.1265,7.2455,72.48,-0.2553,-0.8586,0.7386,10.3,67.16,1.1,6364,A,economy,day,east,1
-0.7995,1.1909,-0.5041,0.7898,9.1191,41.06,1.5597,0.4899,-1.3137,33.88,66.8,-0.8152,4401,C,standard,swing,south,1
1.6016,-1.1531,-0.6494,0.0284,6.4729,37.61,-1.5501,-0.0442,0.0343,9.76,70.01,1.3055,3114,C,economy,day,east,0
0.0661,0.7057,0.5686,-0.0606,8.5093,57.25,1.2689,-1.4488,-0.0739,37.25,75.87,1.1309,5857,B,standard,swing,north,0
0.1993,-1.6109,-0.3188,-0.6084,1.5215,,-0.4685,-1.662,-1.7117,76.5,64.91,0.3314,6306,C,economy,day,west,0
-1.7097,0.1689,0.4581,-1.1607,3.5686,35.01,1.0662,-0.0921,0.6777,22.12,77.95,-0.4868,2625,A,standard,day,south,1
0.8213,-0.3368,-0.9228,-1.1663,6.82,8.92,0.5252,0.0627,-0.3744,11.24,73.0,0.2712,6335,B,standard,swing,south,0
-0.0087,-0.4468,-0.3561,1.3308,5.4883,89.94,-0.8088,-0.6714,2.1589,37.08,67.53,-0.2108,3701,B,standard,day,east,1
0.3678,,1.4293,-1.2389,6.1362,70.45,-0.4595,-0.0926,-1.1599,16.2,67.89,-1.1963,7441,C,premium,day,west,0
0.8237,-1.0253,1.0081,0.1599,3.1679,57.35,1.5064,-2.2127,1.6503,20.68,70.6,-1.9326,5361,A,standard,swing,north,0
-1.4598,2.4163,-0.7637,-1.5026,6.6507,58.52,-0.1758,0.3126,-0.4007,29.51,89.12,-2.124,8746,D,standard,swing,west,0
0.362,0.5341,0.826,0.8752,,77.92,1.7001,-0.2251,-0.1951,9.78,72.92,-0.9017,1461,D,economy,night,east,0
0.3257,,-0.4376,1.8616,,87.71,-0.1364,0.2442,-0.7706,59.0,76.6,1.197,9194,A,standard,swing,west,1
-0.1272,-0.8853,0.4161,-1.1952,6.1397,47.95,-1.0042,1.4181,0.5279,24.95,59.93,0.8293,2351,A,standard,swing,north,0
0.8815,1.3295,1.4437,-1.3516,5.0107,52.38,-0.269,-0.6038,-0.434,26.87,58.81,-0.9473,7065,C,standard,day,west,1
1.4054,1.1935,0.6992,-1.1291,1.6242,12.19,-0.335,-1.4681,2.7644,24.97,83.06,0.5428,9338,C,economy,swing,north,1
-0.9605,0.5811,-0.4094,0.6872,1.8055,89.56,1.3061,0.6671,-1.4203,50.54,63.86,-0.2756,9380,B,economy,swing,south,0
1.3508,,1.2995,-0.8827,0.9821,51.29,0.2183,0.522,0.2419,19.7,61.71,0.082,1273,C,premium,night,west,0
2.7335,2.3855,-0.9197,-0.2272,2.0027,33.83,0.3956,0.2781,1.2014,34.3,63.07,-0.0433,7483,A,standard,day,east,0
-0.0944,0.2561,-0.7932,-0.3846,4.195,57.72,0.1667,1.0895,-0.491,19.54,72.75,-0.4318,9241,A,standard,night,north,0
-0.8356,-0.3238,-0.2224,0.8712,3.4441,22.88,0.3809,1.1393,0.1378,12.76,84.06,-1.3665,2361,B,premium,day,west,0
-0.8974,-0.5285,-0.0608,-0.4574,0.5552,7.49,-0.7009,-1.2598,-0.2556,74.47,66.46,-0.1588,1823,C,economy,day,south,0
-0.3283,0.1084,-0.0027,-0.4254,3.2536,,0.8175,-2.0372,,30.27,57.29,0.5847,2760,D,premium,night,east,0
0.2629,-0.2295,0.6199,-0.5411,,49.43,1.1513,-0.3377,-0.8029,23.22,76.37,0.6503,2650,A,standard,day,north,0
-0.3644,0.7938,0.0005,-0.7124,8.6911,48.15,0.6134,0.2416,0.3901,19.15,63.86,-2.1176,8012,B,standard,night,west,0
2.7617,0.9733,0.9014,-0.0156,3.1567,44.48,3.0963,0.5559,1.9456,5.34,76.62,0.7177,3425,A,standard,day,north,0
1.1882,0.6948,0.7562,1.7452,4.0527,71.08,0.8195,-0.9638,2.3514,35.74,65.67,0.3872,7417,A,standard,night,north,0
-0.6651,-0.8174,-1.1354,0.2318,9.9615,18.77,-1.536,0.4592,0.1535,14.74,66.82,-1.3714,1762,D,standard,day,west,0
2.0951,-2.2894,1.21,-1.5847,4.2552,44.77,0.8429,1.3628,0.6418,13.82,89.57,2.0117,7248,C,economy,day,south,0
0.3565,-1.1447,-0.4805,-1.2078,6.6289,33.07,-1.2587,0.3036,1.5939,25.69,73.47,0.8749,6532,B,economy,swing,west,0
-1.613,1.1182,1.124,1.3389,4.1402,74.41,-1.2938,-0.6664,-1.2254,16.65,62.65,-1.067,3595,D,premium,day,south,0
0.696,-0.8981,0.9612,0.0306,6.693,74.23,-1.4937,-0.3104,2.0868,25.52,59.86,-0.1869,1505,A,economy,swing,east,1
0.8521,-1.4079,-0.4163,2.0601,5.1332,44.76,0.8485,0.5343,0.1165,13.98,75.39,-0.4528,3608,C,standard,day,south,0
0.3572,1.3976,,0.0017,8.9205,55.87,1.4401,1.929,-2.4515,20.39,83.27,0.9776,3807,A,standard,swing,north,0
1.0348,-1.3555,-0.694,-0.3599,4.8788,37.86,0.3928,0.0382,0.2312,12.85,62.09,-0.0985,5705,C,standard,night,south,0
0.4743,-0.6154,-1.3394,1.9383,9.4149,88.66,-1.5477,-0.9074,0.2074,16.52,72.34,1.4928,1885,B,standard,day,south,1
0.9444,0.0075,0.2196,0.4373,3.2287,76.96,-0.07,-0.8469,0.6651,17.75,57.99,0.1057,3864,A,economy,swing,south,0
-0.8988,0.9939,-0.63,0.865,0.479,82.69,0.5691,-0.1017,-2.0614,8.8,69.2,0.4589,4889,A,standard,night,west,1
-0.7379,,-0.5191,0.3557,4.5132,41.57,0.7335,-1.5915,-1.4509,2.4,60.85,-1.8773,3176,A,economy,swing,north,0
-0.6118,-0.785,0.6004,-0.6585,4.0206,,1.0385,0.1045,-0.6391,14.4,54.48,-1.39,7825,A,standard,swing,east,0
-0.8132,3.2363,0.9665,-0.5798,0.8689,32.35,-0.8132,0.6902,,12.28,63.24,-1.359,6223,C,premium,swing,south,0
0.2176,1.2493,-0.1197,1.8038,2.4285,77.26,0.5877,-2.5458,,50.17,70.42,1.4498,3734,D,standard,swing,east,1
1.536,-0.6703,-1.163,-1.0479,7.934,21.8,0.4458,-0.1053,-0.9258,14.44,64.53,-1.6303,7882,A,standard,swing,east,1
1.3558,1.8819,-0.3171,1.48,4.9759,61.83,2.1558,1.1031,1.1207,14.48,73.53,0.3454,1521,A,standard,night,south,0
1.2657,-1.1638,-0.188,2.1127,8.799,55.29,0.2732,-0.3971,0.1732,20.77,60.87,1.3543,5574,A,standard,night,south,0
-0.1872,3.3879,0.2541,0.1662,1.0629,,0.7767,1.4329,-1.4394,17.87,75.06,1.5434,9295,A,standard,night,,1
-0.8871,0.35,1.0848,-2.6436,8.8179,22.32,-1.0887,0.4105,0.6334,15.64,85.98,-1.8071,8619,C,standard,swing,south,0
-1.5681,1.0806,-0.2896,-1.443,5.7758,82.99,0.626,2.7502,-1.353,25.34,59.71,1.0087,5723,D,premium,swing,north,0
0.0885,,-0.296,-0.6411,0.4429,85.08,-1.8037,0.802,-0.6457,31.36,58.14,0.4431,3160,D,standard,swing,south,0
-0.0364,0.2194,-0.1623,0.8195,7.6639,29.05,-0.1231,2.2144,0.3785,32.11,58.97,-0.6273,4859,B,premium,swing,east,0
-0.4552,1.6846,-0.9638,-0.8821,7.2227,32.57,-1.0287,-1.1786,-0.4036,30.59,73.67,0.0123,2129,C,standard,night,west,0
0.4226,-0.6165,0.1221,0.1409,1.5816,80.96,-0.7721,1.5624,-0.5638,20.79,64.34,-0.1366,2125,B,standard,swing,north,0
0.9734,0.0573,0.304,1.5892,7.879,29.72,0.691,1.723,-0.2208,28.02,66.91,-0.3645,3881,D,standard,day,,1
0.4085,-0.2772,,0.589,5.5185,56.58,0.2016,1.2499,-0.2311,4.89,65.42,-1.393,9822,D,standard,day,east,0
-0.8393,-0.2822,0.4564,-0.2268,3.2446,2.77,-0.5188,0.8082,-0.2116,13.54,76.33,0.8875,6884,B,premium,day,west,0
-0.5632,-1.1513,0.8073,0.4686,2.3132,20.78,0.4604,-0.8605,1.2455,30.6,71.64,-1.4276,3213,D,standard,night,north,0
0.5535,,2.5934,0.4374,4.5523,39.94,0.5531,0.0719,1.7357,24.21,82.87,0.4501,4944,C,premium,swing,east,1
-2.2569,0.0944,-0.2723,-0.6494,2.6469,49.78,0.3441,1.7942,-1.8732,36.88,70.59,-0.2095,6708,D,standard,swing,south,1
-1.1326,0.5542,0.4635,-0.3653,1.8519,78.83,0.2469,-0.836,,7.4,63.04,-2.1493,9867,C,standard,day,south,0
-1.0001,-1.8032,0.7701,-0.4038,5.1189,9.41,-2.6956,0.994,,2.03,77.12,0.1821,4884,C,economy,night,east,1
-0.6068,0.2785,-0.8507,-0.4673,2.0627,31.2,0.0109,0.06,-2.0587,18.0,69.5,-0.4587,7763,C,economy,day,south,0
-0.1179,0.2042,1.3583,-0.5535,2.0548,23.42,0.6727,2.549,-0.8385,21.68,88.04,-1.9794,7955,D,economy,day,south,1
-2.6122,-0.1371,0.3703,-0.4693,1.6839,35.98,1.019,-0.5106,-0.2278,32.56,78.93,-0.4941,8900,C,economy,day,west,0
0.8377,0.7752,0.8472,0.229,4.4248,21.73,-0.6798,1.5735,-0.0952,28.47,73.44,-1.4771,8699,C,premium,day,south,1
1.5539,,-0.5553,0.3577,7.2716,67.69,1.0987,-0.094,3.6207,43.38,61.31,-0.7379,5751,D,economy,swing,west,1
1.5738,0.2221,0.0674,-1.0472,7.4966,42.43,1.1211,-1.1873,-0.5301,5.31,64.1,-1.2107,5799,A,standard,day,south,0
1.7674,-0.3178,-1.5251,0.8004,8.4608,67.98,-1.3009,-2.2581,1.9333,13.31,69.42,-1.2832,4724,D,premium,day,west,0
0.6439,-1.6757,-0.5127,-0.4569,1.4743,43.56,-0.1742,-1.542,2.8806,33.99,63.52,0.3375,3266,A,premium,night,north,0
0.0496,-2.183,-0.7001,-0.9009,4.1436,63.18,-1.1607,0.699,-0.9524,52.3,64.48,0.6056,2778,B,premium,night,south,0
-1.0699,0.3243,1.2573,-0.3317,4.8529,80.27,-0.1478,-0.6808,-1.0708,2.65,56.95,0.1738,7862,B,premium,night,west,0
-0.6764,-0.7882,0.344,-0.7983,7.4831,74.44,-1.4188,0.3075,-0.4254,1.8,67.81,2.2758,3447,A,,night,east,0
0.5687,-2.2762,-0.1629,0.5093,9.6778,,0.5739,-2.1646,0.1292,14.17,84.79,0.0269,9190,C,premium,swing,west,0
-0.1077,1.134,1.2009,1.3489,1.7981,67.09,-1.5417,0.503,1.3075,8.68,59.51,0.6047,4927,D,premium,swing,west,1
0.2591,-1.9918,0.875,-0.3873,2.7616,66.09,1.6297,1.7785,1.1906,19.09,67.95,-0.8947,4453,B,standard,day,south,0
1.5327,0.1127,-2.2152,-0.698,9.3125,41.81,-0.5558,-0.0699,0.861,11.76,76.6,2.0096,1122,A,standard,night,west,1
-0.8221,0.7898,-1.2984,1.2161,0.5572,86.67,0.8097,-0.8705,0.4693,11.34,66.68,0.7372,4977,A,premium,day,south,1
0.6895,0.1341,-1.2993,-1.2437,6.3962,54.05,-0.1538,1.4466,-0.0417,39.51,74.86,-0.2741,8966,D,economy,swing,west,0
-0.2096,-2.3719,-0.504,-1.406,3.4933,90.67,0.1821,0.2617,-1.3837,36.54,81.89,0.6658,7303,C,standard,night,south,1
1.5998,,0.6961,-0.7847,9.4761,12.25,-0.6953,0.4327,0.3046,6.81,67.42,1.6255,3491,D,standard,swing,west,1
0.1762,0.5375,-0.9396,0.1627,,56.41,-0.5858,1.3183,-0.724,28.84,68.01,0.3998,4430,D,economy,day,south,0
2.739,1.7935,0.2884,0.2645,9.9394,26.38,1.0916,-1.3753,2.6567,16.85,69.18,-0.578,2181,D,economy,day,south,0
-0.2257,0.9701,-0.7236,0.3655,9.1515,69.77,0.7586,-0.6109,0.2451,14.6,66.89,0.1716,3091,A,economy,day,east,0
0.177,0.2249,1.1545,0.3147,8.063,60.7,1.6106,1.0143,-1.7911,17.64,49.81,0.6043,4696,B,premium,swing,north,0
-0.7091,3.3777,,1.3124,0.1244,48.69,0.2857,-2.0714,0.5182,16.73,57.79,-1.3834,4741,C,standard,night,south,0
-0.0587,0.6437,,-0.9524,6.3215,65.01,-0.0043,-2.0225,0.3216,24.52,68.28,0.4554,8797,C,premium,swing,east,0
0.8981,0.1883,0.2144,-0.3296,2.6626,17.88,-1.0446,-0.164,-1.5138,5.62,53.0,-0.1295,8982,D,standard,day,east,0
0.7369,-1.8285,1.2039,-2.2392,8.3707,56.64,-1.1706,-0.2407,0.7886,22.19,63.49,-1.3332,3832,C,premium,swing,east,0
-1.9794,0.4903,,-0.5107,9.3961,54.11,-0.2171,-0.8782,-0.9908,15.87,65.49,1.0022,2124,C,standard,day,west,1
-1.5393,-0.5722,,0.497,1.5916,55.81,-1.8312,-0.0926,-1.0894,35.14,67.29,0.4122,3201,A,standard,day,east,0
0.0132,1.8852,0.427,-1.1021,2.335,47.81,-0.4287,0.42,-0.7651,24.57,67.72,-0.3829,4258,A,economy,swing,east,0
-0.4443,2.3858,0.7226,-0.0648,2.2893,45.84,-1.3125,1.4186,-0.4562,10.38,75.14,-0.0931,8047,D,economy,swing,east,0
0.0134,0.3807,-0.1819,-0.7534,7.0198,29.38,-0.2118,0.8606,0.569,14.63,64.05,1.3588,1968,B,standard,swing,south,0
1.2075,-1.9871,0.0661,-0.2833,6.9772,62.93,0.9968,-1.2808,0.4169,7.29,62.01,0.6853,1272,B,,day,south,0
-0.1378,-0.0692,-1.1221,0.8352,0.9744,67.71,0.1709,1.6869,0.5831,13.44,60.88,0.7135,4737,D,standard,swing,south,0
-1.0045,1.678,0.7087,-1.0749,6.6449,33.73,0.4018,-0.2305,0.8557,3.14,83.28,0.7994,9307,D,standard,day,west,0
1.1901,-0.9037,1.702,-2.7401,8.1021,42.04,0.1745,0.3424,0.5938,4.61,65.28,0.9962,5080,D,standard,night,north,0
1.2611,0.1495,-1.167,-1.698,7.4843,86.26,0.4516,-0.4527,,2.42,62.09,-0.8868,9265,A,standard,night,north,0
2.4853,-1.2243,-0.0441,-0.2919,5.3783,25.86,1.5127,-0.17,0.9715,7.71,56.84,-0.3816,7476,A,standard,swing,east,1
-1.4162,1.8802,-1.1362,-0.3078,4.3176,61.88,-0.0813,0.241,-0.5158,9.47,81.29,-0.7468,9466,C,economy,day,west,0
-0.6776,-3.0777,1.9746,-1.1613,4.7351,,1.363,-0.2567,2.0258,12.36,76.43,-0.1106,8530,C,standard,day,north,0
1.8226,-2.6959,-0.2024,-0.6326,3.0595,58.39,-2.2003,0.0695,0.3167,13.5,60.92,1.0253,4842,B,premium,swing,north,0
-0.0996,0.9432,-0.6958,0.6553,7.8415,59.7,0.9192,1.8633,0.6346,1.29,76.15,0.4215,5459,B,standard,swing,east,1
0.7542,-0.2767,-0.4435,-0.7688,8.3749,67.22,0.8134,-1.4761,1.832,8.69,72.26,0.3026,3067,C,standard,day,west,1
0.3735,0.9528,0.7634,1.8363,8.9951,36.04,-1.2649,-0.5411,0.2307,12.5,92.52,-0.7137,3385,B,standard,day,south,0
1.4915,3.2818,-0.2215,0.586,0.7146,31.87,0.3782,0.2631,0.316,17.96,84.08,-0.3246,5155,D,standard,day,south,0
-1.2131,-0.6248,,1.0748,3.1858,31.48,1.6137,-0.2419,-0.111,5.43,67.83,0.141,2350,B,standard,day,north,0
2.319,0.8096,-1.3664,0.1945,2.0529,61.67,-1.2847,-0.459,1.1535,8.46,78.22,-1.0436,5233,B,standard,night,west,0
2.5859,0.9629,-1.1438,0.5699,9.3574,14.4,-1.5403,-0.2754,2.185,22.01,62.09,-0.7636,8224,A,standard,day,south,0
0.1986,0.8353,-1.1617,-0.1753,0.9086,32.82,0.057,0.1367,-0.2487,15.47,73.47,1.0473,8273,A,standard,swing,south,1
2.7743,1.7479,1.841,0.6463,0.7996,46.3,-0.1194,-0.3251,0.1321,10.51,63.65,-0.4093,1795,B,standard,swing,east,1
0.2969,-1.5731,-0.6154,-0.5712,2.44,39.36,0.3897,-0.7819,1.3801,17.61,80.07,0.9996,1854,A,standard,swing,west,1
0.0467,-0.1114,-0.2246,0.717,2.6098,54.9,3.1532,0.3695,0.118,17.17,47.62,-0.3272,8041,D,standard,day,east,1
1.0542,0.4896,-0.4187,-1.106,4.7502,6.7,1.3642,-0.8286,1.3981,32.52,46.17,0.4313,1478,D,standard,day,east,0
1.5548,-0.5992,,0.8378,2.0465,65.55,-1.0609,-0.9619,-0.9056,19.41,69.14,-0.3392,9020,B,economy,swing,north,1
-0.1103,1.983,0.6873,-0.57,,66.61,-0.5713,0.1801,-0.3634,32.43,75.36,0.4788,8354,B,economy,night,south,0
0.5041,0.7812,-0.174,0.2399,1.3542,62.05,-0.1307,-1.0377,3.7339,37.64,71.9,-0.6327,7208,A,economy,night,north,0
-0.3795,,0.5113,1.0362,7.1695,54.6,0.3893,0.409,0.3311,20.54,70.98,0.066,9750,D,standard,swing,north,0
-0.6402,1.2527,-1.0158,0.1739,1.3941,79.32,-0.4458,1.1453,0.727,27.95,54.37,1.7016,6506,D,economy,day,north,1
-0.0162,-1.1835,0.8836,-0.0571,6.396,31.6,-1.8302,-1.4875,0.7377,12.44,63.25,-0.9626,2902,C,premium,swing,south,1
1.5176,0.3519,-0.3583,1.4639,2.731,71.16,0.5924,2.1101,1.6664,7.63,71.43,0.7945,5812,C,standard,night,east,0
0.446,-1.8173,-0.4473,-0.7891,1.0482,68.7,0.3099,1.1101,-0.6687,15.36,66.34,0.3716,1111,A,standard,swing,west,0
0.4885,2.072,1.7909,1.1749,3.612,96.2,0.2335,0.0237,0.5467,18.83,68.08,1.1224,7515,B,premium,night,south,0
-2.4547,1.679,0.4164,-1.0829,3.8379,44.61,-0.3414,0.5839,-0.2584,18.1,65.41,-0.5269,2375,C,standard,day,north,0
-0.8731,,-0.2567,0.8406,6.1468,41.2,0.617,-1.2668,1.0647,35.38,53.25,2.3903,3161,C,standard,night,north,1
0.0901,-1.4514,0.7955,1.1746,7.9739,,0.1836,-1.1528,-0.1886,15.87,73.17,0.9043,3722,C,premium,swing,west,0
-0.5166,-0.0762,0.2423,-0.2511,7.239,29.13,0.7532,2.017,0.335,26.61,67.49,-0.9015,4231,A,premium,swing,south,0
2.3967,1.0707,0.8425,0.3829,8.4928,39.73,0.3957,1.4265,1.1594,9.46,47.98,-0.243,4036,A,economy,day,east,0
-0.0268,0.1855,1.5522,2.114,3.3254,45.39,0.2786,-0.206,0.1784,27.27,78.42,-1.8535,8984,C,premium,swing,south,1
1.7378,0.3877,0.5999,0.6702,4.0937,6.91,-0.7907,0.7714,-0.2043,17.28,71.86,-0.1566,2977,C,standard,night,east,0
1.2666,-0.5585,0.6671,-0.6437,4.5513,48.21,1.592,0.2786,-0.9254,28.04,80.2,0.8482,8254,B,economy,day,,1
-0.2611,,-0.1331,0.3778,6.1022,63.51,-1.049,-0.9339,0.5771,18.9,59.69,-1.2184,6580,B,premium,swing,north,0
1.1099,0.4533,0.389,-0.5898,5.9331,76.26,-0.5441,-0.3894,-0.8457,7.66,66.64,-1.2019,6471,D,standard,day,east,1
0.2594,-1.1752,-1.0153,0.0162,2.323,69.16,0.0108,1.1312,1.7355,30.09,69.28,-0.188,2625,C,economy,day,south,0
-0.6135,-1.0656,-1.3125,-0.7782,4.392,,-1.2905,-0.4828,,23.51,59.72,2.5934,7346,C,standard,night,west,0
-0.1418,-0.0195,-1.2951,0.4661,5.3957,25.31,0.2759,-0.4593,0.6089,18.84,74.2,-1.313,5968,A,standard,day,south,0
1.6261,-0.7078,1.3314,1.5634,0.7155,39.47,1.4097,-0.5199,,23.43,64.18,-0.4819,1065,C,standard,swing,south,1
0.9865,2.5729,-0.3332,1.4318,2.9754,54.39,0.5386,-1.104,0.9285,32.87,80.36,1.4191,9655,B,premium,swing,east,0
-0.8441,-0.9143,-0.4219,-0.4584,5.3629,84.76,-1.0481,0.8627,0.1256,7.87,69.39,0.2598,4261,C,premium,night,west,1
0.8632,-0.6909,-0.6894,1.0444,2.5989,4.97,1.0161,0.0128,-0.7021,20.06,69.62,1.6157,3854,B,premium,swing,north,0
0.481,1.5521,-0.9173,-1.3756,0.7661,25.22,-0.4192,0.4686,,34.6,74.63,-1.1826,5906,B,premium,night,west,0
-1.948,0.8653,1.8323,0.0255,5.2756,52.81,-0.7131,-0.3491,-1.9211,19.56,76.9,0.9097,1292,D,standard,swing,west,0
-0.7164,-0.8682,0.7863,0.8257,2.9545,58.46,-1.5954,-2.0989,-0.0697,18.21,75.05,-1.082,1312,D,standard,swing,east,0
-0.2319,-1.6561,-1.5939,1.0861,8.057,70.65,1.1889,0.692,0.7562,7.52,53.64,0.3286,7031,B,economy,day,east,0
-0.254,0.3575,0.1833,0.5207,1.6914,46.02,-0.8395,0.6835,1.0686,43.35,86.36,0.0413,3294,C,standard,day,west,0
-1.5615,-1.3708,-0.1221,-0.6584,4.9017,37.74,0.8974,0.4836,-1.5953,24.57,71.11,-1.4412,9779,B,,day,east,0
0.2772,-0.3657,-0.7055,1.373,2.9777,58.16,-1.7023,0.8887,1.8468,15.47,67.68,-0.0384,4347,B,premium,day,south,0
1.8038,0.2784,0.7398,-0.1854,1.8323,20.34,-0.9417,-0.174,,23.44,65.91,-0.204,6678,D,,night,east,0
0.3515,2.5568,0.792,-0.0999,2.7506,15.33,0.0608,0.1934,0.6208,24.85,68.8,-0.363,8148,B,premium,swing,west,0
-0.2925,0.9241,-0.6558,-0.576,5.7389,65.93,-0.8472,0.4356,0.6044,21.17,75.45,-2.0467,7673,B,standard,swing,east,0
-0.2187,-1.9222,-0.6573,1.4625,9.1725,78.68,-0.9608,1.5258,0.2679,37.79,55.01,0.097,5415,A,premium,night,south,1
0.476,-0.7214,0.644,-0.0693,9.0319,45.04,0.5585,0.6311,0.0389,16.25,69.19,-0.3176,9149,A,premium,swing,south,1
0.0586,-0.6737,0.1372,0.4076,1.968,48.15,-2.0214,-0.7316,,18.42,73.17,1.0111,9960,C,standard,night,south,0
-0.745,-0.5376,3.0673,-1.2238,2.9147,76.24,0.5599,0.7389,,17.63,56.79,-0.0127,1858,C,economy,night,north,0
1.0482,1.5824,-0.0938,-0.3994,0.5244,41.16,0.1671,-0.4706,-0.1243,8.02,81.23,0.0525,4586,C,standard,swing,west,0
0.7912,0.8452,-0.4412,-0.2162,1.5878,,1.0836,0.9263,1.2331,22.44,55.12,-0.1612,7839,A,premium,day,west,0
0.9868,-0.9692,0.6556,-2.1894,0.026,37.93,-0.7833,-0.4317,2.1233,16.54,56.5,-1.3315,7596,D,premium,swing,west,0
-0.6644,1.0627,0.1593,-0.0603,9.7433,25.63,0.4434,-0.3346,-0.9181,37.26,67.52,1.2563,3058,B,economy,swing,north,0
-0.6516,-0.4545,-0.1364,0.7374,5.9219,,-0.5121,0.794,0.4468,25.04,39.55,-0.7338,8208,B,standard,night,west,1
-0.8414,-0.1328,-1.3834,-0.759,3.396,69.02,0.0371,-1.6917,-0.5401,29.37,81.03,0.3414,3154,A,premium,day,east,0
0.708,-0.9991,1.4107,-1.1529,1.3355,75.7,1.8592,0.1252,1.5481,12.45,60.06,-0.102,9221,D,premium,night,east,1
0.1701,2.1196,-0.5919,-0.8169,8.3369,58.29,-0.6738,0.8478,-0.2633,15.15,65.38,0.0086,9288,C,premium,swing,north,1
-0.7312,-0.244,1.8208,1.5567,5.0486,44.7,-0.3285,0.6605,0.8454,16.47,56.65,-1.1458,6778,C,economy,night,west,0
0.8693,0.5684,0.719,1.2321,2.6297,69.55,0.4684,0.3021,2.0854,21.61,83.67,0.3711,6603,D,standard,day,south,1
-0.1518,0.4586,0.4375,-1.006,7.3273,10.69,0.5297,0.5612,0.3545,9.85,74.16,-0.8445,1426,C,economy,swing,west,0
1.2845,0.0187,-1.0275,-0.8516,5.5318,26.19,0.4691,-1.6632,-0.5096,19.99,72.36,1.0961,7311,B,premium,night,west,0
-1.435,0.4261,0.7439,0.0013,5.4636,8.17,-2.3319,-1.3653,0.2387,15.8,68.1,0.9254,3520,B,standard,day,east,0
-0.5803,0.1828,2.821,-1.7532,4.0407,48.13,-0.3682,0.3222,,19.13,73.37,-1.3112,3449,A,standard,day,south,0
1.0698,-0.4167,-0.3995,-1.0766,3.4349,64.09,0.3369,-2.2907,2.1899,13.39,59.2,-0.701,4156,C,economy,night,east,0
-0.6703,1.4274,-1.0359,0.3883,3.0124,62.45,-0.3527,-0.143,0.0476,8.71,67.32,0.7749,9676,A,standard,night,west,0
1.1159,-0.5477,-0.1953,-1.4088,6.6713,58.22,0.6762,2.2156,0.0151,1.21,60.82,-0.8832,2264,B,standard,day,south,0
-1.1029,-0.202,-0.2425,0.0489,2.0587,,0.0516,1.2368,0.7193,26.43,65.9,0.6388,5328,D,economy,day,north,0
0.4463,1.49,-0.6562,0.2416,6.8063,25.77,-0.1009,1.0332,0.6569,28.53,75.94,1.0079,7895,A,premium,night,north,0
-1.0922,0.8782,-0.677,-0.3147,2.4087,27.21,-0.0819,-0.567,1.6776,46.35,80.04,-1.1374,4231,B,economy,swing,west,0
-0.5715,0.0513,1.0554,-0.3399,2.8094,32.13,1.6146,0.3795,-1.7137,5.56,72.27,-0.5022,1047,D,premium,day,north,0
-0.5014,0.2807,-0.1892,-0.0522,3.6391,45.6,-2.399,0.5264,-0.5075,17.84,74.05,-1.6637,1310,B,,night,south,0
1.0131,0.9451,0.0804,-0.1441,1.7027,32.02,0.9539,-0.8198,-0.3628,36.98,82.86,-0.2875,7750,C,standard,swing,south,1
-0.4007,0.6547,0.7036,-1.2561,0.4175,34.35,-1.4717,-1.3454,1.3576,14.04,75.43,-1.5413,9831,C,economy,night,south,0
0.632,4.0743,-0.0827,-0.1074,2.136,23.71,-0.3122,-0.1617,0.0531,6.23,83.25,-0.6448,4110,B,economy,night,south,1
1.8149,-0.0433,2.3827,1.119,3.0306,74.57,-2.0891,0.019,0.7983,12.18,92.72,-1.2721,3932,D,premium,swing,east,0
-0.8701,,0.3609,-0.4158,3.6572,46.82,1.7281,2.6488,,9.25,71.89,-0.2186,5099,D,standard,swing,south,0
-1.9933,1.1236,-1.8513,-0.2767,9.9558,73.36,0.2677,1.0415,-2.2454,40.47,58.49,-0.3595,9431,A,standard,day,south,0
-0.6009,0.3831,,-0.4959,5.4098,16.3,-0.1997,-0.3751,0.7119,28.84,46.14,3.8161,2778,C,economy,day,,0
0.1342,-0.1265,-0.8668,-0.7761,7.2995,23.6,0.7913,0.4573,0.6251,19.03,36.87,0.7454,2193,A,standard,day,south,0
-0.1868,2.0801,1.3037,1.0722,5.606,43.75,-0.9845,-1.5517,-1.1062,7.58,85.26,-0.7493,3081,B,premium,day,west,0
0.9785,1.7182,-0.325,0.0477,8.2634,83.5,0.405,-1.0979,,15.15,80.84,-0.6662,3148,D,standard,swing,north,1
-0.2245,-0.5667,-1.1918,-1.7705,2.5536,52.67,1.22,-0.3342,-1.4796,31.39,66.12,-0.1381,2954,C,,day,north,1
1.5768,0.9596,-1.4816,0.0491,1.039,28.02,0.4904,-2.5859,-0.8268,28.91,70.96,0.4215,4604,A,economy,day,east,1
-0.7011,-2.325,1.2678,-0.9974,4.9327,20.15,-0.0521,0.022,-1.4424,9.94,93.73,-0.331,1069,C,premium,day,south,0
0.4128,0.9237,0.4172,-1.2666,0.8145,8.48,0.463,1.3331,-0.5913,3.12,69.08,0.4122,7531,A,standard,swing,west,0
-0.9342,0.8559,,-0.8369,2.0071,30.83,-1.3247,1.3345,0.103,18.71,59.93,0.2896,3675,A,premium,day,north,0
0.2412,,-1.1352,-0.2536,8.5487,69.39,-0.349,0.8794,2.8574,29.88,62.71,1.3781,3805,A,standard,swing,south,1
-0.5462,0.7115,0.2446,-1.8436,0.719,83.44,0.6788,0.6645,-1.0005,34.05,78.97,-0.5562,8453,C,economy,night,north,0
-0.6939,-1.0372,0.5449,-0.6533,9.1892,23.64,-0.3629,1.3914,2.2572,36.45,69.95,-0.557,1363,A,premium,day,north,0
0.8698,0.3194,-0.3673,0.0201,1.4377,34.39,-0.0703,-0.2403,-0.4556,6.78,49.69,1.6641,5791,D,premium,day,west,0
-1.0091,-1.675,0.6362,0.4438,1.5557,26.42,-1.0546,-2.9557,1.1257,11.26,85.78,1.0782,9528,A,economy,night,west,1
-0.366,0.6217,-1.7076,0.2312,6.7971,52.67,-0.1531,0.3499,0.9563,28.22,78.48,0.3551,7262,C,premium,night,east,0
1.7046,-0.2922,-0.2897,-0.2052,6.8476,52.97,0.6492,0.0496,0.3728,36.29,76.75,0.2761,6421,A,premium,day,south,1
0.4115,-1.7358,1.5302,1.3043,6.7073,48.96,0.5273,0.0661,-1.3028,14.13,66.45,1.1051,7776,B,economy,night,east,0
-0.2029,2.2698,-1.1473,-1.1368,4.4104,62.19,-0.3117,0.0068,-0.7102,22.93,81.13,0.6118,3449,D,premium,swing,south,0
0.5641,0.8213,-0.1323,0.3892,8.653,25.27,-0.6358,-0.4387,0.1551,10.97,67.12,-0.4485,9780,C,standard,day,south,0
0.2244,-0.8983,1.1361,0.8441,7.7954,77.55,0.334,1.4979,-0.4968,14.14,57.42,0.5785,5747,C,standard,swing,south,0
-2.2769,0.4122,0.1549,-1.6831,9.3796,38.2,-1.1847,1.7213,-1.7303,28.9,67.46,0.8955,5472,C,standard,swing,north,0
-1.4038,-1.2067,1.6177,0.3646,6.7219,42.44,-0.9664,-0.027,2.5364,18.2,71.9,-0.7902,4530,C,premium,swing,west,0
0.0354,-2.1956,1.2106,0.2419,9.0053,42.87,-0.268,0.2706,-0.9583,18.16,78.38,-0.5099,2722,C,economy,day,north,0
-1.1155,0.618,0.0631,0.1687,9.7541,40.13,0.2863,1.1154,-0.9082,41.71,53.16,1.1352,8345,D,premium,swing,west,0
1.0061,0.1126,-0.2177,1.0566,7.9278,87.55,-0.4977,0.1306,0.2746,28.09,66.03,0.3987,7687,A,standard,day,north,1
1.8087,1.0884,-0.4541,1.4488,9.3688,33.16,0.382,-0.321,,22.46,49.3,0.7387,3710,D,standard,swing,west,0
1.4193,1.1903,-0.8527,0.9058,1.2115,39.88,0.4041,-0.1492,2.1496,21.21,79.39,0.2577,2725,B,economy,swing,north,1
0.2325,-0.6872,-0.2824,-1.1145,5.073,96.22,-0.6758,-0.3555,-0.5503,20.24,64.11,0.6514,7683,A,standard,swing,west,0
-0.9529,-0.7297,1.1294,-1.87,0.6132,54.39,0.0509,-0.7083,-2.0979,17.2,75.69,0.4904,6379,B,economy,night,east,0
-0.7307,1.5405,-0.2088,0.6255,7.7615,34.0,-0.6186,0.8811,-0.228,9.93,68.92,1.0413,9049,C,,night,south,0
2.836,-0.1093,-0.1765,-0.8137,7.2655,66.37,0.5992,-0.3613,1.0344,31.29,74.7,1.1584,8130,C,premium,night,north,1
0.4514,-0.9454,-1.2525,-0.2031,9.2537,42.95,-1.2898,0.8165,-0.567,14.39,71.89,-0.9523,3086,C,economy,night,south,0
1.5061,-1.075,,0.2095,6.4195,28.51,0.3454,2.4267,0.5233,11.04,79.54,2.2151,7824,A,standard,swing,west,0
-0.0203,-1.6983,0.9491,0.5859,2.0663,58.45,-0.2411,0.6685,-0.2231,20.24,69.67,-0.4911,5208,A,standard,day,north,0
-0.436,0.3977,0.4995,-0.4287,1.2455,,-0.8722,0.8595,-1.0836,23.76,60.3,0.0576,4893,C,standard,night,north,0
1.8641,1.3142,-0.7402,0.0351,0.8755,89.34,1.6999,0.6489,1.1595,15.83,85.18,-0.1874,9109,A,,day,north,1
0.3014,-1.2658,-1.3992,1.2409,7.9197,50.32,-1.1398,-0.5858,-0.1041,10.38,52.19,-0.0766,1314,B,premium,swing,west,1
-0.0221,-1.1779,0.2151,-1.8532,2.5235,63.55,-0.881,1.0364,-0.7621,18.05,72.61,0.0579,8196,B,premium,day,east,0
-0.1034,-1.9298,0.3355,0.6382,0.2975,40.55,1.7875,-1.1791,-1.0411,21.14,79.67,-1.0721,7394,D,standard,swing,south,0
1.3294,,0.641,1.2392,5.0299,9.04,0.641,-0.1109,1.5885,8.93,71.63,0.9378,5001,D,standard,night,north,1
-2.6974,-0.9435,0.4662,-0.0586,8.0229,37.99,-1.3929,-1.3617,-1.7312,13.89,51.19,0.439,4168,B,economy,day,east,0
-0.8651,-1.2396,0.3479,-0.0308,5.4056,,-0.6541,0.7039,-0.7642,20.96,82.76,-1.762,9942,C,standard,swing,south,0
-0.234,0.3881,-0.5625,-1.3933,2.9562,52.08,-0.125,0.2012,1.4694,7.13,62.71,-0.6944,1534,B,standard,day,west,0
-1.5447,-1.9666,-0.9705,0.1971,5.8106,59.56,1.0476,-1.0424,,7.96,67.61,1.0907,9665,B,standard,night,east,0
0.1784,-0.6843,-0.2072,1.2737,7.4417,33.59,-0.7707,-0.4971,0.9827,24.81,52.76,0.2561,6039,B,standard,day,south,0
1.0981,0.0746,-0.0387,-1.0547,7.7085,73.68,1.0593,-0.5483,-1.6486,26.99,65.15,-0.2844,9124,D,premium,swing,south,1
1.1042,0.5665,0.8726,-2.2152,8.6733,75.39,-0.5987,-1.7024,2.1055,11.7,53.3,-0.298,7334,A,economy,day,south,1
0.0392,0.9492,0.6787,-1.3979,8.1697,45.79,-0.3844,-0.4071,0.3492,26.58,79.05,1.1612,6705,A,standard,night,north,1
-2.0121,0.9539,0.302,1.0584,5.8413,69.74,-0.2848,0.1982,-0.1099,8.84,61.57,-0.217,1597,C,premium,swing,north,0
-0.6242,-0.6396,0.7765,0.5608,6.897,86.61,-0.5635,-0.4696,,19.13,73.17,0.2983,9335,C,premium,day,south,0
-0.5238,1.9035,-0.1501,1.4126,7.4849,21.72,-2.3846,0.8841,-0.4671,21.29,67.95,0.0059,9274,B,standard,night,west,1
0.6364,-1.9775,0.7774,0.2397,3.7517,42.65,-0.1119,-0.5389,1.3573,18.52,70.07,-0.7303,7352,A,standard,night,east,0
-0.6102,0.2036,-0.4312,1.1511,1.7881,51.94,0.2701,1.6186,-0.5183,26.14,61.6,0.197,2917,D,premium,day,south,0
-1.1152,-0.6716,0.9454,-2.7439,6.3053,23.42,1.1667,0.8466,0.8738,9.72,68.72,-0.8614,6823,A,premium,night,south,0
0.9676,0.4806,-0.7509,0.1458,0.8467,53.14,0.3182,1.3096,0.6185,13.03,90.14,-0.6635,7211,A,standard,day,east,1
-0.3909,-0.577,-0.0051,0.3933,6.8513,76.94,1.3638,-1.082,-1.3824,29.33,72.23,0.076,8447,D,standard,swing,west,0
-2.7198,-0.3046,-1.0931,1.3574,0.208,,0.6015,0.0123,0.9506,33.13,49.8,0.2962,2331,C,economy,night,west,0
1.1976,-0.2744,0.2672,-1.1167,0.1294,80.01,0.044,0.9697,0.5639,15.44,59.63,0.5514,6722,B,economy,swing,east,0
-0.4424,-0.1676,1.3217,1.4901,2.6347,41.04,-0.6886,-0.4568,0.7375,5.75,53.66,-0.2876,3388,A,economy,swing,south,1
-1.5876,3.3708,-0.2223,0.2617,1.5701,32.62,0.239,0.6098,-0.6502,31.87,50.55,1.4101,2557,D,economy,swing,east,0
-0.2499,1.2505,-0.3806,-0.3714,7.833,46.41,0.5879,-0.4318,-1.261,7.89,80.26,1.6464,9209,A,economy,day,east,0
1.5044,0.8578,0.9121,0.2204,3.6175,48.64,-1.2103,0.7293,-0.6411,12.07,81.06,1.7539,2391,C,,day,north,1
0.6776,-0.3286,-0.6214,0.3348,8.7655,,-1.2695,0.45,1.8912,33.91,51.24,-0.6256,4057,A,standard,swing,west,0
-1.6482,-1.2252,-1.6276,-2.8992,4.1416,6.29,0.7224,0.9204,-2.73,43.46,93.49,0.6658,7328,A,premium,swing,east,0
0.7882,0.3166,-0.6774,-0.1597,2.1162,32.89,-1.3717,1.5833,-1.4325,14.76,64.47,0.564,9200,A,economy,day,west,0
1.4618,-0.5179,-1.2442,1.0426,7.0429,49.94,-0.1178,-0.6648,1.4649,24.78,65.16,-1.9056,5459,A,standard,night,south,1
0.9538,-0.3286,0.6022,0.3843,1.2292,,0.4648,0.8611,2.0788,16.64,71.16,-0.6305,8838,B,standard,night,south,0
-0.0389,-1.0677,-0.153,1.9375,3.9583,45.19,1.8098,-0.4274,0.5815,7.69,58.75,0.7577,8386,A,standard,day,north,1
0.4756,2.0129,1.6968,1.2289,5.5036,38.07,-1.5825,0.0465,-0.0846,22.65,59.72,0.4941,2803,C,standard,night,east,1
0.0486,0.9967,-2.0868,-1.0668,8.4815,71.38,-0.883,0.1856,-2.1444,10.51,76.55,-0.3908,1461,A,,swing,west,0
0.4585,1.2334,0.4273,2.7576,9.2071,50.29,0.2756,-0.5313,0.2863,14.67,80.29,0.2948,2887,A,premium,night,west,0
-0.0877,0.7055,0.2426,1.6993,3.6334,,1.7572,0.204,-1.389,32.53,61.2,-1.2872,1104,C,economy,swing,west,0
1.061,-1.8612,0.9168,0.8501,8.322,26.95,-0.8542,1.3193,1.865,6.65,80.91,2.2979,8736,D,standard,day,west,1
-0.5092,0.682,0.5939,0.7608,1.3832,,0.1089,-0.2015,-1.8686,16.0,55.17,0.319,2131,B,premium,day,south,0
0.7846,0.1824,0.4458,0.1713,6.33,54.33,0.3186,-1.6611,1.1802,9.95,76.58,-1.3046,6532,D,standard,swing,north,1
-0.9778,-1.8353,0.4323,-0.5375,0.3201,48.12,0.7485,0.7137,-1.7274,10.1,66.89,0.783,1115,B,premium,day,south,0
0.0897,-0.1048,2.4762,-0.3498,5.7954,21.91,-1.8968,1.0933,0.3019,21.69,61.97,-0.7536,9415,C,economy,night,south,0
0.7708,-0.6563,-0.3803,-0.9006,2.9186,50.9,0.0049,-0.7038,1.4516,9.15,60.5,0.9833,3036,C,standard,day,east,1
-2.2023,-0.4232,-0.5146,-0.4773,5.4009,76.19,0.0095,0.2238,-1.389,28.43,68.79,0.031,6754,B,economy,swing,south,0
1.1198,2.2984,-0.3168,0.6769,2.5687,29.44,1.288,-0.7167,2.0081,17.25,61.93,-1.8118,9850,D,standard,day,north,1
-0.0053,1.2737,-1.5761,-1.304,2.8946,42.79,1.7148,0.3904,-0.7034,24.1,68.84,0.0827,7103,D,standard,day,west,0
0.9628,-0.3542,-0.5812,1.2313,0.8486,39.26,-0.383,0.8119,0.4521,17.37,65.83,-0.0666,6037,D,economy,swing,west,1
0.7319,-0.941,1.009,0.81,4.8332,86.64,-0.3085,0.0719,0.3856,26.47,69.07,-1.1391,6948,C,economy,swing,west,0
0.5605,0.608,-1.1175,1.2807,8.717,43.37,2.1398,0.7212,0.7295,16.63,73.82,-0.204,9595,C,economy,night,east,0
0.9852,-2.2031,-1.1242,-0.0747,1.2614,52.95,-1.7039,-0.6628,1.0051,28.91,76.02,-0.0301,7174,C,,night,west,1
-0.2972,0.852,1.7953,-0.5236,0.4511,35.23,-2.4459,1.2402,0.2474,13.58,74.99,0.7225,7713,C,standard,night,north,1
-0.0085,3.0381,1.7526,-0.309,2.7503,45.32,-0.5952,1.1789,0.8979,14.97,55.21,-0.3089,2037,C,standard,day,west,1
0.7833,-1.2078,-0.1059,-0.6128,6.6887,46.12,-0.6551,1.4316,0.3344,19.33,70.35,-0.9301,8782,D,standard,day,north,0
-0.4971,0.8195,0.4041,-1.8742,3.7308,63.89,-0.1601,-0.4197,2.6465,25.9,76.53,0.3179,8756,A,standard,swing,east,1
0.9274,-0.326,0.3869,0.3975,1.8201,18.74,0.9875,-0.5999,-1.678,10.98,74.48,0.9366,5361,A,premium,swing,north,0
-0.6057,0.2571,0.6269,0.431,4.1672,80.78,-0.211,0.0057,0.0295,2.59,62.26,-0.9257,2726,A,economy,night,west,0
1.5276,-0.3626,0.6585,1.1686,9.0425,86.72,1.0779,-0.5741,0.6293,31.81,62.45,0.237,6447,D,economy,day,east,1
0.4846,-0.1842,0.7103,-0.7785,3.8041,79.13,-0.6535,1.5751,0.3093,13.25,84.62,0.7248,7829,A,standard,swing,north,0
0.8571,-1.3777,-0.8781,-0.1354,5.3143,48.55,1.5097,0.8997,-1.3455,17.4,73.7,-0.2011,8949,B,premium,night,west,1
2.3606,0.1719,0.4271,0.3,7.841,49.3,1.1407,-0.646,,14.08,70.98,-0.0774,5938,A,premium,night,north,0
0.8404,0.1674,-1.13,0.2197,7.8069,77.48,-0.4241,-2.0423,-1.5255,9.8,73.98,0.5991,1007,B,economy,night,east,1
-1.6788,0.0667,0.2731,-0.4091,5.5922,42.95,-1.1323,-0.417,-1.7434,51.43,76.55,-2.4877,3927,C,standard,night,south,0
-0.209,-1.2446,1.1706,-1.2237,,14.35,1.1292,0.2223,-0.475,13.74,76.45,0.1981,2689,C,economy,day,east,0
-0.8547,2.1482,1.5273,-1.3035,1.6821,58.7,-2.4751,1.1771,3.3304,17.96,62.91,1.1107,4441,A,standard,swing,south,1
-0.105,0.9335,-0.3651,-1.2234,2.2166,78.0,-1.6979,-0.3618,-0.8113,40.34,85.1,0.9164,1826,D,premium,day,north,0
0.6681,0.6379,0.4387,0.3209,0.8372,43.35,0.4715,-0.1918,-0.1969,12.75,55.52,0.6474,6142,A,premium,night,north,0
-0.7189,0.7205,-0.3652,0.3354,,59.14,0.4491,-0.1108,-0.3921,8.14,60.32,-1.0795,1436,A,standard,night,east,0
0.9599,0.4376,0.7954,0.5866,,,-0.9531,0.3937,-0.0778,28.21,59.37,-0.2382,2845,B,premium,day,east,0
-0.5216,0.559,1.194,0.3248,3.0331,78.21,-1.2386,-0.5547,-0.4924,17.39,68.16,0.8317,3361,D,premium,day,east,0
-0.6554,-0.2793,-0.2047,0.2542,5.5601,66.86,0.2285,-0.5276,0.4199,11.73,58.93,-1.7289,9302,D,standard,swing,south,0
0.1642,1.387,0.102,-0.1022,6.2466,40.33,-1.3915,0.1868,-0.5425,9.41,62.02,-0.433,6629,A,economy,night,south,0
-0.0477,0.8843,-0.384,2.3409,4.0762,74.49,2.3574,0.8379,-0.4809,17.81,61.35,0.7412,4269,D,standard,day,west,0
1.4854,2.0519,0.1505,1.576,6.7365,25.28,-1.4995,-0.1435,0.1134,18.22,70.24,1.1541,8161,D,standard,swing,south,0
0.5351,-1.2291,-0.1413,1.1026,3.6028,60.34,0.1982,-3.0571,0.194,4.96,66.53,0.2166,8278,B,premium,day,south,0
0.2426,-0.0735,-0.1782,-0.5665,8.7802,81.99,0.2202,1.8695,0.4569,11.91,61.25,0.1944,5173,B,standard,day,east,0
-1.4427,0.6826,0.8421,0.2222,7.5049,53.8,1.1397,-0.9831,1.9226,15.63,58.39,-0.5398,3395,D,economy,day,west,0
0.4459,0.5065,0.4011,1.3467,5.9224,,-0.1982,-0.3538,1.2457,60.69,51.3,-1.2504,7773,C,standard,day,west,0
1.6016,0.6538,-1.5877,-1.1525,4.0298,30.53,1.228,1.0096,0.5335,5.62,41.24,-0.4756,7324,C,standard,swing,north,0
-0.8601,-0.1302,0.0419,-0.8276,6.1948,20.54,-1.1694,-0.6012,-1.3048,12.9,85.59,0.7098,8299,A,premium,swing,east,0
0.9786,1.6859,-0.4544,-0.6066,2.088,52.79,0.3263,-0.184,-0.3837,7.66,65.29,0.2807,9479,B,economy,night,east,1
0.499,-1.8704,0.5056,1.5978,2.0397,81.84,1.3254,0.1462,-0.9654,7.85,67.05,1.261,9165,D,standard,day,east,0
0.5634,0.8557,1.2572,1.0498,0.236,32.51,0.7657,0.2044,-1.8041,10.03,60.81,0.4381,7892,D,economy,night,north,1
0.4108,0.9928,0.0014,-1.227,9.466,44.18,-0.633,0.3565,-0.7789,24.69,77.36,0.7733,5531,D,premium,swing,west,0
0.1113,-1.9154,-1.8645,-2.522,6.6334,82.49,-1.9253,0.1154,2.0639,7.93,67.49,-2.271,9125,A,,swing,south,1
-0.1442,1.1442,1.3222,-1.0363,7.2797,24.25,-0.8506,0.9065,-0.4048,32.88,68.49,1.809,6664,C,premium,swing,,0
-0.0613,-2.1542,-0.7801,-0.3302,5.662,39.04,0.4375,-0.2159,-1.842,39.67,65.24,-1.5071,2510,B,premium,day,east,0
0.0845,1.3567,0.2838,0.9288,6.5587,36.72,0.1341,0.7137,-1.4454,16.16,65.92,-0.5357,4195,C,economy,day,south,0
-0.8266,0.339,1.3222,-0.5648,3.4042,53.7,-0.3893,-0.2927,0.0445,44.51,67.06,-0.9778,1701,A,standard,night,north,0
-0.0361,3.0039,1.4867,-0.8498,5.4011,49.21,0.7838,0.1065,,25.34,60.43,0.3721,7865,D,premium,day,east,1
1.0312,0.7308,0.746,1.5078,3.5857,75.35,0.1852,0.2964,1.1098,15.09,84.87,0.0666,8251,C,economy,swing,south,1
-0.4106,,-0.2923,-0.2302,0.0617,25.33,0.7494,-0.0977,,10.65,64.67,0.2286,6160,A,standard,day,north,0
1.3406,-1.5552,-0.6893,0.2545,5.6681,61.08,-1.2715,-0.4555,1.5226,18.96,70.5,-0.2572,5825,D,economy,swing,west,1
1.2802,1.2528,-0.7388,0.0095,,40.79,-0.4984,-1.41,-1.3373,8.68,53.99,0.9003,6338,A,economy,night,east,1
-1.1881,2.0091,1.3887,-0.8417,1.6382,55.01,0.5782,-1.7197,1.0581,34.69,85.13,2.2671,3198,A,premium,night,east,0
1.0291,-1.5518,0.5649,0.236,7.9625,53.18,0.1257,-1.365,-0.3422,43.29,71.28,-0.8323,2358,A,premium,swing,west,1
-1.173,,-1.776,-0.7011,7.5937,42.17,-0.5027,-0.7817,0.4778,12.24,59.59,0.0637,8258,B,economy,night,north,1
1.037,-0.4973,0.7116,0.7199,0.9184,52.07,0.047,-1.5453,-0.0606,27.61,66.91,-1.3753,6620,B,premium,swing,south,0
0.7083,,,0.0125,6.0985,42.21,-0.1082,1.0055,-0.3622,11.13,84.08,-1.6997,1041,D,,night,west,1
-1.0516,0.1855,-1.609,-0.2614,4.1102,64.16,-0.3721,0.2437,0.0173,15.42,81.88,1.4482,4475,A,economy,swing,north,0
-0.3509,0.8478,-1.3082,0.2064,3.4888,,-0.8748,1.0279,-2.6164,28.11,52.53,0.0697,7011,B,standard,swing,,0
0.3777,-0.3804,-0.5344,-0.55,9.8966,18.26,-0.5182,-1.0206,0.7913,8.09,71.33,2.4205,5322,A,premium,swing,north,0
0.682,1.2515,-0.2383,1.2003,5.6142,33.11,0.8007,0.325,-0.3455,18.32,78.18,-0.8066,4005,A,standard,day,north,0
-0.5386,-0.1895,1.0806,-1.8453,3.17,58.22,1.2118,1.0812,-0.4383,14.67,65.33,-0.6234,5889,D,standard,day,north,1
0.5159,1.5738,0.5988,1.9587,0.5934,24.53,-1.3554,1.1245,0.1554,28.72,66.36,0.7175,6427,A,standard,night,south,0
-0.8858,-0.3173,-0.5917,-1.4943,8.1158,63.81,-0.8061,-0.4034,0.8199,20.53,69.56,1.8177,2722,A,standard,night,south,0
1.3424,0.587,-1.3081,0.6476,0.3857,55.8,-1.0288,1.56,0.5074,26.94,64.61,-1.0207,8806,C,standard,day,north,0
0.7378,0.9803,-1.1283,-0.1827,,60.91,-1.7594,-0.5185,0.1484,6.34,53.47,0.7578,4536,A,premium,swing,west,0
1.8792,0.1998,1.0,1.3983,2.0509,83.74,0.7069,0.379,,11.25,75.25,1.1256,5406,C,economy,day,east,1
2.7268,1.4819,1.416,-1.3944,6.1887,33.66,-1.8107,0.8763,1.2304,23.57,61.98,-0.2807,2667,B,standard,swing,south,1
0.7766,-0.2651,0.4666,-1.4991,8.1213,52.9,-1.123,0.8567,1.5143,20.43,77.84,-1.0228,4380,D,premium,day,north,0
1.1449,-0.6286,1.0216,-1.0861,8.2413,20.4,-1.3216,-1.9006,-0.8104,5.08,75.84,-2.8188,4816,D,premium,night,north,0
-1.7014,-2.1554,0.6248,0.3627,8.475,3.44,0.4963,0.8047,1.3514,19.61,73.92,-3.2113,8705,D,standard,swing,south,0
-0.0856,-1.2215,0.1025,0.4353,9.8568,31.75,-0.1189,0.9154,-0.292,16.85,73.69,-0.2986,2943,D,standard,swing,north,0
0.9616,-1.1918,0.7928,-0.2508,2.4218,,-0.9807,-1.7919,,32.51,57.92,0.1746,8935,B,standard,swing,west,0
1.2811,0.6204,0.5157,0.642,2.2166,34.0,-0.9036,-0.1782,0.9174,11.71,66.86,-2.0931,6027,A,premium,night,east,0
0.0288,-0.4837,0.3036,-1.1369,3.1378,16.27,1.2505,0.2321,0.1469,11.14,74.09,1.0161,8242,C,premium,day,north,0
0.0591,-1.3406,-0.6411,0.5866,0.7967,87.16,0.3174,0.3383,,13.44,65.67,0.2765,1212,D,standard,day,,0
-0.397,0.0815,-1.5355,-0.4033,5.5172,90.08,0.6731,0.3026,2.791,9.23,48.7,0.0035,5728,B,,night,east,1
-1.3301,1.1727,-0.8063,0.0905,0.8685,20.65,-1.0848,-0.7272,-0.1784,11.47,59.72,-0.0113,4001,C,economy,day,west,0
-1.869,-0.1806,0.4082,-0.2625,1.8213,51.89,0.5427,-1.6761,-0.4807,24.17,63.66,0.2751,8651,C,standard,swing,east,1
1.7969,1.0663,0.5601,0.8577,5.6546,91.89,-0.2914,0.1649,0.1889,31.17,67.57,0.3965,8819,B,premium,day,west,0
0.0559,-1.2866,0.1826,0.2539,4.2933,63.13,-1.2472,-0.1604,0.7406,9.59,68.1,-0.0549,2090,B,economy,day,north,0
-0.4351,1.1221,1.1528,-1.9334,9.1539,66.62,1.0941,0.6566,0.6461,13.15,67.87,1.3849,3406,A,premium,day,west,0
-0.6734,1.101,-1.5257,-1.0795,0.7695,77.87,1.0664,0.9919,-2.0737,15.4,55.28,-0.1603,6124,B,standard,swing,west,1
-0.2432,-0.2593,0.9494,-0.4867,4.0614,96.94,1.3213,0.2555,2.3088,43.71,75.75,-0.8334,3152,D,standard,night,east,0
0.8502,2.5511,1.0756,-0.4316,9.2385,7.86,-0.4487,0.1726,-1.3389,9.92,68.3,-0.7147,1119,A,premium,swing,north,0
-1.4797,0.528,0.4661,0.5955,0.6898,56.88,0.7884,-1.093,-0.8266,22.06,65.84,-1.7128,3925,D,standard,swing,west,0
0.1669,-1.4482,1.6445,-0.7766,5.9034,79.1,-0.5542,-1.2082,1.6934,6.95,91.65,-0.1831,7917,B,premium,swing,east,0
0.4237,0.9303,0.8552,-0.047,2.0438,54.52,0.7704,1.2382,0.6097,12.99,64.06,-0.5845,6227,A,economy,day,south,0
0.7788,-0.6306,0.2286,-0.6981,3.5315,71.9,1.2447,2.0383,0.5287,21.46,77.66,-0.8993,6210,C,standard,swing,south,1
-0.0202,-0.1076,0.1128,1.39,3.7132,23.19,-1.0182,0.5366,-0.4401,26.03,59.22,-1.0619,7771,D,standard,swing,west,0
1.1946,-0.645,0.454,-1.1862,6.2423,13.79,-1.5053,-0.8137,1.2631,23.08,65.87,-0.8028,6488,B,,swing,north,1
0.318,0.5696,-0.4913,-1.2779,3.6559,56.72,0.7512,-0.5972,0.2634,33.14,77.83,0.1527,2109,C,economy,swing,west,0
-1.8957,2.591,-1.3143,-1.566,1.4726,73.35,0.384,0.3138,-0.0254,21.2,60.44,1.1903,9652,C,standard,day,west,0
0.3732,-0.1344,-0.5854,-0.7647,4.3713,22.43,-1.3069,-0.817,0.2712,27.02,88.71,-1.2306,1635,B,,day,south,0
1.6904,-1.447,-0.5367,-0.7228,1.9905,32.25,-1.1146,-0.7848,0.212,82.9,61.37,-0.6562,9635,D,premium,swing,east,1
0.085,0.6722,0.2994,-0.6637,7.7787,32.28,0.0596,-0.368,0.9547,18.13,85.45,0.9999,1273,B,premium,swing,north,0
1.7997,-1.9907,-0.7625,0.8925,0.2215,53.0,0.0088,0.6247,-0.755,25.21,65.34,-0.1859,8436,C,premium,swing,west,1
-0.4119,-0.0526,0.9695,-0.0306,2.7537,33.41,-1.5713,-1.9753,-0.4186,5.8,79.46,-1.2865,3245,A,standard,night,south,0
1.4026,-0.7717,0.1125,-0.7128,3.7395,41.08,0.2797,-1.4171,1.0008,20.85,63.09,0.2099,1980,A,economy,swing,north,1
1.7221,1.7023,-1.85,0.7875,0.2378,44.06,-0.9067,-0.8611,2.7207,21.83,62.97,0.8689,6937,C,economy,swing,west,1
-0.0857,-1.4892,0.2384,-0.1617,8.8316,15.42,0.4646,-0.4321,-0.2591,16.14,62.44,-0.6339,8912,A,standard,night,west,0
-0.1045,1.8168,-0.6443,-1.4225,5.694,76.04,-0.9033,1.1177,-0.4146,22.59,61.62,0.4731,3329,B,standard,swing,,1
-1.8308,1.554,-1.7065,1.3122,6.7455,44.27,0.1025,-1.549,-2.3536,53.9,74.97,0.3785,5472,B,standard,night,east,0
-0.0403,0.369,-0.4898,-0.0257,7.6119,12.95,1.3339,0.3392,1.9516,22.22,67.02,0.0878,7166,B,,swing,east,0
-0.8983,-2.9529,0.5167,0.597,,64.05,0.3732,-0.0497,0.9652,6.74,54.62,-0.5671,9491,C,standard,night,east,0
-0.3383,-0.7987,1.2635,0.8656,9.8422,97.7,-1.0214,-1.4564,1.5572,1.89,68.52,-0.4192,3144,D,premium,swing,south,0
-0.0515,-1.6909,1.9119,-1.9318,0.5126,45.6,1.4172,1.2464,-0.241,23.54,87.46,0.0973,7737,C,premium,swing,north,0
0.7596,-2.0167,0.9865,-0.415,9.5977,81.22,-0.1005,-0.6843,-0.3006,11.43,72.08,2.5903,8916,B,standard,swing,south,0
-0.1525,2.3764,-0.0493,0.8508,4.4189,21.95,0.0953,0.3529,-0.9022,19.08,67.14,-0.4941,3398,A,premium,night,north,1
0.4836,-0.5456,-0.8635,-0.4911,1.1521,17.27,-0.1058,1.7791,0.9605,15.0,63.62,-1.6653,4551,D,standard,swing,south,0
-1.1506,-0.3979,-0.9619,0.9375,6.7355,32.8,-1.688,-0.7489,-0.5904,22.0,79.27,-0.3972,4741,D,economy,day,north,0
-0.4915,-0.6092,0.6823,-1.0736,8.7402,67.89,0.8657,0.1852,0.6229,29.86,64.79,0.5496,7904,B,standard,day,south,0
-0.7607,1.2536,-0.3558,0.2191,6.846,30.92,1.9027,-0.6978,-0.3848,15.16,61.34,-1.0768,7459,A,economy,day,west,0
0.9335,-0.4951,1.4032,-0.7128,1.329,93.07,0.5867,-1.1164,0.0726,14.25,58.05,0.4323,2008,C,standard,day,north,0
0.3662,0.3377,-0.6268,-0.048,8.424,61.5,0.3314,1.242,-0.4496,24.86,63.83,0.0968,7661,C,premium,day,east,0
0.4392,-1.1453,0.5373,0.545,6.6242,54.19,-2.582,-0.3246,0.0823,9.85,72.25,0.5261,5565,D,economy,day,east,0
-1.0017,1.4138,-0.2004,-0.8056,1.2986,80.62,-1.0096,-0.9226,-1.6352,19.79,72.81,2.1642,7328,A,economy,night,,0
-0.1689,-0.8054,0.9295,1.28,1.9116,19.22,-0.1454,-0.7941,0.0883,16.38,76.34,-1.5827,8398,D,standard,swing,south,0
0.5031,0.8304,1.4751,-0.3227,7.3503,14.34,-1.0533,-0.729,-0.7764,12.03,75.0,0.7897,3285,D,economy,night,east,0
0.8892,-0.4925,0.4025,0.5134,5.0137,71.94,-0.3721,-0.9588,-0.6269,20.72,91.68,0.5041,2472,C,standard,night,south,1
-1.3628,0.1455,0.3754,-0.6895,9.8156,60.16,-0.3171,0.989,0.4366,17.26,59.99,-1.7679,3852,C,standard,day,east,0
0.6862,1.5557,-0.309,-1.0315,9.1114,20.81,-0.6755,-2.1652,0.9308,36.02,69.26,-0.9602,9018,C,standard,swing,east,0
0.3269,-2.058,-0.3139,-0.5538,3.4626,81.25,-1.6783,0.897,3.426,70.09,48.44,-0.1851,9586,C,economy,night,west,1
-1.4012,-0.3884,-0.3674,1.1077,1.5947,67.41,1.1645,-0.6603,-0.7246,13.1,78.9,-0.621,9138,B,premium,swing,south,0
0.4557,1.2935,0.1662,-1.7733,8.97,,-0.4676,0.2606,2.7147,2.13,85.09,0.1789,9691,C,economy,day,east,1
-0.5259,0.5878,0.6631,2.0355,1.1446,55.72,-2.5359,0.2159,1.1193,12.86,73.5,-1.2573,3850,B,premium,day,north,0
0.1475,-0.2821,1.6725,2.058,0.4229,53.52,-0.2496,-0.3751,-0.7819,3.51,75.06,0.3743,9004,C,premium,day,east,0
-0.5523,0.6732,1.2573,0.6807,1.5909,15.23,-0.3331,0.6385,-0.8072,31.88,73.2,-0.2633,6991,A,standard,day,north,0
1.3731,-0.3647,1.4253,0.7138,0.4948,45.43,-0.1835,-0.1686,1.5259,37.17,72.62,-1.0615,3644,C,premium,swing,south,1
2.0432,,0.3406,0.4412,0.2813,57.6,-0.9519,1.1269,0.4677,7.46,59.27,0.8314,6288,A,premium,swing,north,0
-0.3479,-0.0311,1.3117,-0.9776,6.7606,51.29,0.8294,0.1706,0.6137,11.69,74.98,0.6687,6327,C,standard,night,north,1
1.3525,-0.4386,-1.4341,0.5846,0.0281,72.87,-1.8941,-0.9998,2.4565,28.28,63.26,1.048,3054,D,standard,night,east,0
0.7624,0.4843,0.2733,-0.4578,5.3708,38.85,-0.1102,-0.5132,1.2026,6.92,62.58,1.7606,5774,C,premium,swing,south,0
-0.5255,-1.6398,-0.7457,-2.0254,8.565,46.78,0.3847,0.4249,1.8282,13.08,76.93,0.4631,6583,A,standard,day,west,0
-0.5231,-1.0165,-0.5578,0.0336,4.6785,79.02,-0.2394,-0.576,1.9485,3.72,61.38,-0.1429,8958,D,standard,day,west,0
0.8777,0.1111,-1.5368,2.328,1.364,,0.8177,0.9845,0.294,10.03,82.28,-0.1087,8561,C,economy,night,east,0
-1.1196,-0.0178,-0.0595,-0.7249,0.7368,79.52,2.1576,-0.9186,-1.9152,11.65,67.48,-0.5138,2338,B,standard,swing,north,0
0.4693,1.1424,-0.7258,-0.7133,8.2081,47.87,-0.4923,0.7401,-0.2058,9.26,77.09,-1.1711,6578,A,standard,night,east,0
2.1947,0.3873,-1.5569,-1.2178,1.6176,1.92,1.4213,-2.237,2.648,20.75,66.78,-0.4036,9557,B,standard,night,west,0
0.0193,0.4574,1.96,0.5476,8.5042,41.9,0.1821,1.1063,,21.07,76.45,0.5917,6381,A,standard,day,east,0
0.876,-2.1119,0.0644,0.3486,6.5841,47.03,-0.0984,0.7493,-0.8823,24.56,57.6,-0.3344,8233,A,,day,west,1
-0.9536,-1.5642,-0.18,1.5136,0.7558,60.12,1.197,0.8692,0.5676,43.96,64.35,1.2064,1875,C,standard,swing,,0
0.8529,2.435,1.0321,2.3389,4.1467,50.94,2.1756,-0.383,0.3835,2.92,72.43,-0.8464,7214,A,standard,swing,north,0
-0.1428,0.9022,0.8155,0.6652,2.8114,27.86,0.0203,0.9744,2.0059,3.71,73.13,1.125,8034,B,standard,swing,east,0
0.7011,-0.4123,-1.3037,-1.5625,8.4116,75.58,-0.2972,0.3238,-0.5887,15.45,63.91,-1.0839,2580,B,standard,swing,south,0
-0.2219,1.3916,-0.052,-0.9134,,83.75,-1.6872,-0.9682,,12.2,87.97,-1.9304,2008,B,standard,swing,west,0
-0.9922,0.3146,1.1051,-0.019,9.7841,9.84,-0.5156,-0.9294,2.5533,15.07,49.47,0.6996,5579,D,standard,night,east,0
-0.7289,-1.97,1.794,1.1698,3.0243,19.3,0.7561,0.6603,0.7457,10.72,78.52,0.0433,4843,C,economy,swing,west,0
0.6347,1.0818,0.5904,-0.5277,8.5729,52.03,0.6447,0.6044,1.0901,28.86,77.4,-0.7398,3321,B,economy,night,south,1
1.333,-1.5012,0.257,1.2932,8.5362,14.51,2.4349,-0.8083,-1.515,37.55,75.7,1.7846,8871,C,standard,day,south,1
-0.7722,0.7769,-0.4171,0.5853,7.9212,95.86,0.8842,3.0479,-0.4229,19.63,61.54,-1.4904,5391,A,standard,night,north,0
-0.8171,-2.7714,-1.0674,-0.8284,2.9769,60.23,0.808,0.4241,-0.2634,6.2,72.51,2.6021,5226,B,premium,swing,north,1
0.8904,0.8752,-0.1515,-0.289,7.0785,89.94,0.2362,-0.56,0.8427,5.31,50.99,-0.1862,7823,A,economy,swing,east,0
1.2992,0.0058,0.133,1.4624,4.9503,36.67,-0.523,-0.2578,0.4477,10.9,66.7,0.3813,1853,C,standard,day,east,0
-0.3174,-1.8832,2.6713,-1.3324,2.5864,7.6,0.1453,-0.4748,0.6211,13.48,75.17,-1.6999,9959,C,economy,day,south,0
-1.0698,-2.8706,1.4439,-1.1104,8.7164,49.74,-0.6799,-1.1497,0.7031,16.2,70.8,-0.9661,6877,A,standard,swing,north,0
0.5114,,-0.2481,-0.4265,3.6697,55.32,-0.6185,-1.4737,1.3306,15.11,64.43,-0.7508,6734,C,economy,day,south,0
0.8415,0.1353,-0.841,-0.2958,1.1747,11.3,0.2279,0.4865,-0.7256,28.98,80.92,1.9443,6757,C,economy,day,north,0
-0.1764,3.6259,-0.2542,-0.9544,7.6224,53.19,0.8109,0.5866,-0.193,20.77,64.77,-0.2832,1099,D,premium,day,east,0
-1.1594,1.4882,0.6453,-0.3683,7.7591,58.01,0.1974,0.8797,-2.1027,30.28,76.62,0.1966,5675,A,standard,night,south,1
0.2412,1.3087,1.346,-0.3715,7.8422,67.53,0.6335,-0.2642,,24.04,55.16,-0.9018,4533,B,premium,swing,west,0
-1.0449,-1.0807,0.3151,-0.5845,7.5907,77.54,-0.4758,0.5089,0.1208,4.0,61.51,0.7003,7580,D,economy,night,south,0
-1.3043,-0.9757,,-0.0377,1.4526,11.17,2.9063,-3.0739,-2.1018,3.55,60.64,1.6452,6653,D,standard,swing,south,1
-0.2081,0.3637,0.1821,1.1583,7.7898,63.96,0.3148,0.6691,0.489,36.87,59.39,0.2851,1146,A,premium,night,north,1
2.1025,-0.8359,-0.4795,0.0474,9.0383,21.82,0.1847,0.9746,-0.9131,5.35,78.02,-0.7606,1701,C,economy,day,east,1
0.3328,-0.8288,-0.5333,-0.6609,3.0503,56.37,1.5518,-1.4659,0.0128,20.98,55.83,0.3134,2023,C,standard,day,east,0
-0.1821,0.0267,-0.3115,1.6867,7.202,68.08,0.1886,1.7154,0.3219,16.63,58.6,0.666,3555,D,premium,night,north,0
-0.9427,-0.6881,-1.3646,-0.7623,2.1587,,0.0569,0.19,0.1901,10.58,66.91,-1.322,7039,A,standard,night,south,0
1.2581,-0.1187,0.543,-2.07,1.0284,,0.3933,-1.6252,0.8824,7.88,61.15,-0.8681,3543,B,economy,day,west,1
-0.4799,-0.3233,-0.9259,-0.6124,5.1592,62.42,-0.1697,-2.0603,0.0965,29.18,75.57,1.6336,4284,B,economy,night,east,1
0.4553,0.4889,-0.4402,-1.6464,,43.87,-2.1558,0.5783,0.6013,18.83,50.22,-1.1915,1985,C,standard,night,west,0
0.8596,1.7329,0.2428,0.9429,8.3843,90.07,-0.9577,-1.0145,0.1924,8.99,69.41,0.172,9845,C,standard,day,east,1
0.411,1.295,-0.7285,0.6943,2.6596,9.65,-0.3926,0.3004,0.9353,10.23,71.24,-0.2028,3518,A,premium,swing,south,0
0.8383,0.3254,0.3753,-0.9126,0.0044,74.68,0.374,-0.4597,-0.3969,6.8,70.66,-0.5279,7511,C,economy,day,west,0
0.7826,,0.4986,0.1194,3.9337,49.04,2.1119,0.6129,-0.8223,33.17,73.54,1.2315,9356,C,standard,swing,west,0
1.8762,-0.9492,1.9658,0.44,5.5527,66.48,-0.0416,1.2276,-0.73,19.16,56.81,-0.8666,9176,D,standard,night,west,0
-0.0624,0.7278,-0.3781,-0.0339,7.1369,,-0.2189,-0.1068,,9.16,70.12,1.0228,1027,B,standard,night,south,0
0.3309,1.4298,0.0994,-0.673,6.5162,66.58,-0.903,-1.4703,0.822,14.73,62.01,0.3152,7736,C,economy,swing,east,1
-0.1095,,-0.5261,-0.4837,0.64,,-0.489,-1.0504,-0.885,21.69,59.58,0.7051,2100,D,economy,swing,east,0
2.0138,0.6291,-1.3704,-1.247,0.8206,47.54,0.8352,1.0441,0.8527,31.48,74.61,1.4344,8000,B,premium,night,east,0
0.9635,0.2982,-1.4244,-0.3252,4.2035,35.84,-1.0222,-0.5926,1.6355,27.52,67.84,1.078,6990,D,,swing,west,1
-0.1946,0.8881,0.4919,-0.3301,6.1568,13.35,0.7297,0.3114,,15.09,59.65,-2.4621,3359,A,standard,day,north,0
0.2971,1.1298,-0.1979,0.811,7.6768,64.05,-0.8037,-1.9284,-0.0747,36.87,56.27,0.3017,6613,D,standard,swing,south,1
-1.4884,0.7459,-1.2087,-1.1214,1.1926,65.85,-1.5102,0.316,0.6686,11.0,71.64,-1.4478,5642,B,,night,,0
-0.1987,-0.8332,0.286,1.3198,8.9041,2.85,-0.9053,-0.3414,0.2624,35.3,65.4,1.2548,8854,A,premium,night,east,0
-1.733,0.6529,1.2421,-0.0535,2.5593,53.22,-0.6045,0.3724,,20.98,56.2,-1.8917,2857,B,premium,swing,east,0
0.1598,0.3102,-0.7345,-0.8201,1.219,30.52,-0.4438,0.8757,-0.5318,10.49,64.2,-0.7847,1932,A,standard,day,south,0
-0.9872,-1.0209,0.7238,-0.1162,3.1499,45.87,-0.9898,-0.2675,-0.6569,47.34,68.66,0.9256,8545,C,standard,night,south,0
0.4073,0.0124,1.121,-0.6822,9.3734,32.76,-0.9703,0.5595,-0.9022,14.74,55.59,0.0988,9366,C,standard,day,east,0
0.9685,1.475,0.2072,-0.6866,6.4479,54.63,1.0092,0.9309,0.2117,36.21,49.74,1.7219,2904,C,standard,swing,east,0
-1.5897,-1.8072,1.2035,2.3715,4.132,35.19,1.4806,0.8932,-0.756,81.8,67.72,-0.9118,4965,B,economy,day,west,0
-0.8468,0.2878,-1.1086,-1.3903,0.8597,27.68,1.4053,0.0705,-1.6432,17.48,60.49,-1.5499,4350,A,standard,swing,west,0
-0.975,-0.4683,-0.5267,-0.6909,1.3886,13.75,-1.7223,-0.3419,-0.3108,10.27,70.74,-0.4146,4860,D,economy,swing,south,0
1.822,0.4752,0.5577,-0.2453,8.5847,53.58,1.008,0.3589,-0.7256,31.5,79.25,-1.2727,1016,C,standard,night,east,0
0.0536,0.0956,2.2291,0.0489,9.2764,60.62,-0.9977,-1.0863,-0.52,11.36,67.26,2.2206,4341,C,standard,swing,east,0
0.113,-0.2836,1.6189,0.2643,9.5887,43.97,-0.4962,0.9327,0.1644,7.83,67.09,-1.6295,8119,A,standard,night,north,0
-0.2627,1.9023,0.0328,-0.6897,5.3722,17.02,0.3287,-0.5972,0.0896,26.39,61.45,1.0883,5114,B,,day,north,0
0.5065,,-0.9626,1.1466,2.1609,57.8,-0.5545,-1.9915,0.0039,8.91,65.15,0.7761,3814,A,standard,day,east,0
-0.3652,-0.2662,,1.227,9.4136,13.32,-0.6254,-0.4719,-1.579,62.17,68.5,-1.3225,4099,B,standard,night,south,0
0.0689,-0.0545,-1.5491,0.1385,8.9941,41.72,0.3524,-0.3383,2.8095,20.27,70.25,0.3216,7748,B,premium,swing,north,0
0.4423,0.6081,0.0299,1.4342,3.6683,63.97,-1.3057,-0.0463,,6.44,64.99,-0.8466,5736,C,premium,swing,east,0
-0.1945,0.3203,0.1681,0.2739,4.645,50.92,0.5312,0.1064,-2.4771,14.98,70.87,0.7162,6692,B,economy,day,west,0
1.5166,-0.2101,1.3527,0.2446,9.7438,68.4,-1.5475,0.8025,0.0316,1.19,72.88,-1.6357,8992,B,economy,day,north,0
-0.0887,0.3248,2.2501,-0.4441,9.7219,43.04,1.8333,0.2726,-2.5046,24.52,59.4,-0.9978,4798,C,standard,night,east,1
0.9392,-0.7834,0.2347,-1.7984,9.0168,48.53,-1.3745,0.5163,0.1457,17.58,81.5,0.2114,3234,B,economy,night,south,1
0.428,-1.4195,-0.152,1.0636,2.448,37.52,0.6412,-0.4975,1.8608,17.02,79.44,-0.6065,2650,A,standard,night,north,0
-0.2006,-0.2396,-1.6836,0.5275,5.3424,88.48,0.3045,-1.6641,-0.1015,17.84,68.36,-0.2012,3734,C,economy,swing,north,1
1.8959,-0.558,0.2924,-0.6293,6.3694,87.1,0.9501,-1.2434,1.4955,35.26,80.18,1.1676,7499,B,standard,day,east,1
-0.1773,,-0.1272,0.0539,,66.39,0.8559,-1.4894,0.2482,18.91,49.94,-1.1106,2322,C,standard,day,south,0
0.1724,0.3194,0.869,-0.4653,1.7274,64.24,0.7288,1.2659,0.5828,9.07,64.48,1.5132,8844,D,economy,day,west,1
-0.6711,1.5002,1.4949,-1.4194,6.7409,37.36,1.5742,-0.4085,-0.7006,22.8,71.29,1.6013,7509,C,premium,day,west,1
0.327,0.429,0.3575,0.3572,9.1737,44.23,-0.1671,-0.4979,-0.7625,9.61,97.61,1.6024,2099,C,standard,swing,west,0
1.0715,1.4219,-0.3711,0.2159,3.7065,47.4,-0.5826,-0.2827,0.886,18.61,51.69,-0.9259,5295,A,premium,swing,north,0
0.1933,-0.9823,-1.8674,-1.9008,8.5799,,-1.0727,0.2758,0.5846,23.05,57.34,-0.9095,6739,C,standard,swing,south,1
0.9162,0.0911,0.4788,0.7436,2.1148,56.62,0.3094,0.2938,-0.0849,15.1,67.53,-1.1653,1145,C,standard,day,south,0
-1.7591,0.2897,0.1842,-0.5455,3.9801,74.88,0.1019,-0.7768,-0.0675,7.99,42.5,-0.2674,1312,C,,night,east,0
0.5741,1.0913,0.4455,-1.0574,2.2153,50.59,-0.1371,-0.9257,-0.9001,38.81,82.31,-1.8618,9489,A,premium,night,west,0
0.592,-2.0863,0.6352,-2.0476,5.1637,64.93,0.2216,0.5077,2.0331,20.17,61.6,-1.332,4356,B,,swing,east,0
0.4599,-0.1352,-0.31,0.765,1.0167,35.95,0.3773,0.182,-2.1939,1.91,61.63,0.7467,9665,C,,day,west,0
-0.0206,-0.2403,1.2479,0.4797,2.5368,71.02,-0.1025,-0.9546,1.2629,30.73,84.68,0.8692,4822,C,standard,day,south,1
0.3623,0.035,0.2002,-1.1827,3.4771,23.52,-1.9977,0.7528,-2.325,18.55,68.61,1.255,1324,B,standard,night,south,0
0.1667,-0.257,-0.4289,1.0537,5.243,52.46,-1.2519,-0.3607,0.1077,42.52,63.12,-1.4373,5916,D,standard,swing,east,0
-1.0389,1.8459,-1.5026,-0.7725,8.3938,20.98,-0.2248,0.7521,-1.3675,26.93,68.68,-1.2463,4755,C,standard,night,east,0
-0.4061,-0.4936,0.1925,-0.6358,5.2309,6.41,1.0295,-0.8533,0.2172,24.87,54.0,1.1942,6364,A,,day,east,0
-1.0695,1.8926,-1.575,-1.0631,9.0823,20.36,1.2753,-1.2256,-1.304,27.23,65.36,0.2444,2376,B,standard,day,north,1
-1.5459,0.468,0.8562,1.2138,9.6626,37.66,1.4347,-0.2215,0.5104,8.47,61.91,1.0983,5666,C,economy,day,south,0
-0.2332,-2.6263,-1.3288,0.6702,4.8025,20.34,1.2729,1.2251,-0.4057,10.36,68.35,-0.7166,8992,C,standard,swing,west,1
-0.5455,0.218,0.851,1.014,5.4199,65.26,-0.8756,0.171,,14.95,59.47,-0.357,8326,C,premium,day,west,0
-0.1382,-0.4955,-0.1752,-0.5106,2.0642,19.88,1.1087,0.1186,2.0182,14.05,55.08,-0.5866,3284,A,premium,swing,west,0
0.5566,-3.4528,-2.1702,-0.3396,8.5984,68.64,1.9558,-1.2451,-0.0273,21.71,74.29,-0.7358,3622,A,premium,day,east,1
-0.6398,-1.08,-1.7035,0.0556,,63.27,2.4189,-0.0259,0.3304,2.26,62.23,-0.0721,5769,D,standard,swing,south,0
-0.5034,-0.4403,-0.0433,0.8285,3.3971,70.91,-0.7144,0.1829,0.3025,21.17,46.55,1.0422,4197,A,standard,night,south,0
-1.676,0.4937,1.2354,0.0836,1.3902,65.94,-0.419,1.3657,0.7723,27.4,83.01,-0.4505,9133,A,premium,swing,west,0
0.9176,-0.5753,0.4487,0.5682,5.3591,9.82,-0.666,-0.1175,-0.1097,16.0,66.86,0.777,4181,C,standard,swing,east,1
0.7011,-1.643,-1.3332,1.0389,4.3985,86.02,-1.0483,1.278,1.2088,15.8,64.62,-0.4058,2108,B,standard,night,west,0
0.8777,-3.0018,0.7685,1.9858,9.7798,31.98,-0.1306,0.9848,,14.76,39.49,0.8937,3778,B,premium,day,,0
1.2837,,2.0795,0.521,9.364,49.34,1.3414,0.498,-0.2414,11.2,81.28,-1.5364,9777,D,premium,day,south,1
-1.6726,2.0228,-0.9324,-0.5045,0.9752,33.07,1.2796,-0.0548,0.6002,17.56,80.17,0.5051,9294,C,standard,day,east,0
-0.0166,-0.5997,1.2726,-0.5925,9.8672,23.86,0.8385,-1.7251,0.0349,20.01,71.03,0.3003,4046,B,premium,swing,west,0
0.9627,1.6903,-0.4082,-0.627,8.9904,74.34,-0.5565,-2.2943,-0.1112,16.33,81.24,-1.1845,6575,A,standard,day,east,0
0.7758,0.1441,-0.1467,-0.0758,5.9497,22.23,0.1894,1.3966,0.8913,21.78,70.61,-0.5718,4902,A,economy,night,north,0
1.4668,0.6183,-0.5048,-2.3626,0.285,46.36,0.998,0.3146,0.2655,45.47,68.21,-2.1443,6883,C,premium,day,north,1
0.8678,-1.9229,2.3553,-0.7208,8.1809,37.9,-1.3208,-0.1661,-1.1942,41.06,82.82,1.9506,5480,A,standard,day,north,1
0.2162,-0.521,,1.826,2.9885,,-0.199,1.0972,-0.4202,41.38,69.11,-0.5792,6011,D,economy,night,west,0
0.342,-0.2968,-0.8877,1.8004,7.6145,38.68,-1.7818,-1.4434,0.421,42.19,75.27,-0.897,2816,D,standard,swing,,1
1.6062,1.3381,-1.1397,-1.8198,,5.01,0.9364,-0.3931,0.5955,13.39,73.54,0.0592,7553,D,standard,day,west,1
-0.6398,-0.6815,0.6029,0.6341,2.87,73.9,0.2806,-0.1268,-1.3226,19.27,72.8,0.8203,5356,D,economy,day,south,0
0.7959,2.3089,-0.4128,1.8825,4.7283,18.35,0.0209,0.9976,0.3388,47.15,71.39,0.4712,7690,D,standard,day,east,0
1.4687,0.9214,0.4456,0.9471,5.6073,24.71,0.8349,-1.7539,1.8089,37.96,69.37,1.4722,6698,C,standard,swing,south,1
2.4803,1.3801,0.6786,0.2971,,62.75,0.5922,0.4525,-0.8305,12.76,65.46,-1.9825,9704,A,standard,swing,south,1
-1.1545,0.7251,0.0492,0.4405,0.8288,11.46,0.2515,-0.704,-2.2013,10.35,91.61,0.3477,1234,C,economy,day,south,0
-0.2914,-0.0641,0.2196,-0.41,4.8448,67.03,-0.2315,-0.1279,-1.252,37.77,89.3,1.163,9136,A,premium,day,south,0
-0.556,1.7404,-0.718,-0.773,8.3702,69.92,-0.9049,0.0372,1.8002,40.28,70.66,-1.0164,5861,B,standard,day,north,0
-1.0496,-1.0121,-0.1937,0.0324,4.933,30.07,-0.2376,0.0477,-2.2415,7.92,64.9,0.0784,5079,C,,swing,east,0
-1.8159,0.9702,-0.3654,-0.2481,5.3907,90.42,-1.6453,0.5558,-1.5054,36.12,54.83,0.8291,9249,C,premium,swing,south,0
1.4482,1.1696,-0.0013,1.1391,9.4938,67.15,0.1722,-0.8443,-1.0764,7.23,79.44,0.123,2439,D,standard,day,east,1
0.3041,0.0878,-1.916,0.3561,0.5165,46.53,-2.0582,-1.3238,1.156,49.5,59.34,-1.0458,8422,D,premium,swing,west,1
-0.2005,-1.102,0.686,1.2983,5.5395,30.69,1.3026,1.5923,-0.8806,13.01,59.19,0.2356,2685,D,economy,day,west,0
1.7926,0.3485,0.1721,0.9379,9.1942,73.9,-0.2031,-0.549,0.8877,10.63,61.75,-0.2044,3682,D,premium,day,south,1
-0.4797,2.1726,2.3532,1.5082,,83.47,-0.5071,1.5037,0.6974,10.89,68.52,-0.2514,6565,C,premium,day,east,1
-1.0286,0.1934,0.3232,0.5517,7.8568,57.98,0.8992,1.8257,0.1443,4.9,68.29,-0.0493,2705,B,economy,swing,west,0
-1.1765,,0.3026,-2.4083,6.2165,57.36,-1.5932,2.5928,-2.0458,44.46,71.45,1.0786,3586,B,,swing,south,0
1.2179,1.4208,-0.2326,-0.4797,2.105,83.98,0.7076,0.2349,1.126,8.2,58.83,-0.1429,8577,B,standard,day,south,0
-1.4272,-0.5254,0.1339,-0.7426,2.1688,29.11,0.1824,0.454,-1.4508,20.26,60.52,-0.0769,1481,B,standard,night,south,0
-0.3291,-3.0475,-0.0858,1.379,7.8119,37.84,-1.4943,1.5442,-1.8015,6.85,59.45,0.2517,3283,A,standard,day,east,0
-0.0235,0.891,0.7178,-0.3008,0.4285,33.61,0.3275,0.8232,-0.8308,9.29,86.07,2.1246,3417,D,standard,swing,west,1
-0.6792,0.9488,0.5898,1.3483,2.456,82.98,0.8867,1.0383,-0.4072,2.52,72.77,-1.3756,3475,B,premium,night,east,1
0.7803,1.7277,0.2999,0.2184,0.6284,40.81,0.5525,-0.5189,0.4748,9.75,65.74,0.0838,2512,B,economy,night,north,0
-0.9579,1.8473,-0.9983,0.8285,0.0784,64.88,-1.1373,0.1577,-0.503,16.99,82.99,-0.6569,7199,C,economy,swing,south,0
1.1078,0.0819,1.3488,0.2856,7.9328,12.43,-2.8127,2.1619,1.2949,4.48,73.84,-0.0422,7734,A,economy,swing,west,0
0.4111,-2.8139,0.1719,-0.0923,7.6164,15.76,-0.103,-0.1417,-0.7578,22.36,71.3,-1.9459,4154,A,economy,day,south,0
-1.3374,0.6416,1.1416,-0.3784,1.4895,95.5,-0.7608,0.6795,0.7132,6.06,65.71,-0.296,8420,B,standard,swing,east,0
-1.3057,-0.4446,1.5254,-0.1417,1.0803,61.17,-0.4037,-1.7885,2.4485,47.2,62.57,-0.4537,6073,D,premium,day,east,1
0.9095,1.1981,-0.0308,-0.5096,5.5571,73.47,1.0673,0.7395,-1.4844,27.74,94.34,1.7797,6563,A,standard,night,south,0
-0.3765,-1.52,1.2325,1.7814,5.4509,35.75,0.5633,0.6224,-1.899,2.87,62.98,-0.5824,5815,B,standard,day,west,0
0.6116,1.3122,-0.169,-0.8636,8.8804,,-1.7635,-0.4232,0.2273,17.6,68.39,0.325,3407,C,premium,day,south,0
-0.6183,-0.63,0.6948,-0.6705,6.3081,75.43,-0.7769,0.1981,,29.82,76.82,1.0277,9909,C,standard,night,south,1
0.0183,0.4414,-0.5201,0.1451,0.01,13.11,0.6316,-0.0591,-1.1764,57.43,75.69,1.6004,7811,A,standard,night,west,0
0.7778,-0.4618,2.3634,-0.8666,,24.77,-0.2327,0.0104,-0.2643,13.31,52.89,0.0083,4699,B,economy,swing,south,0
-1.1332,0.9767,0.0483,-1.3674,7.8179,67.97,1.4409,-0.2507,-0.5835,35.53,58.98,-0.9794,8566,C,standard,day,south,0
-0.7862,-1.2074,0.5488,-0.8983,4.6053,75.59,0.415,-0.9001,-0.7095,20.51,66.37,-1.4831,1141,D,economy,night,north,0
-0.4411,0.5698,2.3128,-0.4932,2.8313,31.35,0.9595,0.0641,-0.1565,19.09,58.45,0.3274,2678,D,premium,day,north,1
0.8964,0.2267,,0.8825,8.5868,54.36,0.0351,0.3009,,9.41,76.59,-0.686,8237,C,standard,swing,west,0
0.7748,1.6772,1.8249,-0.0591,8.4196,24.46,-1.228,-1.6107,0.1511,16.11,74.5,-0.7007,9068,C,standard,day,east,0
-0.2604,0.3043,0.0446,0.1741,0.356,31.96,0.1613,0.2849,1.2182,6.56,82.59,0.0271,4464,D,premium,swing,south,1
-1.1011,0.5613,-0.9004,-0.6193,8.8547,37.89,-0.2484,0.4504,1.8723,15.92,72.05,1.644,3380,B,standard,day,north,0
-1.0577,2.1954,0.7284,-1.2485,,47.21,2.4282,1.7593,-2.125,47.47,59.64,-0.651,7656,D,standard,day,south,0
1.0599,1.3787,-1.059,1.0098,6.298,21.76,-0.5839,-0.1987,-0.1896,26.53,60.37,0.0072,6939,D,premium,swing,east,1
1.2279,1.0684,,1.2622,7.0606,,-0.483,0.0305,-1.9878,14.07,38.96,0.138,4541,B,standard,day,east,1
0.2897,0.1348,-0.4039,1.6653,9.0733,39.93,-0.2593,1.6199,0.8184,16.27,45.41,-0.7552,3110,C,economy,swing,north,0
-0.3239,0.0849,-0.7999,-1.1512,0.8591,,-0.155,-2.4531,-0.0689,14.29,73.26,0.5233,3380,C,premium,night,west,0
0.3508,1.2788,1.0378,0.7091,4.5787,9.49,1.3143,-0.9748,0.3689,14.29,65.47,-0.1236,3121,C,standard,swing,east,1
2.6231,0.4358,0.3009,3.4644,1.5776,53.61,0.0454,-0.429,0.0581,7.27,56.42,-1.8858,9531,A,standard,swing,south,0
-0.0922,-0.1068,0.8146,0.0103,6.943,38.51,-0.8588,-0.4005,-0.4796,20.81,61.48,-1.5639,4699,C,premium,day,east,0
0.2825,1.0935,1.5582,0.0289,3.5857,6.7,-0.059,0.3805,-0.0889,13.97,72.57,1.129,8522,C,standard,day,south,1
-1.3333,-1.7347,1.6536,0.922,5.373,18.89,0.9044,0.6462,-0.7324,14.95,53.61,-0.8362,6783,D,standard,day,north,0
-1.0215,-0.3514,-0.8581,-0.3286,0.9667,21.56,0.3653,-0.6069,-0.8033,27.44,54.07,-1.3973,9201,C,standard,night,south,0
-2.7671,-0.2049,-0.9052,0.7424,8.6305,93.35,0.4614,0.5152,-0.0179,14.86,79.2,1.5246,6070,B,premium,night,east,0
-0.7815,0.1063,-0.3851,-0.6484,1.194,79.01,-0.5037,-0.3547,-0.1337,6.02,82.76,0.8907,7731,A,premium,night,south,0
-0.4275,0.6485,-1.5248,0.7803,9.5798,64.85,0.3852,0.7441,-1.2771,17.76,71.5,1.2614,6032,B,standard,day,south,1
0.949,-1.7499,-0.2704,-0.7815,4.9174,,0.4861,0.7443,0.232,40.15,65.65,-0.5614,2252,B,economy,swing,south,0
0.7296,-0.1388,-0.4333,0.9697,4.1521,46.39,1.5376,-0.7661,-0.0196,16.45,67.86,0.4695,8829,C,standard,day,south,1
0.5847,1.5366,1.1483,-1.1777,0.4465,3.77,-1.2589,0.2416,-1.5666,14.86,58.54,-0.0756,9177,C,standard,swing,north,1
-0.5937,-0.9167,1.0286,-0.0389,8.2205,67.82,0.7263,0.4474,-0.0549,24.71,86.57,-1.7168,8797,D,standard,day,west,0
1.0977,0.9512,-0.0136,-1.0765,2.4412,38.91,-1.211,0.0926,0.7395,13.17,61.66,0.2019,1171,D,standard,night,east,1
-1.0368,-0.8537,,-1.2903,8.1455,29.56,-0.8137,0.0577,0.9638,20.19,73.85,0.0797,5513,C,economy,day,east,0
0.1615,-0.1685,-0.013,-0.0638,0.8505,31.9,-1.5086,0.0755,0.3185,13.86,82.16,-2.3039,1667,D,standard,day,north,0
-1.128,-0.2192,-0.4991,-0.003,3.2359,22.29,0.35,-0.5345,0.9025,28.03,76.11,0.1308,2870,A,premium,swing,south,1
-1.6413,,,-0.775,6.0627,10.57,-0.0371,0.1612,-1.6111,35.41,72.25,0.8807,3218,B,standard,day,east,0
-0.5533,-1.6609,-0.5874,0.2151,,67.09,-0.4489,1.2596,-2.9454,22.41,55.35,-0.6059,4339,A,standard,day,north,0
-0.3376,-0.7454,,-0.9451,6.1809,69.57,0.5076,-1.9487,-1.7313,10.1,83.46,-1.2835,4989,A,standard,swing,west,0
0.487,1.3932,0.8603,1.0168,9.1979,35.17,-0.4238,1.767,3.0641,48.02,65.69,-0.0865,1464,A,economy,day,east,1
1.0308,-0.4662,0.1044,0.8816,1.9286,72.21,0.3812,-1.3366,1.8251,16.33,62.45,1.3904,4053,D,standard,swing,west,1
-0.7138,-0.2341,-2.3975,-0.1653,1.0595,28.64,-0.5142,1.0837,0.1692,7.79,83.06,-1.1098,5293,B,premium,night,west,1
-0.003,-0.0464,-2.5527,0.1152,5.4213,23.77,-1.2723,1.2861,2.9464,5.67,75.1,-0.5822,5884,B,standard,day,north,0
1.7676,-0.5819,-1.1014,0.089,8.302,63.08,-0.4268,-0.6242,0.306,19.66,60.15,-0.8793,7084,C,economy,day,west,0
0.411,0.4429,-0.4629,-0.8361,7.5379,43.55,0.1931,-0.8985,0.1899,9.7,59.32,-0.7541,8395,C,standard,swing,south,0
0.0038,-0.7064,-0.8439,-0.5687,4.4955,52.01,0.1472,-0.0968,-1.2365,34.38,79.55,0.8492,1519,A,economy,swing,west,0
-1.7227,2.508,-0.024,-0.3029,8.7666,80.25,1.5195,1.5561,-0.8343,20.83,57.62,0.2836,3770,B,standard,day,west,0
0.9769,,0.28,-0.5147,1.5186,13.38,0.5212,-0.8678,0.5138,11.7,65.47,-0.8954,6386,A,standard,swing,south,1
-0.1833,3.2712,-0.6968,0.4776,3.8283,32.96,0.0943,-0.1667,0.5072,22.01,49.56,-0.8613,6783,B,economy,day,east,1
0.5447,-0.9692,0.5968,-1.4053,1.2157,27.21,0.6665,0.0608,0.3453,7.19,58.01,0.3759,4011,C,premium,swing,west,0
0.4387,0.2509,-0.3367,0.082,7.7153,26.06,-2.6229,1.1128,0.3093,8.99,62.45,-0.9296,2513,C,economy,day,east,1
0.5069,1.2012,1.3791,0.3537,3.2336,51.56,0.75,0.2324,2.655,32.28,60.18,1.5748,2744,B,standard,swing,north,0
0.3263,0.0526,0.731,-0.9271,2.3794,47.72,-0.8939,-0.7673,-0.5971,15.36,67.54,2.2631,3700,D,premium,swing,west,0
1.6048,-1.4336,-1.3701,0.285,2.5847,52.44,-0.7105,-0.4694,1.2834,19.93,50.14,0.2314,2913,B,standard,night,,0
0.6516,-1.3924,0.6594,-0.4003,3.3192,88.57,0.658,0.5202,-0.4223,34.48,74.73,-0.321,7866,C,economy,night,south,1
-0.8888,,0.4609,-0.566,6.8121,56.98,-0.7868,-1.9802,-0.6032,6.35,58.4,1.6626,9354,C,standard,swing,south,0
-0.2186,-0.3442,-0.6238,0.4736,3.4736,65.37,-1.5919,-1.1032,1.2604,24.11,63.21,1.0085,6967,C,premium,day,south,0
-0.8284,-0.4658,-0.3508,0.1019,6.3377,65.97,-0.7671,0.0167,0.3852,28.09,64.05,0.9723,9156,D,standard,swing,south,0
1.0346,0.9282,0.7701,0.5816,7.256,,-1.3569,-0.3822,-0.6405,19.86,55.07,-0.3835,3845,B,standard,day,west,0
-1.0956,-0.5954,-0.0363,1.017,9.9632,55.14,-0.4011,-0.8482,-1.2269,3.73,64.6,-0.3807,7247,C,standard,night,west,0
-0.8983,-1.1363,1.7484,-0.5651,4.7553,38.72,0.0173,-0.8772,-0.5025,13.76,66.25,0.0662,2609,A,premium,night,west,1
0.6816,-2.3424,0.2393,-0.708,1.1325,21.7,-0.4332,0.2762,-0.2778,15.58,70.44,-0.4452,4146,C,economy,night,north,1
-1.224,-0.0476,-2.5749,-1.3791,,33.83,1.1036,0.0212,0.064,21.75,85.33,-0.6874,1029,B,economy,day,north,0
-1.0303,-1.8206,-0.5718,-0.1088,5.145,70.61,0.4126,-0.793,-1.5428,30.77,79.4,-0.0599,4945,B,economy,day,east,0
-1.3803,-1.1943,-1.0732,-1.1788,5.7998,71.69,-0.1765,0.1157,-0.1216,3.51,74.22,-0.1778,8526,C,economy,swing,east,0
-0.5824,-1.0338,-0.047,-0.511,5.7445,,0.1872,-0.6734,-1.1976,36.09,54.42,0.3227,3747,A,premium,day,west,0
1.6316,1.7325,0.8997,-0.486,8.5787,45.33,0.0721,1.4883,0.1869,16.94,79.22,-0.798,4455,A,economy,day,south,1
-0.6276,-1.6684,1.4533,0.9716,6.4956,41.24,0.008,-0.6917,-0.2219,8.71,80.67,0.2435,5967,C,standard,swing,west,0
-1.5673,1.559,2.3535,0.0501,1.6183,59.57,-1.7116,1.5124,-1.8019,3.23,66.8,0.0586,9888,D,economy,night,east,0
-1.9118,0.0314,-0.1397,-0.239,8.0319,26.95,-1.395,-1.3596,-0.3437,24.93,70.43,0.6498,8439,A,economy,swing,south,0
-0.3129,-0.2157,-0.3945,-2.1351,9.3357,25.81,1.1387,-0.1612,1.5836,7.59,78.41,0.8171,1396,B,premium,night,south,0
-0.642,,-0.2532,-0.4697,2.8302,86.74,0.7716,-2.0604,0.6333,25.07,50.51,1.6188,2224,A,standard,swing,north,0
-0.8274,-2.1566,0.8525,-1.1341,1.8568,49.41,-2.015,1.0219,,54.54,54.08,-0.6736,7954,A,standard,day,north,0
1.5887,-1.2153,0.4464,-1.1696,0.3856,65.78,0.9453,-0.4971,-0.3617,20.42,73.44,0.4669,5240,C,premium,day,west,0
0.3963,0.3688,-1.6857,-0.028,2.5421,71.78,0.1903,0.278,0.229,13.28,72.5,-0.7484,3945,C,economy,day,west,0
0.7503,0.0646,-1.3171,-0.5047,6.9136,37.61,0.1347,-0.2586,-0.7402,22.59,60.17,-0.1169,8060,D,standard,day,south,0
0.336,-1.611,1.9585,-0.8016,3.3302,47.03,-0.9846,1.7436,-0.2063,27.8,67.16,0.546,3926,C,standard,night,west,0
-0.2087,0.767,-1.8506,0.2188,4.2902,20.27,-0.6093,0.5411,-0.5122,21.24,74.52,0.7603,8903,D,premium,swing,east,0
-0.7171,-0.6283,-1.1849,0.1497,9.2282,42.91,-0.5386,-0.3186,,14.56,76.4,0.0363,5190,D,,night,north,1
-1.6753,-0.1795,,0.8776,6.4394,26.72,-1.2195,-0.121,-0.4003,9.93,75.96,0.0314,8491,C,economy,night,west,0
0.0558,0.4234,-0.5388,-1.9514,1.293,70.82,1.3956,-1.5579,-0.4424,8.8,75.44,0.3402,2039,D,standard,swing,south,0
-0.7499,0.9368,0.1555,-0.0608,0.249,,1.0389,0.2889,0.7114,7.12,60.87,-0.5581,8844,D,standard,swing,south,0
-0.7017,-0.3922,-0.1775,0.2108,9.8157,38.26,-1.4119,-0.7056,-1.407,12.48,67.45,-0.0182,4703,C,economy,day,,0
-1.9453,0.2695,1.6516,0.3169,5.8165,58.32,-0.6788,1.2697,-1.5243,20.97,61.61,-2.1077,8770,D,standard,night,north,0
-0.4124,-0.2252,0.4094,-0.1938,2.0691,64.01,-1.6264,-1.1537,0.3649,3.73,71.66,1.846,5756,A,standard,day,north,0
-0.3861,0.3332,,0.3852,3.2679,38.41,0.8498,-0.3604,0.4699,13.16,74.77,-0.0935,2933,A,economy,night,north,0
-1.1351,3.4589,-0.6895,1.5945,1.4362,68.56,-1.2705,-0.8629,-0.6961,8.71,87.33,-0.6671,9166,B,premium,day,north,1
-0.2233,1.3995,-0.0299,-2.0534,7.3438,,1.0926,-0.085,,55.33,49.57,0.0861,4089,A,economy,swing,north,0
0.4153,0.7065,0.9905,0.005,5.7864,26.02,0.022,-0.6531,1.4482,7.71,71.22,-0.5895,7477,B,standard,day,east,0
0.2424,,0.3724,0.8922,9.0838,39.57,0.6065,-1.5115,1.3303,17.19,68.77,-0.2756,1185,D,standard,day,north,0
1.1731,0.5339,-0.6451,-0.0326,1.3616,52.03,0.8356,1.486,-0.3905,57.77,61.83,0.3821,9928,C,standard,day,west,0
1.0654,-1.1361,0.2924,-0.3618,3.2474,60.99,0.5763,-0.1384,-1.0632,6.75,71.81,-0.7775,9189,B,premium,day,south,0
-0.7629,,-0.161,-0.686,2.9088,69.42,0.7542,1.8249,-1.6228,44.13,67.56,0.4244,3296,A,economy,day,north,0
-0.275,0.5331,-0.718,2.0487,1.3702,14.6,0.3751,0.4571,2.2713,11.06,90.02,-0.7998,2028,D,standard,day,south,1
1.2491,0.2302,-0.6557,-1.113,7.5215,70.43,-1.3409,-0.5175,0.8215,11.89,54.5,-0.7518,6724,D,,day,south,0
0.2331,0.1578,0.3046,2.1507,1.5859,53.52,-0.2259,0.2824,-0.3861,76.07,72.02,-0.4152,6183,A,standard,day,east,0
-0.1009,-1.4119,1.8741,1.6573,4.1016,24.97,0.6679,0.6126,0.4349,36.76,60.54,-2.4187,3519,B,standard,night,,1
-0.0834,1.7226,-1.032,-0.5088,4.9097,47.93,0.1309,1.831,-1.785,25.32,69.94,1.1561,4233,C,economy,night,west,1
0.4681,2.0147,1.4253,1.0523,9.8965,68.26,-1.1199,0.956,1.1091,20.94,67.79,0.8888,1105,A,standard,swing,east,1
-1.5022,-0.2834,-1.1916,-0.2987,1.4044,54.92,0.5472,0.1142,0.4963,26.49,66.05,-0.0108,4784,B,standard,swing,west,0
-0.3742,-0.2824,-2.0231,-1.4421,8.5402,37.38,0.4296,1.0723,0.0509,5.0,61.77,0.2332,1056,C,standard,night,north,0
2.2571,-0.2345,-1.3701,-0.5661,6.8635,62.26,-0.6192,-0.2237,0.0181,30.81,71.26,1.0339,2993,A,standard,day,east,1
-0.2665,0.2004,0.115,1.1424,6.5003,43.79,0.3233,0.677,-0.0978,15.04,62.27,3.105,6534,C,,day,east,0
0.5496,,0.2548,-2.5209,3.6775,83.22,-0.5874,0.7415,-1.1388,27.36,71.41,-0.1236,3246,B,premium,day,east,1
-1.0053,-1.2557,-0.288,-0.3955,0.9302,,-0.0057,-0.1563,2.9466,7.07,64.1,0.5988,9911,A,premium,day,south,0
-0.4054,0.9866,-1.3409,1.0868,0.0888,66.36,-1.1609,-0.8648,-0.3843,59.34,79.72,-0.8276,4854,B,premium,swing,north,0
0.6727,0.4636,-0.0617,0.0549,0.6727,48.92,-0.552,0.3764,0.7541,10.65,74.7,-0.0652,2661,D,premium,day,west,0
-0.2753,2.7317,-0.0814,1.4535,1.0148,72.15,-1.736,-1.0411,-0.5848,21.46,71.55,0.9556,7658,C,standard,night,north,0
1.2872,-0.5999,0.0738,-1.615,3.0152,66.02,1.2475,-1.0085,0.8193,21.84,73.62,-1.6609,7325,C,economy,swing,west,0
0.9576,1.0935,,-1.3664,7.648,2.66,-0.1879,0.743,1.3612,21.08,63.18,-1.3744,2288,A,,day,north,0
1.1768,0.0053,-0.1196,-0.9957,6.9556,36.38,-1.2807,-1.4691,-0.2348,11.56,69.93,-0.9374,5563,C,standard,swing,south,0
1.8178,0.1422,1.8865,0.6366,9.4855,7.95,0.0824,-0.6747,-2.1817,4.34,68.58,0.0895,4990,C,premium,day,east,1
1.203,,1.9457,-0.3581,4.7305,5.49,-0.943,0.7896,-0.976,23.63,71.23,-1.3589,2161,A,standard,day,east,0
2.1026,1.4313,-0.8954,1.7486,9.5764,85.44,-0.9432,0.0377,1.7175,26.56,58.34,-1.4773,3798,D,premium,day,north,0
0.9605,-0.126,-0.2861,0.6231,7.8018,53.76,0.8342,-0.8302,1.1873,33.42,59.45,-0.8657,7441,B,standard,swing,north,1
1.4492,-0.608,0.9586,-0.1534,6.9928,74.08,-2.4467,0.3869,0.6861,11.28,60.92,0.9543,1409,B,standard,swing,west,0
-0.5557,-0.7435,,0.148,9.776,71.79,0.976,1.218,0.2864,25.12,52.57,-0.4255,6609,D,standard,night,south,0
0.8105,1.6663,1.7621,-0.5689,3.2711,29.48,2.2798,-0.1259,,45.51,56.1,-0.7637,5920,B,standard,swing,north,0
-0.3096,2.1195,-1.54,0.1266,4.903,25.29,0.1416,0.1491,0.231,11.52,74.87,0.0703,3104,A,standard,day,north,0
1.0436,-0.7742,-1.7919,-0.0595,6.4453,58.25,0.557,0.4826,0.0615,33.48,63.66,-0.9001,5834,B,premium,swing,east,0
-2.1306,,2.0304,-1.6801,5.7664,67.33,1.4279,0.0775,-1.2063,30.58,62.73,0.232,9504,C,premium,night,east,0
1.0056,2.3223,1.0937,0.6095,5.9583,61.02,-0.5752,1.2018,-1.5316,16.97,68.19,0.8631,2308,C,premium,day,west,1
-0.0814,1.1973,-0.247,-0.0729,1.9085,18.41,0.7011,0.8118,-0.9029,15.73,56.62,0.4572,2988,B,,swing,west,0
0.5261,-1.7342,-0.5026,0.8547,6.5328,71.52,-0.6284,-0.7878,0.6832,22.22,100.92,-0.9189,6427,D,premium,swing,east,0
-2.3998,-0.5568,-0.4537,1.3261,0.2451,,2.8285,0.7161,0.2188,8.79,84.99,0.6855,8293,D,economy,swing,south,1
1.0711,-2.1344,-0.6781,-2.0444,6.8812,42.93,1.3541,1.4797,-0.4618,24.35,59.31,-1.5903,1398,D,economy,swing,north,1
1.1071,0.4211,-0.8571,1.236,8.3139,,0.3821,-1.2292,0.8024,25.46,63.35,1.0673,1226,C,,day,south,0
0.2243,0.7708,-0.0748,-1.4005,8.312,,-0.3085,1.6879,-1.2165,23.11,71.5,-0.1328,7024,D,premium,swing,east,0
0.8327,0.8283,-1.0465,1.3849,8.2475,60.55,0.1412,-0.039,-0.4802,15.37,85.16,-0.0748,7133,A,premium,swing,south,0
-0.7952,0.0242,-0.1102,0.4195,7.8894,59.57,1.62,-0.5595,-1.496,12.94,72.93,-1.2466,9278,A,economy,day,south,0
0.0676,,-1.468,-1.708,6.1689,77.93,0.6954,0.5503,-0.8781,25.95,61.76,0.2427,6548,C,standard,swing,east,0
0.338,1.1482,,-2.0815,6.7521,26.44,1.0856,-1.1083,0.1601,33.93,78.49,1.4553,2269,B,economy,swing,north,0
-0.4883,-1.8155,0.9008,1.9906,8.4074,13.21,-0.2639,0.3579,-3.0085,17.74,76.59,0.5967,3031,A,standard,night,north,0
-0.0287,2.4851,-0.0614,0.1962,4.6564,16.34,-0.3548,0.2154,0.1946,4.84,80.27,-0.3126,6114,C,standard,day,west,1
1.4281,2.2606,-2.0654,-0.1225,4.6037,36.77,-0.205,0.0717,,12.42,63.73,1.6495,6173,A,economy,swing,east,0
-1.7461,1.7278,0.6595,-0.9141,5.4194,69.15,0.2318,0.337,0.7153,8.04,87.78,-0.8064,5265,D,standard,day,south,0
-0.5563,-0.9688,0.1557,-0.7891,0.2312,76.87,0.3662,0.6016,-1.2758,43.07,75.8,0.5618,6936,A,premium,day,west,0
1.9835,-1.2932,-1.7141,-1.3143,2.8422,55.0,0.9647,1.7375,0.4273,14.56,76.81,-0.6,1458,A,standard,day,west,1
-1.5731,0.2001,0.6435,0.5579,3.5723,5.36,1.955,0.0447,-1.1113,11.16,67.05,0.6643,5120,B,standard,night,north,0
0.8567,2.5608,-0.4785,1.1788,4.0659,77.79,-0.1023,0.3362,-0.8374,24.09,80.1,0.0532,2320,C,economy,day,west,0
0.6491,-0.9841,-1.0436,0.8085,2.0551,52.83,0.4472,0.7121,1.669,26.58,75.04,0.1136,6455,A,economy,day,east,1
1.0898,0.8238,-0.7454,-0.7242,3.7331,,0.6411,0.2902,0.3112,5.78,78.65,0.8499,2620,A,economy,swing,west,0
-1.5404,-0.9723,-0.0572,1.4841,6.3296,55.02,-0.4417,-1.8904,1.1636,24.39,70.6,-0.1996,1445,B,standard,swing,west,0
0.3265,-1.3322,,0.218,2.7307,74.58,-0.7365,-0.6424,-1.6887,21.27,41.34,0.5584,8410,C,standard,day,east,0
-0.5661,1.2477,-0.338,-1.0737,6.248,34.29,-1.12,-1.8973,,12.19,83.79,-0.4154,2545,A,economy,day,north,1
0.2712,0.7274,-0.016,-0.9267,4.4212,54.55,0.8568,0.5018,-0.9594,18.16,59.79,0.0755,8294,B,standard,night,east,0
-0.2505,0.8175,0.0714,0.1128,1.2054,66.92,0.5808,0.8436,0.6975,19.47,61.61,-0.874,6241,B,economy,night,south,0
1.2263,-0.6733,-0.1406,-0.0991,2.8586,60.26,1.0249,-1.3434,-0.0242,1.31,81.91,-1.3882,4196,A,standard,day,west,0
-0.8888,-0.0699,-0.865,1.3784,3.0363,64.49,-1.7932,1.1497,0.0608,28.22,77.64,0.5634,6962,B,premium,night,east,1
0.2981,1.5166,1.0686,0.4985,7.9599,49.46,0.1602,0.7194,1.9471,4.6,72.95,-0.3682,1626,D,standard,night,south,1
0.3811,-1.5157,-0.5286,-0.1091,2.882,94.72,1.0948,-0.0942,-1.1576,16.23,90.46,-0.6327,6372,C,economy,swing,,0
-0.5765,1.718,1.9958,-1.2728,0.4175,94.87,1.4537,0.7876,1.3132,14.33,65.2,-1.6227,6489,B,economy,night,north,0
-1.1812,0.22,-0.4356,1.23,2.6381,37.89,-0.0867,-1.1244,-0.1353,4.64,60.17,0.908,1523,B,standard,swing,north,1
-1.6645,1.7982,-0.0125,0.0252,7.0849,43.07,-0.5359,0.4502,-1.8299,17.98,62.2,-0.2008,1580,D,standard,day,,0
-0.5028,0.0871,0.0666,-0.3234,4.5479,,-0.4037,0.1143,,17.89,50.47,0.576,4090,A,standard,night,south,0
1.075,-2.4162,0.3944,-1.5634,6.1585,34.28,-0.7233,0.4362,1.1637,29.79,52.3,0.1276,6614,B,standard,day,west,1
1.4562,1.3132,0.1615,-0.3975,5.248,,1.1445,-1.1765,-0.7938,11.15,66.54,-0.3644,3304,C,standard,day,west,1
1.4865,-1.1121,0.0155,1.8634,1.3758,51.74,-0.3508,0.2134,2.8977,22.68,50.84,-0.1373,5396,A,standard,night,east,0
0.5542,-1.1812,1.3819,-0.983,2.5587,50.56,-1.2868,0.9939,-0.1226,9.34,77.16,-1.2941,9438,B,standard,swing,north,0
-1.1243,1.0132,-0.9536,-0.1305,7.3469,72.96,1.193,0.6455,-0.4418,37.32,68.42,-0.6006,3314,A,premium,night,,1
1.0502,0.3283,-0.8453,-0.5551,5.477,32.98,0.2586,1.0683,0.199,48.25,68.96,-0.2554,1603,B,standard,day,east,0
1.3688,0.463,0.577,1.6243,6.3392,26.25,-0.9438,-0.2396,-0.7158,40.59,81.36,0.3099,7909,A,economy,day,east,1
-0.7266,-0.0591,0.0984,-0.4092,7.1573,42.96,2.592,2.2297,-0.9263,4.25,54.88,0.3855,7699,D,premium,night,,0
-0.9144,0.7067,-0.524,-1.1557,4.405,19.84,0.192,1.0582,-0.7323,28.77,67.9,-0.944,1641,D,standard,night,west,0
1.6722,-0.8477,-2.8914,0.1867,6.953,66.4,-0.6823,-0.9392,1.7059,21.84,54.32,-0.8298,7729,D,economy,night,west,0
-1.6485,-0.9784,0.4716,0.054,5.2435,59.77,0.1938,0.7705,-1.3979,14.2,77.49,1.4754,7639,B,economy,swing,north,0
0.6004,-1.3306,0.0682,-0.1817,0.3534,67.49,-0.3199,0.8673,-1.155,27.0,77.49,0.3053,4605,D,,swing,west,0
-1.6792,-1.1163,0.2711,-1.3114,1.1521,39.13,2.7805,-0.7713,-0.8892,28.14,51.13,0.6541,1547,D,standard,night,west,1
2.2888,1.3741,-1.2774,-1.133,6.2394,19.34,1.0141,-0.2855,0.133,18.85,58.2,0.6456,4536,B,economy,night,south,0
0.1451,-0.6473,-0.8027,1.3487,4.7636,42.64,-2.1201,0.078,-0.6467,32.31,60.57,0.8242,4321,C,economy,day,north,0
0.155,0.07,0.206,1.0644,1.2969,,-1.2976,-1.5862,0.7741,21.63,56.61,-0.7893,8086,C,premium,swing,south,1
0.0436,1.25,1.4456,1.7878,2.0163,21.63,0.3529,-0.4798,,11.18,80.58,2.4534,2791,B,standard,night,south,0
3.0765,0.4775,0.2818,2.1832,5.7002,61.05,0.9286,0.639,1.2352,10.37,61.59,-1.3066,4901,B,standard,swing,north,0
-0.547,0.626,0.0945,1.497,9.2962,13.15,-0.8853,-0.879,-1.1101,21.14,77.76,-1.8503,3703,D,standard,swing,north,0
0.1527,1.6274,-1.3338,0.8751,4.3931,85.66,-1.2804,1.9747,-1.5837,21.07,62.99,0.6364,9172,D,premium,swing,north,0
-0.6324,0.305,-0.1929,-0.0141,7.7333,99.15,-0.5608,-0.43,1.2668,22.82,53.0,3.0819,1530,A,standard,night,west,1
0.264,0.5183,0.3466,1.8783,6.7329,21.46,0.2958,0.3243,2.6213,28.42,47.92,0.2803,8793,A,premium,day,west,0
1.603,1.5357,-3.0683,0.9117,9.2411,17.35,0.3927,1.9317,1.2543,10.68,49.97,-0.1608,3093,B,standard,swing,,0
-2.3832,-0.7761,0.8264,0.4988,3.2597,30.43,-1.6607,0.2015,-3.1184,14.62,65.56,0.9399,4144,B,standard,swing,east,0
-0.2394,0.4556,-0.4123,-0.7358,7.3326,31.84,-0.5643,0.376,0.6352,18.17,67.55,-0.6958,2410,B,standard,swing,east,0
-0.5995,-0.7838,-0.9902,-1.4848,0.7786,90.98,0.0723,1.5376,1.2421,6.49,72.65,1.1092,5081,A,premium,night,,0
0.6032,-0.5472,2.0451,0.7314,1.5702,45.68,0.3181,0.0567,0.2963,20.93,74.39,1.8192,9041,D,standard,day,east,1
0.4749,0.9271,,-0.1556,1.8186,67.54,-0.943,-0.6757,1.0138,37.17,78.86,0.1771,6842,A,standard,swing,north,1
0.3396,-0.2974,0.8952,1.5601,7.506,72.22,-0.0011,0.3137,0.02,26.82,71.41,-0.3787,7474,B,economy,day,west,0
0.3074,1.1735,1.3303,-0.3458,0.6385,52.75,1.9521,0.2253,-3.2827,20.93,72.5,-0.7114,6248,D,standard,day,,0
0.2164,0.6474,0.6845,-1.1275,9.8245,44.56,1.5374,0.9174,-0.3602,45.27,58.06,-2.6255,8642,C,standard,day,south,0
0.1571,-0.0133,-1.1884,0.8308,9.1933,66.6,0.3928,-0.4526,1.2732,28.98,73.61,-1.2244,5859,A,standard,night,west,1
0.7487,1.5572,-0.506,-0.7304,6.5219,78.16,2.4611,-0.137,-0.0647,12.73,77.73,0.7922,6357,A,premium,night,north,1
-0.7032,-0.4679,-0.6691,0.3042,2.1218,24.48,-0.803,-1.0887,1.2138,12.11,63.9,-0.6631,7784,A,premium,day,south,1
-1.1609,-1.525,-0.7628,-1.1206,3.6789,54.0,-0.3174,-0.5036,,10.21,74.34,0.437,8059,B,premium,night,east,0
2.2264,0.8889,1.0625,0.7254,1.2578,32.34,-0.0725,-0.0262,0.0074,14.58,61.1,-0.4658,3360,A,premium,day,south,1
-0.3577,-0.7217,-0.7059,2.066,9.2357,,0.439,-0.0459,-0.8715,14.7,74.84,-0.1986,8900,C,standard,day,east,0
1.0073,-0.7615,-0.8113,0.7187,4.1594,47.82,0.6155,-0.3568,1.0716,33.87,62.35,0.3902,3926,A,premium,day,east,1
0.1087,1.8087,-0.836,0.2778,3.1291,14.41,0.7607,-0.6817,0.0858,14.64,56.06,0.7371,3447,A,economy,swing,east,1
-0.998,1.3205,1.0122,-0.1778,5.5544,33.06,-0.1041,-1.494,2.1917,24.11,75.4,-0.9762,2020,C,economy,day,south,0
-1.0659,-0.5187,0.4525,-0.9814,3.4706,46.96,0.3736,1.3518,-1.0851,6.17,81.62,0.141,1068,C,premium,swing,north,0
1.8398,0.2232,0.0642,-0.7093,2.7479,58.64,-2.1326,-1.1027,-1.1381,47.1,82.85,-0.2651,6793,D,premium,night,north,0
0.3662,2.8699,0.5484,0.7181,7.5739,79.05,-0.8473,-1.4837,0.8495,6.0,46.92,-0.1872,5432,A,premium,day,east,1
0.3697,0.2904,1.1444,0.5463,8.591,60.53,-0.3264,-1.6463,1.0291,3.51,60.39,-0.1231,7990,C,standard,swing,east,0
0.2083,-0.9839,0.9227,-0.4046,7.6533,53.97,0.1856,-0.0675,-0.4323,36.18,64.99,0.5201,7541,B,economy,swing,south,1
-0.4164,-1.7511,-0.5832,-1.0533,4.0249,62.3,-0.6741,1.264,1.0538,17.1,62.84,0.982,7505,A,standard,swing,west,0
-2.0726,-0.521,-0.7135,0.6324,2.5067,7.39,-0.5331,-0.8618,-1.3565,26.0,67.06,1.6037,7967,A,standard,day,south,0
-0.3485,-2.5015,-0.5751,-1.0357,0.5892,44.62,-1.0963,0.0891,1.1786,19.47,86.84,-0.8123,1226,C,premium,day,north,1
0.7856,-0.1356,0.3156,0.7834,1.7843,30.16,-0.5972,0.3307,1.1,16.07,71.37,1.3018,4021,A,standard,day,east,1
0.4957,0.7466,-1.5053,0.8602,9.6947,30.83,-1.1669,1.5292,-1.2739,23.63,72.04,-0.1485,9303,B,premium,day,north,0
1.72,-0.3351,0.3875,0.9257,2.9029,92.21,0.7177,1.2556,0.7367,13.24,80.8,-0.1024,5118,A,premium,swing,west,0
0.1161,0.1639,0.8908,0.7607,1.7045,,0.7551,-1.3718,1.5061,7.83,75.29,1.1369,2487,B,economy,swing,east,1
0.4422,3.2742,0.8292,-0.1796,,28.66,-1.8458,-0.9912,-0.0431,15.87,46.04,-0.4493,7692,A,premium,swing,west,1
-0.4452,-1.0267,-0.2113,-0.4631,1.1425,25.71,0.6726,0.9304,-0.9837,15.49,66.7,-0.0296,2536,B,economy,night,west,0
0.3131,-0.0699,0.3173,1.0775,8.5092,71.97,-2.4922,-0.2327,-1.9378,22.51,54.07,0.5648,5619,B,standard,night,west,1
-0.6673,0.895,0.8407,0.0666,,64.66,-0.2205,0.3607,,40.44,64.69,-0.8525,4051,B,economy,day,west,0
-0.0742,-1.7882,-0.3203,-1.4179,1.4548,82.94,0.1145,0.4872,0.9571,12.86,59.68,1.3544,8047,D,economy,day,east,0
0.2582,-0.6377,-1.9654,-1.2758,6.4087,56.38,-1.0059,-0.6729,-1.2991,10.75,49.95,-1.8538,5898,B,premium,night,east,0
-0.4572,-1.1856,2.6533,-1.6182,6.8011,93.16,0.2623,1.2644,2.2259,40.42,62.51,-0.3229,7207,A,standard,night,north,0
0.2022,0.4289,0.0371,0.4808,7.8529,54.15,-0.6524,-0.3812,1.0787,17.01,54.99,0.9828,5671,B,economy,day,south,0
-2.0695,-0.4298,1.5069,-1.3135,4.6142,80.73,-0.1791,-1.8222,-0.6353,41.58,79.61,-0.9843,3348,A,standard,swing,east,0
1.7905,-2.2061,0.1217,0.3237,2.8802,67.18,0.7731,1.0633,1.9118,7.21,61.74,-0.0633,3708,A,,day,west,1
-0.2463,1.6918,-1.8901,-0.9454,5.9736,64.32,-1.5088,-1.6373,1.1215,22.21,69.2,1.7991,4943,D,standard,swing,east,0
-2.8509,2.6705,-2.0258,0.8169,,47.86,-1.2029,0.9545,0.4244,28.18,63.52,2.3657,5951,C,premium,day,east,1
-0.0218,-1.5861,0.106,0.848,5.2175,1.6,-0.6764,-0.0658,-0.0004,20.52,75.01,-1.1857,5585,C,economy,swing,west,0
1.8385,0.5952,0.8319,-0.4619,,86.15,0.8859,-1.4021,1.7904,56.14,57.41,-1.8747,8888,D,standard,night,east,1
-0.1643,,-0.8744,-0.5924,9.7934,37.71,-0.8567,0.5068,-1.0275,40.29,55.1,0.0384,6868,A,standard,swing,west,0
0.4962,0.9654,,-0.3264,7.3398,28.06,0.4773,-0.9708,-0.8694,7.07,60.97,-2.2952,5038,C,standard,night,east,0
-2.2867,1.4689,0.0488,-0.8305,1.9478,20.94,0.6894,-1.3135,-0.3237,12.29,63.51,-1.172,8735,C,standard,night,south,0
-1.0323,1.6976,-1.3689,-1.6211,4.599,,0.5118,-0.8708,-1.3813,12.9,54.96,0.7444,4541,A,economy,day,north,0
0.1464,-0.8013,-0.9539,0.2901,8.7559,64.51,0.2036,0.3129,0.4706,23.76,56.63,0.0286,2509,A,economy,day,south,0
0.7462,0.2834,-1.0646,0.0026,1.7856,78.86,-2.0199,-0.9471,-0.0127,12.03,79.32,1.1585,5997,A,standard,night,north,0
-1.145,0.9647,1.0344,-0.4171,1.534,44.1,-1.3024,0.7126,-0.9562,23.99,82.79,-0.2184,8773,D,standard,swing,west,1
-0.1229,-0.0682,2.2817,2.4987,2.1093,31.51,0.7924,0.3971,-1.3198,6.76,76.36,-0.6277,6454,A,economy,swing,,0
0.1015,-1.686,-0.358,1.0695,3.3308,72.23,2.4943,-1.0047,-0.6662,11.57,68.72,-0.3407,2418,D,standard,day,east,0
1.4303,1.8547,-0.1756,0.8531,3.1159,17.9,-0.0008,0.567,1.7735,10.43,77.36,-0.5731,2150,D,standard,day,south,1
0.0877,-0.4744,,-0.6497,4.9695,68.06,2.4366,-1.1625,-1.162,29.25,77.7,1.2824,3320,B,premium,night,north,0
-0.7277,0.2598,-1.4851,1.1784,2.8202,55.11,-0.2086,1.2346,-0.1396,28.7,68.05,1.1378,7357,C,standard,day,east,1
-0.4521,-0.3051,0.3452,0.6127,5.6788,85.43,0.8121,-1.8003,0.3693,15.34,62.2,1.7215,4761,A,premium,swing,west,0
0.2471,-1.7765,0.6323,1.2391,9.7865,25.7,1.5802,-0.8283,-0.4977,26.63,81.57,0.478,9144,B,standard,swing,east,0
-0.3106,-0.6123,-0.4366,0.4334,,88.34,-0.9348,-1.627,-0.9625,45.35,60.2,-0.7223,2069,C,standard,night,north,0
-1.1143,-0.9049,3.4258,0.362,1.0386,85.77,0.6779,-0.2491,0.3495,30.59,78.5,-1.2956,4770,C,standard,night,south,0
0.3738,0.3443,1.014,0.9267,4.7194,85.15,-1.1352,1.2086,-0.2598,19.87,66.21,-0.3933,6831,C,standard,swing,south,1
-0.1097,-0.395,-1.144,-0.5696,9.7571,36.46,-0.696,0.6996,0.0943,70.07,72.94,0.5727,9344,A,standard,swing,west,0
1.1651,-0.5177,-0.1523,-0.6768,4.7624,24.68,-1.7437,-0.9193,,29.31,86.05,-0.857,6314,D,standard,swing,south,1
1.4109,-0.8906,0.844,-1.2161,5.4939,57.95,0.5601,0.1662,-0.4926,16.33,64.38,-0.8311,1421,D,,swing,north,0
-1.3686,-2.338,0.413,-0.6878,9.0735,87.47,0.045,1.2128,-0.3036,13.02,59.56,-0.3333,4461,B,economy,night,south,0
-0.8352,1.6276,-0.3764,0.2386,0.3061,65.02,0.8738,-0.6859,-0.539,40.07,64.62,-0.007,6065,A,premium,day,east,0
-0.7297,-0.3842,0.6702,-0.4792,1.503,47.68,1.9172,-0.2947,-1.6498,39.7,68.97,-0.0382,2245,B,premium,swing,south,0
0.2263,0.3502,1.544,-1.8908,3.3586,,0.7186,-0.2217,-0.0333,29.58,67.53,-0.2553,5109,B,economy,day,south,0
-0.148,-0.7687,-0.954,0.8448,7.0933,,-0.329,0.6038,0.7512,16.78,70.92,-0.4545,9642,A,standard,day,east,0
-0.787,,0.6234,-0.0945,2.0219,68.83,-0.5823,0.7684,-0.5547,3.85,78.01,1.3914,8437,A,premium,day,north,0
0.1023,-0.5478,0.3827,-0.3521,5.093,45.66,-0.8406,-0.3264,-0.9806,19.44,54.58,-0.1652,1785,D,standard,day,west,0
-0.8337,-0.8086,1.1557,-0.4857,1.2224,31.81,-0.7526,1.2762,-1.4534,31.93,73.99,-0.4995,4516,D,standard,night,south,0
0.9296,1.2495,1.0125,0.6616,8.427,86.67,-1.6466,-0.7563,1.5589,18.42,71.36,-0.1508,9664,D,standard,day,south,0
2.203,-1.7907,0.6425,0.1874,0.9894,74.67,1.0029,0.6096,3.6891,45.83,76.7,-0.233,1680,A,standard,day,west,1
0.6405,1.4321,1.247,-0.0147,2.0967,,1.0586,-3.038,-0.829,15.63,65.35,-0.0537,5813,C,standard,night,north,0
-0.6054,-1.1179,0.9662,-0.4761,4.1814,15.62,-0.0152,1.1814,-0.8549,28.55,67.62,-0.7382,2407,D,standard,swing,east,0
1.0142,-1.1525,1.4977,-1.0384,8.8052,90.23,-0.1717,0.2344,0.8839,26.96,60.68,2.336,9756,D,economy,swing,north,0
0.693,-2.3451,0.3524,-0.6032,0.1567,,-0.5127,0.8153,2.0815,36.89,70.38,0.2103,6146,A,economy,day,south,1
1.3378,-0.9443,1.0126,-1.1609,1.2182,56.68,0.2852,0.2613,-1.261,23.68,72.99,-0.1442,3716,B,premium,night,north,0
0.6016,-1.2586,0.6706,-0.8124,,,0.57,1.305,0.335,40.04,69.81,0.8842,4758,B,premium,swing,south,0
-1.0598,-2.1272,-0.6143,-1.1466,9.8671,39.45,-0.3859,-1.6758,0.9658,21.23,84.0,2.1618,1043,D,economy,night,north,1
-0.5883,1.8403,-0.0391,-0.2498,5.4996,47.37,1.884,-0.7348,-2.2862,3.53,71.08,0.9882,1100,A,standard,day,south,1
-1.0823,-0.4546,-0.9044,-1.404,6.3264,40.49,0.2747,-0.8411,-1.8261,9.15,65.86,1.4663,9559,C,economy,swing,east,1
1.1136,2.1497,-0.8438,-2.2102,3.9605,68.07,0.4519,-0.7979,0.2831,5.16,59.98,1.4765,5023,D,standard,day,west,0
1.7384,-0.9006,0.6531,-1.4072,5.2721,33.89,-0.6349,-2.3542,0.359,14.55,56.64,-0.2981,1780,C,standard,night,north,1
0.758,0.5325,-0.2735,0.8994,0.4783,16.5,0.9156,1.2159,-0.2235,6.17,64.83,1.6488,2761,D,premium,night,north,0
0.3248,,-0.4609,0.5118,5.2814,18.71,-0.4141,0.7966,0.8798,19.36,87.57,-0.5916,1621,D,standard,swing,west,1
-1.4774,-0.1329,0.007,1.338,2.7419,65.12,0.4969,-0.6512,-0.1769,8.93,62.24,-1.4828,8681,A,standard,night,west,0
-2.2239,,1.7272,-1.0147,0.2784,50.18,0.4076,-1.1973,-0.654,10.53,80.27,-0.3362,9539,B,standard,day,south,0
-0.2391,-0.25,0.2499,-0.6833,4.1494,82.08,0.034,-0.829,,3.9,76.12,0.4068,4118,D,economy,night,south,0
-1.0743,-1.4287,,0.9786,2.5197,,-1.4972,1.1981,-0.3202,19.11,66.33,-0.0813,4945,C,premium,night,south,0
-0.4427,1.0614,-1.1726,-1.5709,,,0.888,1.4055,0.8901,29.05,63.28,2.4725,8608,A,economy,swing,east,0
-1.2619,-0.2039,-0.0318,-1.647,8.5724,65.63,-0.3872,-0.4824,0.7935,21.65,64.95,-0.0,8016,A,economy,swing,north,0
-0.579,,-0.2231,0.0148,5.31,17.2,-0.307,0.6617,0.2744,21.05,55.6,-0.0094,3637,B,standard,swing,south,0
-0.3673,-0.6944,0.4263,-0.4268,4.1094,50.2,-0.2027,-0.1187,-1.6837,11.19,57.38,0.3386,4983,D,standard,day,east,0
-1.1601,-0.8658,-0.9379,-1.3949,8.5457,36.22,1.7134,-0.0816,0.9486,22.9,61.0,-0.7628,4144,D,standard,swing,north,0
0.0023,1.3934,-0.6078,0.1385,6.3519,31.17,-1.8182,-0.6687,-0.7389,18.58,55.48,-0.3808,8006,B,standard,swing,east,1
0.1374,0.2781,-2.0776,0.2981,,68.07,0.3233,1.4041,1.4356,12.39,54.36,0.8826,5417,A,premium,swing,west,0
-0.4093,-0.8421,0.2761,-1.2954,6.6058,28.72,1.0009,0.1943,-1.6931,23.27,84.53,-1.3929,3428,A,premium,swing,north,0
0.0202,0.1156,-1.1887,-0.5056,2.5591,55.72,-1.2804,-0.4525,-0.3788,33.19,77.25,-0.6793,4906,B,standard,swing,east,0
1.3248,0.9403,-0.6727,1.5357,5.8666,15.5,-0.2811,-1.6892,0.3723,49.16,61.76,-1.8587,5607,B,economy,night,north,0
0.093,,0.598,1.3812,2.9548,47.73,-0.8285,-0.397,0.6932,20.0,71.19,0.3773,1781,D,economy,day,south,1
1.2276,-1.0925,0.6625,0.4834,4.2892,73.96,-0.5462,0.2729,1.4024,12.65,78.89,1.3716,6922,B,standard,swing,north,0
-0.4494,-1.2563,-1.2472,-0.0546,1.2716,79.2,-0.0632,0.2979,-1.5562,12.67,60.7,0.1396,7343,C,standard,day,east,0
1.0153,-0.583,0.2311,-1.4287,4.165,20.32,-0.5775,-2.4795,-0.0392,27.05,80.94,-2.4871,8758,B,,swing,north,0
0.0977,-1.6746,0.0201,-1.5556,6.6563,40.97,0.3562,-0.5524,1.0516,8.73,68.22,0.4487,2869,B,premium,swing,north,1
0.1159,-2.5636,0.8037,1.8988,4.6961,82.24,0.1374,1.9048,-0.4646,26.68,83.93,1.2943,8647,A,economy,night,north,1
0.3623,-0.4818,-0.9599,-0.3363,8.2424,67.3,1.2608,-1.1249,0.9897,18.92,61.91,0.6264,3819,C,standard,night,north,0
1.6643,-1.919,0.6215,-1.2655,6.7977,34.6,1.7203,1.401,1.0718,13.14,58.69,0.8954,4928,D,standard,day,west,0
-0.1335,0.6144,0.3476,0.3351,9.4973,49.32,2.5205,0.6072,-0.0764,7.63,74.88,-0.0628,1155,A,economy,day,east,0
-0.8565,0.2315,-0.8867,1.3906,,,-0.088,0.5875,-0.6362,4.91,73.92,0.5773,7190,D,economy,night,south,0
-0.6704,1.3223,0.5893,-1.0856,4.8785,58.58,-0.9868,-0.3152,0.2083,17.22,90.77,-0.3376,6993,C,economy,day,west,0
-0.4636,0.9087,0.2084,-0.7631,6.2758,60.8,-0.5177,-0.0653,,10.45,62.34,1.392,3315,B,economy,day,north,0
-1.5979,,0.4562,0.3595,,78.62,0.47,-0.6811,0.1274,12.87,42.41,1.7129,2800,C,premium,swing,north,0
-0.7247,,1.4167,1.3882,0.3786,36.74,0.9685,-0.8857,0.6193,3.58,38.46,0.1126,5901,D,,day,south,0
-1.581,1.4608,-2.7622,0.2556,0.934,63.15,-0.0915,2.0214,-0.6642,14.23,81.95,0.4159,6046,D,premium,night,east,0
0.5078,-1.6347,-0.1808,-1.602,3.6571,59.91,0.5196,0.6134,-1.3139,14.31,62.97,-0.7049,1513,B,premium,night,east,0
-2.4231,2.7537,-0.2782,-0.3877,4.7132,6.41,1.3151,-1.4568,-1.5669,21.92,71.92,0.024,7012,D,standard,swing,west,0
1.4801,-1.0279,-0.4118,-0.6423,3.7955,33.87,1.4636,0.1479,-0.0729,11.09,60.19,0.1311,3273,A,standard,day,north,0
0.4821,-0.0571,-0.3302,-0.4997,3.7514,82.49,0.1818,-0.6311,0.2266,15.0,61.59,0.1057,9763,C,premium,night,east,1
2.2274,-1.053,0.6686,-0.1825,7.7627,9.55,1.1965,0.5144,-0.5997,31.82,54.15,0.1126,3614,B,standard,day,west,1
-0.1728,0.4048,1.9562,-0.5831,7.783,47.45,-2.1014,0.6948,-0.4159,21.61,67.74,-0.2803,9892,B,standard,day,west,0
-0.3375,0.8355,,0.1771,5.753,51.49,0.2543,-0.404,1.8477,8.02,65.88,-0.7356,6072,A,economy,swing,east,0
0.8583,1.2385,0.8779,-1.6914,6.1143,8.37,-0.3383,0.9237,0.7413,66.4,80.48,0.3827,4329,B,standard,swing,east,1
0.0299,0.4113,0.3295,-0.0836,1.1586,,0.2421,-0.4178,-1.6575,16.74,63.72,-0.5239,5578,A,economy,day,north,0
-0.4213,,0.2099,-0.0331,6.8397,43.19,-1.7907,-0.8363,1.0734,27.23,67.28,0.8361,4770,A,standard,swing,west,0
1.5722,1.2407,-2.5019,1.5047,7.6891,60.87,-0.635,-2.0018,2.2623,15.84,59.32,-1.1187,4748,B,premium,night,west,1
-0.7816,1.4678,-0.0569,1.1269,6.4622,22.05,0.8599,0.4989,-1.3591,14.02,67.34,0.3412,3256,D,economy,day,west,1
-0.3716,-1.5483,-0.4533,-1.4756,3.1353,60.22,1.4411,-0.7564,-1.0621,11.24,87.05,0.9838,9038,A,standard,day,south,0
2.6198,-0.0746,0.0362,0.7387,4.7394,25.45,0.0163,0.7123,-1.3053,50.26,69.28,-0.2254,7201,D,premium,swing,north,0
-1.5069,-0.768,,-1.4584,2.9345,68.34,0.7959,1.9855,-0.0729,8.16,61.61,1.3379,3122,D,standard,day,west,0
0.5274,0.0715,0.1272,0.3019,4.3088,87.92,1.0653,0.1086,-0.0106,7.0,63.76,-0.5219,1723,D,standard,swing,south,0
-1.1005,-0.1658,2.7021,-0.5828,9.0297,52.03,0.6307,-1.0834,-1.054,21.98,68.29,0.1421,9295,D,standard,swing,west,0
0.0822,-0.5755,-1.0548,-1.0797,6.6265,25.09,-0.464,-1.0815,0.1878,23.4,85.34,1.2712,9079,C,economy,day,south,1
1.5842,,-0.377,-0.2001,1.2017,56.5,-1.2287,0.002,1.3198,7.37,74.15,0.9111,9199,B,standard,swing,east,0
1.4349,0.7944,-0.95,0.3594,7.2853,43.98,-0.4266,-1.8537,0.093,22.08,58.46,0.8035,6845,A,,night,east,0
0.4587,0.7427,0.201,0.6421,9.5668,68.41,-0.1822,0.3746,0.0221,42.19,75.54,0.4435,8116,C,standard,swing,west,0
0.6613,-0.7374,-0.5615,-0.7782,9.7956,43.54,-0.9504,-1.1241,-0.258,14.8,74.11,0.5573,5940,C,economy,day,north,1
0.0377,-1.3936,0.6023,-1.7655,1.2882,20.51,0.5164,-0.9349,-0.1937,6.94,27.2,-0.4181,2042,C,standard,swing,south,0
1.8623,-1.0699,-0.78,0.2277,9.3129,59.05,-0.0214,-0.6213,0.3132,30.16,73.5,-0.5621,9418,B,standard,swing,south,0
0.0016,2.493,-1.0294,1.0793,7.7904,69.72,2.2388,-0.0584,0.8847,25.5,63.19,0.6325,4326,D,standard,night,,0
-0.0306,,0.054,0.4957,1.9226,29.26,0.3703,-0.8846,-0.1101,9.54,83.9,-0.6874,2431,D,,day,north,1
0.2644,-0.5214,-0.2304,0.5085,,29.89,-2.2103,2.2082,-0.1936,12.63,64.18,-1.1328,9445,C,standard,night,north,0
0.4239,-1.1092,-0.7943,-0.7681,1.9361,50.69,1.3122,-0.5971,0.1703,21.11,78.87,0.1766,9836,B,economy,swing,west,0
-1.3596,,1.429,-0.5203,3.0213,,-2.3275,0.2133,-0.1126,17.23,59.84,-0.2425,4505,D,economy,swing,west,1
2.0244,0.1232,-1.4575,0.5568,4.2114,96.26,0.259,-0.3682,0.1468,9.39,86.32,0.2406,1965,A,standard,night,south,1
1.7661,-1.2617,1.0098,-0.7099,1.1971,,-1.7336,0.2823,-0.9748,10.48,76.87,-0.2401,7106,D,standard,day,west,0
-1.2862,-0.2426,-0.4339,1.0723,1.7515,32.78,1.0092,0.8172,1.295,24.76,51.26,0.4986,7357,D,standard,night,north,1
0.1205,0.8571,0.1241,-0.3446,0.4196,60.86,0.1106,0.8739,-2.0785,15.24,70.94,-1.7472,8996,C,standard,day,north,1
1.042,-0.0776,0.2631,-1.1534,7.9635,38.2,-0.0633,-1.0095,0.475,10.45,84.52,0.8764,6678,B,economy,swing,south,1
0.2655,1.7582,1.6487,-0.1647,9.9925,66.61,-0.2036,0.97,0.5604,6.26,66.34,-0.5019,9490,C,standard,night,north,0
-1.4848,0.0105,0.5932,2.3183,6.1048,50.43,1.1037,1.0968,-0.1379,9.23,73.82,1.7755,2617,D,standard,day,west,0
-0.7984,-0.0302,0.8381,0.0459,2.901,51.65,-0.7718,0.55,0.0668,38.35,65.75,-0.1996,8579,B,premium,day,south,0
-0.5115,-0.2597,-0.9136,-0.4549,7.5311,59.6,0.0821,1.1257,-0.5457,46.57,38.92,-0.0587,6588,D,economy,swing,south,1
1.1493,0.8934,0.8399,0.0171,9.168,15.03,-1.3139,2.4456,0.2706,22.59,72.77,1.3464,2431,A,economy,day,west,0
1.0283,-1.9294,-0.4648,0.9777,2.5975,65.14,0.0211,0.5753,-0.0679,20.97,79.9,0.7572,9188,D,economy,day,west,0
0.47,-1.2518,0.3824,-0.8599,8.0971,20.42,-0.1213,-0.7516,-0.6221,13.63,76.76,-0.844,8468,A,premium,swing,south,0
-0.5241,-1.9894,-0.9712,0.2769,6.7899,72.44,0.1002,1.2864,-1.3369,9.65,70.34,-0.2424,8854,B,premium,night,east,0
-0.3747,-0.8458,,1.4776,6.5362,,-0.2126,0.0243,-0.4741,31.76,55.3,1.2227,2707,B,standard,day,north,1
-1.6331,0.7379,0.5075,-1.7469,1.8735,43.42,0.2337,-0.675,,3.86,76.91,0.1577,3971,A,standard,swing,west,0
-0.7508,1.9904,-0.2273,-0.0842,4.3611,75.71,1.1861,0.5321,-1.5094,32.9,60.86,0.8364,5515,C,economy,swing,south,0
-0.1299,-0.1369,1.1204,-1.2096,1.2599,53.37,-1.162,0.5161,,17.32,65.2,1.9739,6552,D,standard,swing,south,0
-0.1057,1.1454,1.1841,0.6697,3.2405,24.22,-0.3718,-0.8372,1.4708,16.61,75.14,0.32,8893,B,standard,day,north,0
1.0453,1.5247,1.6697,1.6225,0.1157,43.56,-2.6087,0.1123,-0.5057,32.85,66.64,0.1284,1696,B,economy,swing,east,0
-0.6349,0.1239,0.4813,-1.1288,3.5823,18.2,0.0228,-0.2484,-1.2263,49.88,78.62,1.199,4192,C,standard,swing,south,0
-0.1163,-0.9686,0.5619,0.1753,2.5603,,0.2742,-0.7314,0.8677,23.62,68.35,0.1057,1899,D,premium,day,west,0
-2.1543,0.7953,0.2078,1.6493,9.2695,44.65,-0.0459,0.7896,-0.7867,6.58,74.24,-1.0831,8476,A,standard,day,west,0
0.7365,,,-0.2367,5.541,44.03,-0.3116,1.5306,2.8821,16.28,90.13,0.4445,4735,B,premium,day,north,1
0.5873,1.2557,0.7403,0.9049,6.2287,72.95,0.7827,0.5741,1.0758,47.26,50.12,-1.6289,6211,A,standard,swing,west,0
-1.0238,-1.2492,0.8883,-1.0738,5.0465,39.33,0.0425,1.5989,,4.88,58.47,1.3548,5362,B,standard,day,west,0
-0.1638,0.6778,1.2917,0.1714,6.4855,54.89,0.8225,1.0537,0.6199,10.37,63.28,-0.0903,1825,C,standard,swing,south,0
0.2989,-0.114,0.2772,0.5433,8.7685,92.31,0.5322,1.1933,-0.846,12.04,66.22,-0.1133,9650,A,standard,day,north,0
1.2386,-1.6787,-0.7787,-0.6169,5.5665,28.39,-0.9887,0.526,0.7958,10.66,85.73,-0.3612,7720,A,standard,day,,0
0.1625,1.7008,-0.9628,0.3649,0.3755,82.62,2.4276,1.1809,-0.4754,5.33,63.73,0.6475,7652,D,standard,swing,west,1
1.299,0.602,-1.9074,1.1218,5.5244,76.72,0.1921,1.1313,0.8903,18.06,61.84,1.2309,7550,D,economy,swing,west,1
0.0965,0.3504,1.3952,-0.404,2.1324,56.48,-0.1587,0.2333,1.2172,38.56,69.3,1.211,8557,A,standard,day,south,1
-0.147,-0.4789,-1.9071,-0.2559,3.2389,35.18,-0.217,0.7081,2.264,13.6,63.02,-1.7228,6301,D,standard,swing,west,1
-0.6673,0.5577,0.9124,-1.1954,3.7968,65.94,0.8449,-0.1777,-0.0591,2.18,65.61,0.2141,2284,A,standard,swing,east,0
0.0819,1.3009,,0.9184,3.3435,75.9,0.5199,0.1178,-0.1819,26.13,83.12,-1.001,4203,A,premium,swing,north,0
2.1769,1.6417,-1.2589,-0.2824,1.1185,48.3,-0.0837,-1.1411,1.3507,19.13,66.6,0.3408,3080,A,premium,day,west,0
1.1378,-0.3092,-0.2807,-0.3114,5.3128,,0.5971,1.8607,-0.863,11.67,59.65,-0.359,6409,D,economy,day,east,1
0.6503,0.253,,0.59,9.0711,,-1.0609,0.8054,-1.2853,14.21,74.78,-0.199,1228,A,economy,night,north,0
0.3749,-0.2676,0.1608,-1.1668,7.6987,50.8,-0.7943,0.2905,0.0535,9.57,73.5,-0.1986,5084,B,economy,day,south,0
0.9099,0.5189,0.8217,-0.4115,8.1465,,0.0167,0.8544,1.1561,20.75,77.65,1.3675,5820,B,standard,day,north,1
-0.6549,-0.7147,-0.1255,-0.5343,,48.46,-1.0976,-0.3682,-1.0892,31.8,72.06,-0.7066,1434,A,premium,day,east,0
-0.0312,-2.8346,-1.0168,1.7443,6.0622,36.83,0.037,2.0987,0.6912,34.68,67.17,-0.4766,4037,C,premium,day,south,0
-1.5191,0.8442,-0.4851,0.4107,0.8669,89.71,0.1205,1.3907,0.5412,9.78,66.28,0.5155,1258,D,premium,day,south,0
0.9387,-1.0595,-0.6597,0.0476,6.3456,17.49,-0.4481,-0.1812,-0.7819,4.01,67.43,-1.4949,8147,C,,night,south,0
-0.8558,0.8661,-0.5986,0.9825,5.8988,81.97,0.424,0.4506,-1.3503,22.33,65.33,-0.3789,8150,D,economy,night,west,1
0.2438,0.085,-0.3203,0.1294,6.3588,36.27,0.3782,1.4845,,14.45,56.68,-0.4155,6488,B,,swing,north,0
0.6394,-0.4502,,-1.8483,0.1382,27.08,-0.9782,2.0587,,25.76,60.08,-0.1852,2209,B,premium,swing,west,0
0.4662,-0.2089,-0.1848,-1.9336,1.6643,38.83,-0.4242,-0.3916,-0.1785,17.58,75.92,-1.8808,8134,B,standard,day,south,0
0.7553,1.0683,1.4352,-0.1355,4.4598,66.2,0.1678,0.3782,0.1903,21.37,78.27,-0.5491,5496,A,standard,day,south,1
-0.9911,0.4615,1.1261,-0.1939,9.0751,,0.5062,0.9565,-0.0141,23.45,60.03,-0.2574,9030,B,standard,day,east,0
-0.3131,-0.4613,-1.1542,-1.5411,4.2577,52.57,-0.3078,-2.8435,0.6932,19.12,75.5,-1.0062,5948,B,economy,swing,east,0
1.4278,-1.0432,0.3508,0.0992,0.3861,65.68,0.7727,0.0429,1.2702,27.24,72.19,0.3459,6730,A,standard,swing,west,1
-1.8122,,,0.5794,0.2691,24.25,1.1176,-0.0393,-0.7366,2.61,74.19,0.6406,1519,D,standard,swing,west,0
0.368,-1.2799,-0.5248,-0.9998,5.4243,75.89,0.997,-1.2889,-0.2837,19.56,57.66,-0.9779,8086,D,standard,day,west,0
-0.7728,-0.0867,-0.9375,0.0736,2.124,72.6,-1.8137,0.6055,0.5185,10.77,71.56,-0.1374,2284,C,economy,night,north,0
1.658,0.1674,-0.5431,-0.6673,1.0059,40.28,-0.5977,-0.1113,0.914,5.99,72.67,-0.5808,4970,A,premium,day,east,0
-0.1714,3.5763,-0.6696,-0.1518,3.9331,54.13,-0.4135,-0.7501,0.3978,15.49,72.03,1.7164,8260,A,economy,day,south,0
1.196,1.7231,1.3949,1.8573,5.3196,17.21,-0.3802,0.6271,0.7048,18.79,65.17,0.7069,4174,A,standard,swing,south,1
-0.1373,-1.3131,0.2064,-1.0155,5.34,14.97,-0.7084,-0.0124,0.3774,40.48,54.59,0.0825,9074,A,premium,night,north,1
-0.585,-0.1029,0.0213,1.0622,0.897,22.71,0.4387,-1.926,-1.6799,8.77,81.72,-1.1158,6379,A,economy,swing,west,0
-0.6333,0.1227,0.056,-1.1788,5.7552,64.16,0.3943,1.0063,-1.2185,9.44,88.0,-0.587,1475,C,premium,swing,east,0
-0.296,2.1601,0.7732,0.1936,7.2992,84.83,-0.2943,-0.5197,-0.1257,21.49,62.01,-0.7304,1060,B,economy,day,south,1
0.8591,2.1543,0.3635,-1.443,4.8837,30.58,0.0803,1.643,-1.5231,23.37,75.86,0.8197,8017,D,premium,night,west,1
-0.5814,-1.0322,-1.2013,-0.7202,2.3249,37.93,0.5006,0.8271,-0.2194,4.99,69.68,-1.1435,7333,A,premium,day,west,1
0.1781,0.1211,1.7058,0.187,4.9883,45.43,-1.0252,0.1068,0.4628,26.84,63.52,-1.2045,1263,B,standard,day,south,0
-1.2363,1.1115,1.7504,-0.3109,3.1831,67.75,-1.2136,-0.145,0.2902,28.81,65.2,-0.4681,7619,D,standard,day,south,0
1.1128,1.2215,0.7026,-0.8861,9.9039,70.39,-1.6168,-0.8618,1.4078,10.48,77.85,-1.2598,7408,B,premium,swing,south,0
-0.7706,1.7068,-0.2194,0.1726,4.2796,46.89,0.9732,0.7345,1.091,35.28,79.67,0.0124,5403,A,premium,swing,east,0
0.9308,,1.3996,2.335,9.2024,24.84,-1.1942,0.2908,0.5502,17.91,78.0,0.2631,6792,A,standard,night,west,1
0.8242,0.15,1.3897,0.6082,0.4054,45.66,-1.0579,-0.119,-0.7213,6.27,73.45,-0.5058,9059,C,economy,night,south,0
0.2149,0.4303,0.3061,0.9112,8.0683,48.91,0.6213,0.4096,0.8839,17.15,61.92,-0.8071,3956,B,economy,swing,west,0
-0.2187,-0.9528,0.1643,0.4991,2.3987,30.08,1.1214,-0.0269,0.5066,42.64,73.73,0.0748,6938,C,economy,swing,west,0
-0.3382,-2.4362,0.8736,-1.3351,7.562,44.97,1.1665,-1.6379,0.9959,40.64,82.84,-1.3267,1887,C,premium,night,south,1
1.6895,-1.9161,-0.6821,-0.5121,9.6928,36.18,0.4725,1.0901,0.1713,5.79,62.17,1.9223,6429,A,economy,day,north,0
-1.7102,0.3582,-0.0435,0.7349,9.67,87.85,0.9186,-0.0422,-0.7329,12.69,60.28,-0.6934,7367,A,standard,day,north,0
-0.3345,,0.6339,-0.8498,6.8695,35.08,-1.3788,-1.7702,1.8686,31.94,64.8,-1.5415,9930,D,standard,day,south,1
-0.3983,-0.7358,-0.4888,-0.8173,6.3434,54.99,-0.7484,-1.261,0.2329,26.44,70.46,-0.2032,6890,B,standard,swing,,0
1.7062,0.6426,-0.5139,0.2981,7.8494,11.94,0.2799,0.3445,0.8332,1.82,62.91,0.9746,4913,C,standard,swing,west,0
0.3728,-1.1633,-0.1587,0.0572,7.7854,59.77,-0.4011,0.9051,0.4932,2.4,74.24,0.028,5470,A,economy,night,north,0
0.5702,1.4983,0.0724,0.4863,5.2393,39.77,-0.4984,1.0615,-1.7796,14.2,79.09,0.8259,5767,B,standard,night,north,0
-0.4812,-1.4735,2.1701,-0.7678,5.9418,52.68,1.0689,-0.3487,-1.3488,22.84,66.61,0.6622,9950,A,premium,day,north,1
-0.6635,0.7487,-0.097,0.1221,3.6112,50.9,-0.18,-0.966,-1.3454,6.48,81.75,1.139,9523,D,premium,swing,east,1
1.7892,0.4514,-0.8572,0.3378,3.7143,91.71,0.6849,-0.4259,0.2338,17.76,61.59,-2.0161,2579,A,economy,day,east,0
-0.9176,0.3699,-1.9881,0.9604,7.6616,29.18,-0.323,1.03,-1.4097,10.8,74.05,-2.6641,5161,A,standard,day,west,0
1.6243,0.1175,-0.1727,-0.5929,2.4883,39.97,0.6847,0.6185,0.5826,23.82,56.96,-0.2412,8944,B,standard,night,north,0
-1.1072,-0.0478,0.0141,-1.2921,0.8242,67.88,-1.6807,-1.0098,1.0766,21.77,63.93,0.5601,2621,A,premium,night,north,0
-0.7395,-0.3706,1.6288,-1.4737,3.9568,37.09,1.181,0.2651,0.8972,10.77,69.16,0.647,2036,C,standard,day,north,1
0.7082,0.8405,-0.1532,-1.791,1.9977,43.35,0.7612,-1.1954,1.4108,19.18,84.84,0.3815,8511,A,economy,day,north,1
-0.5581,-1.6299,-0.3217,-0.4246,1.5886,44.17,0.311,1.0961,0.0916,28.39,82.58,-0.8299,6470,C,standard,swing,east,0
0.4258,-0.4846,0.4365,0.1343,9.685,58.49,0.5219,-2.2711,-1.7783,14.33,78.32,-1.1718,5234,D,standard,swing,west,0
1.3139,-0.1109,-0.3105,0.2721,8.0168,24.55,0.4138,-0.474,0.5049,13.73,42.65,-0.5591,2947,C,premium,day,west,1
-0.5733,-1.5682,0.0735,-0.8159,1.2051,61.01,-2.2744,-1.3792,0.265,30.78,73.12,-1.0204,2798,B,premium,swing,south,1
-2.6711,-0.8093,0.2914,0.5711,8.2793,75.29,0.5502,-0.3806,-0.6555,22.6,76.86,-0.6762,6748,B,,swing,east,0
0.7512,0.5747,1.0026,0.2303,6.2673,9.72,0.6866,-0.5078,,4.0,66.92,0.8527,5894,B,standard,day,west,0
1.6158,-0.4339,1.6576,-1.0258,6.5775,,0.0793,0.0867,-1.3852,39.26,59.99,0.1947,6903,A,standard,swing,south,0
0.808,1.1299,-0.2519,0.2901,9.6761,84.41,1.6627,-0.3452,0.4707,16.63,72.01,-0.0707,2102,C,,night,south,0
-2.22,-1.4647,-0.1463,-0.5745,0.6807,35.84,0.1831,2.4075,-1.401,14.45,79.08,-0.0897,3394,D,economy,day,east,0
-0.6686,-0.4351,0.5005,-0.1645,5.0482,51.82,-0.6274,0.1982,-1.4704,18.0,76.83,-1.064,3894,D,premium,day,east,0
0.4437,-0.0372,0.1531,-0.0033,5.7115,,1.0272,-0.4272,2.0453,7.73,77.39,0.732,2778,D,economy,day,west,0
-1.6053,-2.1457,-0.55,-0.674,4.7701,45.17,1.0829,-0.3989,-2.5484,15.11,72.69,-0.1066,5087,A,standard,swing,south,1
0.6323,0.1236,,0.0328,5.7731,88.0,-1.7043,-0.711,0.6948,8.23,80.73,-0.1766,7545,C,standard,swing,north,1
0.371,0.4524,,-0.592,9.9275,43.76,0.5798,-0.7794,,11.68,56.34,-1.2074,9769,B,economy,day,north,1
-0.8431,-0.7672,1.2767,0.2562,,48.51,-0.3008,-1.1181,-0.985,17.1,71.83,0.8519,5250,B,standard,day,west,0
-0.6379,0.2499,-0.8339,-0.2145,0.6947,75.31,-0.7166,-1.2788,-0.3449,16.64,71.39,-0.3325,1114,B,economy,night,south,1
0.4103,-1.7863,-0.5683,0.62,4.4385,58.54,0.7541,-0.6129,0.1883,24.25,68.7,-0.1613,6930,A,standard,night,west,1
-0.4537,-1.3183,1.2038,-0.7848,4.7253,56.3,-1.2809,-0.0351,0.7981,18.34,60.81,-0.707,7727,D,standard,swing,west,0
0.8209,,-1.596,-1.2204,8.7119,69.23,1.1709,-0.9602,2.0068,5.39,91.65,-1.0211,6471,B,standard,day,,0
0.2062,-0.74,-0.2613,-2.4632,9.265,78.03,-1.2926,1.6943,,10.47,71.43,-1.2638,5060,A,standard,swing,south,0
0.8571,-2.1453,-1.5185,0.4502,4.4802,29.34,0.0357,-0.2986,0.5877,9.71,76.4,0.0877,6571,C,standard,day,west,0
1.2854,,0.5115,-0.2386,0.6263,48.88,-0.2701,-0.1195,-1.4697,2.52,78.3,-1.9646,6624,D,standard,swing,north,0
0.5083,-1.0639,1.2907,0.1033,1.0155,,0.5064,0.6775,-1.0775,19.51,82.63,0.5657,9637,A,standard,swing,west,0
-0.2086,-0.2757,-0.6569,-1.7275,2.006,38.02,0.7766,-0.5292,0.1506,12.59,69.36,-0.8776,6288,C,premium,night,south,0
-0.5808,-0.3682,-0.9207,0.3349,6.1853,11.93,-0.3806,-0.6891,0.6869,20.75,72.58,-1.6438,5673,D,standard,night,east,0
0.844,2.832,0.1818,-1.2109,1.4068,46.18,0.0354,1.3439,1.8168,23.97,77.12,1.9622,9945,C,premium,night,east,0
0.0173,1.5759,,0.6603,7.3144,21.11,-1.4341,-1.0125,0.4268,11.37,57.06,0.386,6738,C,premium,day,east,0
-0.842,-0.7109,-2.3276,0.3619,8.0754,26.25,-0.3618,0.2497,0.878,18.12,61.57,0.4849,1076,D,,day,west,1
0.4973,0.9441,0.1737,-0.3366,1.4471,,0.4521,0.5862,-0.6057,10.98,57.95,0.3639,1187,D,premium,day,south,1
-0.6079,0.5161,,1.1617,1.9951,83.31,-1.0604,0.1057,-0.0191,41.31,50.78,0.8509,8357,A,premium,day,south,0
-0.3218,0.93,1.1144,1.6234,4.9833,9.89,0.0968,-1.5813,-0.0004,19.63,71.17,0.0786,2311,D,economy,day,south,1
-0.6336,-0.3191,-0.0567,-0.1596,2.92,67.11,-0.1377,0.8062,-2.4082,21.66,64.72,-2.4,2484,C,standard,day,north,1
0.9687,-0.8656,0.39,0.8563,0.6703,50.64,0.0953,0.5917,-0.763,21.27,74.79,-1.8714,2309,D,standard,day,south,0
-0.8672,2.5638,0.773,-1.0059,3.2715,15.92,-0.048,-1.2656,0.747,6.57,69.95,0.2233,3204,B,standard,day,north,0
-0.0996,2.1899,-0.5027,0.82,2.5438,11.9,-0.3006,-0.6073,0.897,22.57,60.98,0.4307,1521,A,premium,day,west,1
-1.4283,-1.7665,-1.3826,-0.9004,7.6602,,0.1821,-0.3961,-0.3597,10.51,56.15,1.1331,2441,D,standard,swing,north,1
-0.626,,0.117,0.2521,9.6107,65.41,-0.3356,-1.0847,-3.1583,27.12,77.23,-0.0162,7542,D,economy,swing,north,0
-1.4912,-0.3101,-0.6141,-0.2148,4.4072,27.73,0.2709,-1.5167,-0.5137,18.97,78.6,1.1377,6822,C,,day,east,0
0.0653,2.1153,0.4102,-1.2137,5.8984,27.46,-0.043,-1.2554,,14.29,57.43,-0.7095,6732,D,economy,day,north,0
-0.3906,1.5349,2.0008,-0.2801,6.7682,18.35,-1.7995,0.3214,2.3671,23.53,52.08,-0.2975,8641,A,premium,swing,west,0
0.0815,1.6999,,-0.4811,4.6841,15.09,1.7578,0.342,0.8135,9.91,87.27,-1.198,4264,A,standard,day,north,0
-0.4211,-0.4182,0.5774,0.3736,8.4847,20.21,0.3538,-3.1017,-0.6151,46.5,55.3,0.2241,5859,C,economy,day,west,0
0.1308,0.747,1.2887,0.0409,4.6887,36.3,-1.2192,1.0173,0.1282,6.77,68.35,-0.1639,5389,B,economy,swing,,1
-0.1694,-0.8484,0.3426,-0.9592,7.5022,30.07,1.4865,-1.3239,-1.3049,16.3,57.17,-1.7567,2548,B,economy,day,west,1
-0.4882,0.6525,-1.9558,0.132,1.5304,37.68,-0.0067,-0.3242,0.5591,17.06,67.62,1.13,9598,D,standard,day,,0
1.9281,,-0.9728,-0.461,8.0305,41.64,2.6972,1.2129,0.93,12.72,75.99,-0.6527,7397,A,premium,swing,east,0
0.645,-1.38,-1.3857,-0.6281,6.4234,54.3,-0.526,0.796,-0.0844,17.46,49.44,1.0025,4181,D,economy,day,north,0
-0.0489,-1.8986,-1.2717,-0.8529,,73.78,0.4425,-0.3161,-1.0854,68.29,63.94,0.1043,3804,B,premium,day,west,1
0.4396,-0.838,1.3434,-0.9006,0.35,62.19,-0.7381,-0.2556,1.0597,21.3,66.11,0.0845,9232,C,economy,day,east,0
0.7027,-0.1237,-0.2444,-1.2093,5.4216,48.56,-0.0404,0.2832,0.8013,5.64,85.09,0.3225,4738,A,,night,north,1
0.467,-0.1165,0.8805,1.4916,,41.01,-1.9596,-1.495,-2.2612,9.38,67.06,-0.8762,7942,B,economy,day,north,1
-0.8377,-0.1516,1.1828,-0.629,2.7532,57.27,-0.464,1.1652,0.5667,13.27,59.69,-0.8867,9036,C,economy,day,north,0
-0.9795,0.532,0.2325,0.3162,5.205,69.56,0.3406,0.5655,-0.6817,17.95,78.89,-0.2994,9480,B,premium,swing,south,1
-0.3222,-2.2233,-0.9878,-1.2579,3.3311,14.25,-0.2176,-1.4429,-0.644,19.46,82.64,-0.1332,5300,C,standard,swing,north,0
1.7552,,0.1856,-2.3589,7.3893,52.95,-1.5847,-1.153,0.074,34.56,77.02,1.149,2473,B,standard,swing,west,0
-0.0345,0.3077,-1.1616,-0.6301,6.8807,22.54,-2.0328,1.877,1.6552,15.69,66.07,-0.3209,1913,B,premium,day,north,1
0.9416,2.9599,-1.985,0.0976,4.8304,75.41,0.0831,0.5253,1.2586,13.8,51.11,0.5546,7086,D,standard,swing,south,1
-0.2106,-1.5431,-0.2254,0.9181,0.684,18.94,-0.3789,0.2762,-0.0181,18.49,63.82,-1.9983,5021,B,economy,night,south,1
-0.208,0.2624,,-1.3024,8.5071,78.21,1.7325,0.8295,-0.5812,46.97,41.54,-0.8856,1933,A,premium,day,west,0
-0.1373,-0.8811,-0.9205,-0.207,9.4861,80.75,0.1449,0.405,-1.609,22.03,56.14,0.6066,7249,B,standard,day,north,0
2.2533,-0.3686,-1.6383,-0.1667,7.361,68.78,-1.2769,1.4015,0.5062,25.32,71.17,1.5036,8566,B,standard,swing,south,1
2.4824,0.7543,0.4576,-1.6059,7.0677,20.71,0.6854,-0.3087,,18.51,74.41,-0.031,8456,B,premium,swing,north,0
-0.4479,0.9406,-0.1382,-0.0939,3.9261,16.0,1.3899,-0.0497,-1.5424,8.64,69.59,-0.309,2590,C,premium,swing,south,0
-0.419,0.1211,1.9434,0.5646,3.6832,64.73,0.1945,0.0017,-0.6749,12.17,64.79,0.738,4715,B,premium,swing,south,0
0.5695,0.2869,0.176,0.9259,7.7349,24.33,0.7751,-0.1828,0.4567,11.87,64.97,0.6028,7088,C,standard,day,,0
-0.0422,0.6525,1.9396,-0.717,5.2167,71.75,-1.1699,0.1763,-2.032,10.68,63.03,-0.1943,6281,B,standard,day,north,0
0.3715,-0.789,-0.3069,1.1516,1.3482,69.32,-1.0128,-1.0292,-1.3683,7.9,55.89,2.2677,8098,A,,swing,south,1
1.9408,0.2038,0.6267,-0.6616,9.5922,55.84,0.3253,0.9322,-0.21,30.42,60.5,-0.1593,6206,C,standard,swing,south,0
-1.0419,0.2796,1.2127,0.5584,2.9279,52.58,-0.8521,-0.3317,-2.0874,10.78,81.39,1.1495,5239,D,premium,swing,west,0
0.919,-1.912,-2.2537,1.9529,4.1447,11.36,1.5745,0.6929,-0.2422,14.45,58.98,-0.474,2343,B,premium,swing,south,0
-0.342,-0.3899,1.7374,-0.806,6.106,60.14,0.3628,-1.0861,0.5519,31.48,69.01,1.3794,4211,D,standard,night,north,0
-0.6477,-1.0923,0.6647,-0.2281,5.554,46.94,-0.6954,0.6989,-0.4709,5.18,72.83,-2.7532,3893,B,economy,swing,west,0
0.1206,0.6462,0.6943,-0.9448,1.3998,54.41,-0.5359,0.0547,-1.1577,16.4,68.49,-1.1963,3777,A,standard,day,west,0
-0.1624,0.4694,0.5804,0.218,6.6227,50.86,-0.4672,-0.6854,0.4416,33.81,58.34,-0.4509,9462,A,economy,swing,north,0
-0.0164,1.2334,-0.6711,-1.0179,0.0992,40.9,1.4677,-0.239,-1.1368,16.6,76.36,0.1608,3586,C,,swing,west,0
-0.2787,-0.7588,-2.3384,0.687,8.6641,75.9,-0.5976,1.0171,0.6071,28.62,68.96,-0.259,1762,B,standard,night,south,0
-0.373,-0.4242,0.8352,0.2897,6.5204,25.65,-0.5089,0.8569,2.1129,14.36,63.39,0.3564,5324,C,,day,east,1
0.412,-1.4708,1.3046,0.7604,1.6818,76.76,-0.702,-0.4273,0.5111,8.44,74.51,-0.5185,1037,C,economy,night,,0
0.587,1.378,0.2088,-0.0861,3.0692,75.61,1.1209,-1.5316,-1.5189,10.23,55.81,0.5598,9959,C,premium,night,west,0
-0.4044,-0.47,-0.8521,-0.0524,9.8358,24.52,0.2877,-0.1058,-0.9204,25.83,67.49,-0.9787,2958,C,standard,day,north,0
-0.5,0.8462,0.5621,0.4553,4.6803,,-1.7322,-0.2188,0.5464,8.57,67.63,-2.1482,2856,A,premium,day,south,1
-0.6473,0.389,,1.0925,3.7177,30.59,2.3303,0.7284,1.4237,44.99,62.52,-0.3291,3514,A,standard,swing,east,0
-0.1303,-1.1804,-0.0552,-0.1443,7.9884,60.4,0.6315,-0.6518,0.0459,16.27,69.51,-1.1252,3652,D,economy,night,west,0
-0.194,-2.6373,-1.4926,-0.0947,8.2163,5.93,0.3539,-1.5579,1.7482,10.65,58.17,1.1191,9462,B,standard,swing,north,1
-0.0507,-1.2732,0.0658,-0.2193,5.4761,45.76,-0.6229,-0.1781,-2.7178,4.41,79.6,0.0787,9385,A,premium,day,north,0
-0.0149,-2.3329,0.4053,-1.577,3.9649,62.33,-0.0317,-1.7792,-0.6458,11.06,78.18,1.1339,3813,A,economy,swing,south,0
0.519,0.0324,-0.2272,-0.7308,3.3249,59.77,-1.0951,0.4989,2.8506,35.55,76.97,-0.064,6946,D,standard,swing,west,0
-0.8183,1.2283,-0.7754,0.6211,1.3805,51.12,-0.3584,0.5922,-2.296,20.58,67.83,-0.0092,4844,B,,night,west,0
0.5152,1.004,1.1195,-0.8479,7.1244,30.22,0.3603,0.6547,-0.877,11.52,70.43,-1.7683,3881,A,standard,day,south,1
0.1519,-2.1361,-0.8657,1.31,0.3041,61.35,1.0003,-0.0436,0.0244,26.98,55.78,1.2529,5774,A,economy,day,west,0
2.3035,0.2473,-0.5891,-0.3652,5.772,66.31,-1.1759,1.4027,1.9294,35.1,64.28,-1.3963,2084,C,economy,night,west,1
-0.6878,-0.502,-0.3821,-2.3732,4.6905,60.38,0.5586,-0.4366,0.3471,21.59,70.2,0.2723,5474,A,standard,swing,east,0
0.3399,0.5219,-0.4377,1.2996,2.7695,58.18,-0.2556,-0.2028,-0.3972,10.67,77.26,0.2961,8479,D,economy,swing,west,0
0.7205,0.3356,-0.3435,-0.2171,4.1676,32.97,0.3021,1.9516,,14.71,66.05,0.3189,1348,C,standard,swing,south,0
-0.4545,2.1717,-0.8717,1.0875,0.665,52.14,-0.4155,-0.4423,1.9297,72.28,75.56,0.4456,2618,B,economy,night,north,1
0.0803,,1.0666,0.3428,6.7307,72.22,-1.3659,1.7017,1.7528,18.22,77.62,1.1319,1348,C,premium,day,east,0
1.0239,-0.0586,-3.3438,-1.4315,4.8961,82.33,-1.5393,0.2175,0.7088,29.76,75.56,1.3097,2843,B,standard,swing,north,1
-1.3736,0.7432,-0.9973,-0.3294,4.7489,63.94,0.4031,1.6658,-0.8299,40.32,72.35,-1.1492,7465,B,standard,night,north,1
-0.1555,-1.5302,1.7877,1.3074,3.9799,,-0.3277,-0.4592,-0.2354,23.64,74.83,0.7724,3388,C,standard,swing,east,0
0.6796,-0.1256,0.6507,1.589,8.8408,38.0,-1.8521,0.495,0.7386,29.95,64.31,-0.5166,5399,D,premium,day,,1
2.6371,-1.5244,-0.3934,1.2014,3.2794,58.48,-0.7008,-0.9655,0.1808,4.2,75.88,-0.9293,8007,C,standard,swing,north,0
-0.0601,0.4463,-1.0442,-0.0566,7.0975,57.28,0.7188,1.8629,0.7508,6.45,80.63,0.6641,3763,A,economy,swing,north,1
-0.8896,-1.0604,-0.1144,0.181,6.29,79.51,1.5701,0.1756,-1.7837,3.54,53.36,0.7664,2385,C,economy,night,east,1
-1.0131,-0.3296,0.9429,-1.4064,3.6943,42.1,-0.8736,-1.0438,-0.4087,19.71,62.32,0.0342,7332,C,standard,day,south,0
-1.2598,1.692,0.5675,0.0608,0.8323,30.04,-0.1316,-0.1347,-0.0968,13.5,72.64,-0.0712,1185,A,standard,swing,east,0
3.0078,0.9476,1.1581,1.5943,0.2779,79.26,-0.6707,-0.9518,2.1231,17.29,53.32,2.7358,1482,A,premium,swing,east,0
-0.9587,0.6691,-2.7381,-0.2893,3.8726,94.13,-1.715,0.4128,-0.8032,23.58,72.33,0.7476,2304,D,economy,day,east,0
-1.3467,1.4468,1.0882,0.5438,4.7099,29.2,1.0794,0.1431,-1.5572,17.71,69.28,-1.1541,6401,C,standard,swing,north,0
1.4867,1.5878,0.6523,1.5191,7.2777,49.81,-1.3901,0.3178,0.9431,17.57,75.57,-0.4178,2596,A,economy,swing,north,0
-1.7323,0.2117,-0.0882,-0.6513,7.9292,57.88,0.7747,0.4181,-0.4206,13.26,49.47,-0.2222,7372,C,premium,day,north,0
0.1511,0.7984,-0.6485,-0.5132,2.7087,78.58,-1.212,1.0173,-0.7822,17.34,68.33,1.1838,6234,B,economy,swing,north,0
-0.1164,-2.17,0.3897,1.3135,1.1682,52.02,-0.5295,-2.3117,-0.3168,17.95,66.06,0.1899,3598,A,economy,day,east,0
0.2497,1.6351,0.1057,1.7814,1.2161,20.38,0.0383,-0.1409,3.1394,34.63,74.6,0.9525,9602,D,premium,night,east,1
-1.1043,-1.9513,0.2944,-2.2047,9.2342,63.91,0.2859,0.1034,-2.531,10.88,54.92,0.4283,3826,D,economy,swing,north,0
-0.4935,,-1.2961,0.524,4.6969,49.27,-0.8747,-1.3997,-1.3282,18.41,70.23,-0.5475,8784,C,standard,swing,north,0
0.6872,-0.8066,1.9354,0.1688,0.6754,53.12,-0.6577,0.8717,-0.8755,12.46,49.58,-0.0813,5479,B,premium,day,west,0
0.4055,-0.5607,0.8184,0.0969,9.1225,22.51,-0.6477,0.2099,0.29,8.27,65.2,-2.0346,3900,A,standard,swing,east,1
-1.1401,0.4096,0.9028,0.9914,9.3472,44.88,0.0057,0.0106,-0.3426,16.48,53.68,0.175,5109,B,premium,swing,south,0
0.8338,-0.9581,0.1746,-0.7962,5.6437,79.93,0.2263,0.9238,1.8428,33.1,68.46,0.45,9048,D,standard,day,east,1
0.007,-0.2085,-0.486,-0.7918,2.859,36.8,-0.1559,0.4137,0.4449,22.43,52.75,-0.7092,8804,A,premium,swing,north,0
-1.0071,-2.3053,-0.5947,-0.161,8.7015,48.95,-1.2174,0.4413,-0.7193,20.74,86.62,1.1401,7480,B,economy,swing,east,0
-0.487,0.7449,0.3095,1.9863,3.3461,43.58,-0.3224,-0.054,0.6273,40.59,63.14,-1.1424,1919,A,standard,night,west,0
0.3037,0.1105,,1.0063,7.1725,36.98,-2.4227,-1.0243,0.8456,27.34,53.49,0.9634,2863,D,standard,night,east,1
1.2074,-0.575,0.0605,1.2145,9.8869,48.01,1.1853,0.6597,0.7305,4.42,67.66,-0.6079,2480,A,standard,swing,west,0
0.7938,0.3222,-0.1345,0.2042,3.2859,57.32,-0.4382,-0.8682,1.2262,8.41,61.11,0.7407,4600,C,standard,swing,east,1
1.358,-0.5822,0.4803,-1.3372,0.911,19.0,0.68,-1.8716,0.3284,13.15,52.93,-0.2215,6430,D,standard,swing,south,1
-0.4265,0.2966,,-0.2261,6.0866,65.8,-0.1038,0.1397,,28.0,72.79,0.5459,1544,B,standard,swing,east,1
-0.0016,0.8791,1.1345,-0.5253,7.0327,19.99,1.3874,2.3516,0.2363,16.2,77.88,-0.5302,1090,D,standard,night,south,0
0.3046,0.8519,1.1448,-0.2957,2.7437,17.52,-0.5493,0.8168,-0.7322,22.28,71.96,-0.2644,4051,A,,night,west,0
1.0033,0.3849,0.0447,-0.8862,8.376,58.86,0.12,-0.0165,-1.5659,16.13,79.84,-0.3217,4999,C,economy,day,east,0
1.2531,1.269,,-1.5469,5.8726,57.98,0.8756,0.9958,0.1443,12.34,79.35,0.5709,7095,A,standard,swing,south,0
-0.2565,-1.7928,-0.1181,0.5804,2.405,,0.3075,0.2247,-0.5329,47.06,79.99,0.5016,8045,B,economy,swing,north,1
-0.9442,-1.6752,-1.9389,-0.7205,6.362,78.23,1.8906,-0.3738,1.2273,27.66,88.34,-0.16,8542,B,economy,day,west,1
-0.1035,-1.5928,1.5493,-0.044,,12.67,0.5304,1.5329,1.0548,8.68,80.75,-0.8578,5722,B,standard,day,south,0
1.2881,-0.8735,1.1307,1.5002,2.1047,40.02,1.0902,-0.8153,,6.12,69.0,-0.026,4255,A,standard,day,west,0
0.3477,-0.6759,1.0086,0.099,9.4194,56.28,-0.0009,1.0601,2.5217,5.04,46.56,1.0407,1508,B,standard,night,east,0
0.7288,0.1144,,0.5166,7.4858,62.0,-2.3753,0.0154,0.6009,28.72,65.32,-0.4303,7221,A,standard,day,west,0
-1.199,0.361,,-2.1256,3.6384,11.48,-0.0416,-0.365,-0.554,35.77,68.78,-0.6959,2707,C,economy,night,south,0
2.0822,-1.3565,1.5077,-0.1839,4.7995,68.25,0.2377,-0.4795,-0.3607,23.46,57.27,0.1457,9452,B,economy,night,,0
0.502,-0.7525,-1.2041,0.4566,,42.31,-1.0545,-1.6869,1.3088,7.6,60.22,0.0927,9660,A,standard,day,west,1
0.41,,0.3925,-1.1092,4.2197,15.26,0.4768,1.5367,2.2438,14.88,64.62,1.1278,5634,A,economy,swing,,1
-0.7228,-0.7315,1.6463,-1.1851,9.3778,52.1,-0.9045,2.0613,-0.4135,17.59,77.51,-0.3933,9699,A,premium,swing,west,0
-0.5825,,0.2892,0.138,2.9784,89.69,1.3053,-0.2738,0.4322,21.26,55.82,-1.2463,7272,B,premium,swing,north,0
-0.7034,-0.3324,-1.2065,0.0954,5.1025,53.89,0.7944,-0.9519,-2.1309,15.74,62.33,0.7232,3305,D,premium,night,north,0
0.4332,,-0.039,0.5066,6.2487,19.34,2.1451,-0.0366,-2.4408,8.61,62.51,-1.1905,8444,B,standard,night,south,0
0.4255,0.5313,-0.7803,0.7079,,32.89,-0.4925,-0.2891,0.4336,13.26,61.61,0.065,6835,B,standard,swing,north,1
1.0531,1.5136,0.037,0.5577,0.0035,68.26,2.4522,0.1854,0.4166,22.29,67.02,-1.0554,9410,B,standard,swing,west,1
0.3593,-0.6529,0.595,-0.5692,7.9258,,-0.3234,-1.1169,-0.7015,22.32,72.53,0.5204,7339,A,economy,night,west,0
0.5836,1.9327,-1.7993,-0.4999,7.8814,40.04,1.0071,0.5119,1.1386,16.96,67.37,0.3809,1067,A,standard,swing,west,0
0.0649,0.5079,1.0192,-0.6367,1.7371,83.87,0.8406,-0.1357,0.4361,7.21,79.72,-0.2283,8265,C,standard,day,south,1
1.507,-0.5184,-1.3386,1.4923,8.1326,50.79,-1.6559,1.1494,-1.3597,22.77,79.7,-1.2221,1802,C,standard,swing,east,1
0.808,0.2829,-0.5623,-0.9195,6.0062,,1.4871,-0.9975,0.4199,11.2,64.97,0.4965,8472,C,premium,night,east,0
0.5343,-2.3322,0.0647,-0.1903,3.0828,,-1.0735,-0.173,1.3287,16.57,64.15,1.8319,9243,C,economy,swing,south,0
-1.4385,-0.6825,-2.1439,-1.7468,3.5452,31.01,-0.9064,-0.1487,0.9381,8.25,54.15,1.1688,1188,D,standard,swing,west,1
0.7989,2.9554,0.2095,1.4203,1.3344,17.44,-1.1801,1.0376,,2.04,84.75,-0.4108,7277,C,premium,swing,south,0
-0.6806,1.1356,0.6112,-0.6705,3.5826,67.47,0.5032,0.5658,-2.5043,15.4,60.1,1.0734,8912,A,standard,swing,north,0
0.8129,,-0.7782,0.3881,6.1024,73.08,-0.8481,0.0834,1.2497,11.86,49.72,1.7746,9448,D,economy,swing,east,1
-0.6656,-0.8215,2.2859,0.1095,7.1589,9.03,1.2444,-1.328,0.185,21.82,70.98,1.151,7128,A,standard,swing,north,0
-1.0336,-2.0351,1.2572,0.5,5.9254,94.39,0.1608,-0.6366,0.1076,18.38,83.95,-0.0016,7313,B,premium,night,north,1
0.8687,1.6966,-2.1772,-0.1908,1.2002,24.94,-1.216,-0.7565,1.5587,13.84,65.6,-0.5588,4853,B,premium,day,east,0
-0.8163,0.7871,-0.6004,-1.5648,4.5927,,0.1829,1.4682,-1.0878,11.98,71.03,0.2369,4990,D,standard,night,west,0
0.1493,-1.6939,,1.5467,4.7043,54.96,0.5956,-0.2516,-0.7104,5.43,74.11,-1.571,9504,C,standard,swing,east,0
-0.3875,-1.7753,1.5185,0.6248,0.225,49.63,0.4117,-0.585,0.3882,12.65,89.66,-1.3523,6533,B,standard,day,east,0
1.0063,-1.4099,1.0995,0.5597,4.2454,78.67,0.5316,-0.1213,0.1018,14.97,63.92,0.755,1018,A,premium,swing,north,1
-0.2043,1.3274,2.4181,1.1864,8.8558,75.39,-0.6929,-0.1698,0.439,22.43,67.22,0.7455,6398,A,standard,day,east,0
0.027,0.3856,,-1.5139,9.8988,31.93,-0.2235,-0.122,0.2136,3.85,56.02,-0.4925,3066,C,premium,day,east,0
0.3195,0.4321,-0.0715,0.1407,6.0562,46.88,-0.3356,0.3764,-2.1689,45.63,52.09,-0.2995,3298,A,economy,night,north,0
1.0341,0.7365,-0.9341,-1.6918,0.6189,24.93,-0.665,0.1015,-1.163,15.18,65.12,-0.3067,8162,B,standard,swing,west,1
0.2208,1.8849,0.3669,-1.4695,3.7548,14.83,-0.8309,0.4076,0.1095,49.71,79.88,0.2985,3139,B,,night,east,0
0.4585,-1.1825,0.6002,1.0817,1.3948,46.89,0.7504,-0.2948,,13.24,79.23,-0.9135,1466,C,standard,day,south,0
0.6183,-0.6116,0.2363,-0.4932,7.9742,30.12,1.2316,-0.6048,0.155,48.5,60.04,-0.2924,2752,A,standard,swing,south,0
-0.3695,-0.1705,-0.2862,-0.4314,7.2671,79.54,0.2766,0.1925,-0.2111,32.25,64.75,-0.1901,3304,A,standard,day,north,0
-0.7508,1.0038,-1.721,-1.1382,,84.07,-0.2952,0.377,-0.5721,12.16,61.0,1.1227,9121,A,premium,swing,east,0
0.9946,0.9311,-0.0569,-0.2289,,79.77,1.4236,0.612,-0.7224,4.43,74.68,0.1782,4913,A,standard,swing,south,1
-0.5152,,0.3986,0.1366,8.6404,59.09,0.2421,1.9535,-0.566,17.84,55.16,-0.3395,1921,D,standard,day,south,1
0.94,-0.6455,-1.1989,0.1613,1.4902,51.19,-0.9495,0.1179,1.683,47.73,63.6,0.2084,2713,A,standard,swing,west,0
-0.0121,1.4067,-0.9395,0.5676,2.1332,55.5,-1.0971,1.5786,-2.8201,33.53,69.97,1.4254,8101,D,standard,night,south,0
0.379,-0.1855,-0.6632,-0.1605,7.9153,80.0,1.0069,-0.4929,-0.2639,27.34,72.61,0.7282,3638,A,premium,day,south,0
1.4424,1.6932,0.6116,0.9764,3.2241,34.9,0.1177,-0.1713,2.5618,10.36,78.73,-2.3636,9306,B,standard,night,north,0
1.7255,-1.9546,0.1606,-1.2814,0.8209,15.0,-0.0287,0.2012,0.2429,14.51,69.22,-0.5836,4594,C,standard,night,south,1
0.4197,1.2044,-1.7298,-1.4929,3.1512,61.43,-1.1053,-0.3554,0.4106,48.94,60.58,-0.6555,5721,B,premium,swing,west,0
-0.4831,-0.3449,0.8593,0.4138,2.7535,31.53,-0.9188,1.013,-0.2104,4.93,69.75,-0.1668,4090,C,economy,night,south,0
-0.3011,-0.8037,1.4089,0.6915,9.8995,73.84,0.0726,0.8844,-0.7675,24.24,68.97,-1.6327,1943,B,standard,night,east,0
0.2895,-0.588,1.4295,1.2894,6.6593,9.85,0.1468,-0.9677,-1.7144,8.49,62.26,-0.0318,1812,A,,day,south,0
0.75,0.9028,-1.8274,0.0244,8.7774,53.95,2.3247,1.3401,0.8723,8.33,58.61,0.7077,8447,B,standard,day,west,0
0.8213,1.7553,-0.8882,0.4788,6.724,59.0,-1.36,-0.1754,0.0357,12.99,84.12,0.8566,2261,C,standard,swing,east,1
0.8335,,-1.6712,-1.8857,3.6444,29.22,-2.1678,-1.5086,2.1006,6.7,67.55,0.7403,8223,C,premium,swing,east,1
1.0328,-0.9075,0.6254,0.3828,1.048,50.85,-0.3373,-0.5131,-1.209,16.45,44.19,-1.5368,4538,B,,night,north,0
-1.0774,1.1457,0.8608,-1.2813,4.3532,12.62,-0.401,-2.1407,-0.8781,19.45,69.56,1.2926,4372,C,standard,day,west,0
-1.3973,-0.1292,0.2807,0.7046,3.8542,42.2,0.374,-1.4828,-2.4022,21.44,60.1,-2.2435,7175,C,economy,day,south,0
-0.4069,-2.1794,-0.0219,-1.4585,2.7421,49.12,-0.0273,-0.5844,,20.47,65.69,0.4537,5454,B,premium,night,south,0
-1.2731,-1.1447,-0.7493,1.2692,3.1931,32.35,-0.3879,0.3167,-1.0589,17.74,52.19,1.9761,4145,C,standard,day,east,0
0.3897,0.6192,1.4842,0.3178,9.9187,16.31,1.2779,1.7182,-0.5558,7.87,48.83,0.7423,8651,A,standard,night,south,0
-1.8844,-0.7344,1.4906,1.2116,4.3661,69.15,0.4512,0.4686,-0.9798,13.17,61.67,0.9452,7304,D,standard,night,north,0
0.0486,-0.4895,,1.7043,9.1136,55.8,-0.6111,-1.249,-1.254,29.65,62.79,-0.2884,2662,C,economy,swing,south,1
0.7112,-0.2778,1.2996,0.8762,9.5728,88.84,1.3028,0.9332,0.242,29.38,32.78,-1.6044,2370,B,economy,night,west,1
-1.7775,1.7935,1.3138,-0.7715,7.3055,58.21,-1.7067,-1.4609,0.0362,40.04,63.46,-0.4406,9880,C,standard,swing,west,1
-0.3008,-0.2578,-0.9376,0.2657,8.3871,48.7,0.1271,0.7819,1.7293,5.38,63.57,-0.9179,8198,A,economy,day,west,0
-0.4138,-0.1108,-0.5131,-0.0532,8.6314,77.52,1.063,-1.0273,-0.7125,19.47,66.88,0.7348,1094,B,standard,swing,east,0
0.8572,-2.8411,-0.4448,0.215,8.7895,74.9,-0.2375,-0.689,0.3524,23.37,68.85,-0.4047,7914,B,premium,day,west,1
-0.4898,-0.3263,-1.489,-0.2208,9.5909,29.67,0.3307,-0.5399,1.612,24.94,64.08,0.9058,1147,C,economy,night,south,0
-1.863,-0.4157,,0.8987,2.9874,79.31,-0.0505,0.3672,-1.9537,31.97,81.07,-0.508,9887,D,premium,night,east,0
0.9316,-0.1768,0.137,-1.0777,8.0861,44.19,0.427,-1.2554,,4.39,72.51,0.4054,5972,B,standard,swing,south,0
0.7974,0.5616,0.0004,1.7647,5.0727,61.34,-1.7673,-0.7657,0.2307,9.92,29.9,-0.3402,2807,A,premium,night,east,0
0.6341,,0.1743,-0.2756,2.3914,2.57,-0.5365,1.5688,-0.0583,5.53,75.85,-1.5262,8370,C,standard,swing,east,0
0.2218,-1.0655,-0.2807,0.2836,3.2922,52.49,-0.0863,0.144,2.7321,17.72,75.32,1.5962,2764,C,economy,night,east,0
-1.2598,0.575,0.0012,0.5808,6.3045,83.48,1.306,0.672,-1.9503,52.48,63.15,0.3751,1362,D,standard,day,east,0
-1.0633,2.8822,-0.3564,-1.1024,0.4179,59.77,-2.2749,0.2128,-0.5119,7.59,67.08,-0.584,5027,C,premium,swing,south,0
-0.7454,-2.9544,-0.9593,-0.084,3.2298,30.12,0.4463,0.8637,0.4092,22.72,60.81,1.0841,5731,A,standard,night,west,1
-0.2789,0.1804,-0.7971,-0.0328,7.0627,74.62,-1.3273,1.3078,0.5311,14.84,52.63,0.4106,3446,C,premium,night,south,0
0.3982,-0.2996,0.1546,-0.1028,9.7602,13.45,0.5681,2.1003,2.0448,12.09,60.58,-0.8178,4671,C,economy,day,north,0
-0.2937,2.2353,0.7576,0.0552,7.7304,71.89,0.7674,0.8155,-0.1158,18.88,74.35,-0.9447,6352,D,premium,night,east,0
1.7761,,0.2565,0.4788,4.0796,14.75,0.4858,0.7118,0.6231,26.22,65.0,0.0074,8446,B,economy,day,east,0
0.9575,0.1016,-0.006,-0.8673,8.1496,25.14,-2.3234,1.9867,,13.6,67.51,-0.3143,6027,D,standard,day,north,0
-0.1346,0.9661,1.512,0.8154,2.1537,62.49,1.2003,0.5,0.3865,10.82,66.63,0.4373,6975,D,economy,swing,east,1
-1.8676,-0.2083,0.5721,-0.8926,8.9176,51.76,-0.1788,0.4898,-0.2794,13.04,79.4,0.4095,2240,C,premium,night,east,0
1.1789,0.3458,0.8598,-0.0422,7.7413,31.31,-0.0953,2.0437,0.5829,22.92,52.22,0.4981,7484,D,standard,day,north,0
-0.2111,-0.3706,-0.7365,-0.3828,5.5793,35.31,0.8613,0.6233,-0.9012,7.69,74.56,2.3975,9752,D,standard,swing,west,0
1.1292,1.6887,-0.1132,0.5476,4.1928,94.71,-0.8332,-2.0853,-0.4171,53.1,59.66,-0.2568,4425,A,premium,day,north,0
-2.0174,0.298,-1.6724,-0.8885,7.8362,5.16,-1.3473,-0.2372,-2.6518,22.58,75.55,-0.1888,1545,A,standard,swing,south,0
0.0845,0.6409,0.7923,0.3985,8.2912,67.14,-1.5127,0.0984,-2.0015,3.13,77.54,0.0308,8324,C,premium,swing,north,0
0.4116,0.0108,-1.126,0.7792,8.0291,29.08,0.5135,1.7144,0.4257,21.22,44.98,1.1072,3341,A,standard,day,south,0
-0.551,,1.3624,-1.4584,7.0075,62.62,-1.8097,-0.072,1.8442,51.41,82.21,-0.9407,9478,B,premium,day,west,0
-1.1227,0.6219,0.8581,-0.9726,6.0756,55.17,0.4265,-0.6864,-0.318,6.41,54.84,-0.682,5719,B,standard,night,south,0
1.3516,2.4309,-0.3711,-0.707,2.6775,91.05,-0.1734,-1.6858,-0.4362,12.91,63.57,0.3502,2325,A,standard,day,east,0
1.2942,-1.1863,-2.7625,0.8242,3.075,76.17,-1.4615,0.5032,-0.9845,43.28,67.55,0.3925,6989,B,premium,swing,east,1
-1.8638,-0.2719,-0.0718,1.2851,7.1272,,-0.9896,-0.7382,-0.5535,19.85,71.2,1.4062,6195,A,economy,day,south,1
1.4242,0.7148,-0.9743,-0.8559,8.9535,71.02,-0.7001,-0.3957,1.7202,20.02,77.18,0.8937,8085,D,standard,swing,east,1
-0.9694,-0.5274,-2.1233,0.7054,2.2064,78.71,-0.8013,-0.0907,-1.1273,2.92,68.88,0.7355,7094,B,premium,swing,west,1
-1.6357,0.0517,0.0663,1.3499,3.7441,60.85,0.2475,-0.3957,-1.1917,23.06,81.46,0.527,4026,B,standard,day,south,0
-1.0757,1.5729,-0.9002,-0.0575,0.2078,42.96,-1.8209,1.1217,-0.6378,24.44,78.53,0.6889,2582,C,standard,swing,north,0
2.0226,2.6361,-0.4302,1.1958,3.4848,,0.3776,2.1438,0.5973,18.7,61.93,-0.4271,4205,D,standard,day,north,1
-0.3919,-1.0455,0.5458,1.8528,,33.78,-0.5356,-1.4759,0.2404,9.37,60.32,0.3374,4335,D,standard,night,north,1
1.0534,0.12,-0.5593,0.1215,2.195,52.73,-0.2801,0.4872,-0.4999,30.53,72.83,-1.0597,2322,D,premium,day,north,1
-1.1479,-0.0091,0.8279,-1.1979,,63.87,0.2688,-0.2638,-1.1451,33.7,61.34,1.74,9970,A,economy,day,south,0
-0.9108,-1.2489,-0.559,0.477,3.817,25.88,-0.0704,-0.7923,-0.04,16.76,89.32,0.1898,5186,B,premium,night,,0
0.7721,0.5583,-1.8808,0.1245,2.8726,39.59,-0.5616,0.7431,-0.6725,33.06,71.48,-0.0043,7012,B,premium,day,west,0
0.099,1.6506,0.7762,1.0489,1.2048,10.25,-0.6127,0.1038,0.1135,33.44,79.15,2.4091,8562,B,standard,day,north,0
0.5801,1.1252,-0.2165,0.4321,8.0026,44.9,0.9887,0.279,0.1335,30.29,58.27,-0.2239,9392,B,,swing,south,0
-1.7236,1.9744,-0.5825,-0.2258,2.8249,45.36,0.1049,1.0739,0.0589,18.22,70.26,-0.875,8579,B,standard,day,east,0
-0.5369,0.5707,-1.3058,0.5633,3.1163,92.37,0.1655,-0.3591,-0.0574,7.09,72.21,-0.9675,2006,A,premium,night,north,1
0.36,0.207,0.1626,-0.1016,9.0321,29.84,-1.4247,0.0955,0.9732,18.17,71.07,1.46,6652,D,economy,night,south,1
-1.4767,-0.009,-0.0219,-0.6694,3.5403,72.65,1.6646,0.2881,-0.635,38.86,73.2,1.4298,8697,A,standard,day,north,0
-0.3082,-0.966,0.3644,0.5643,4.2336,36.38,-0.7677,-0.0236,1.4293,33.86,58.64,-1.1701,3551,B,standard,day,,1
-0.4092,,1.6652,0.1559,1.3238,73.68,0.1697,0.2709,1.1658,37.9,60.33,0.551,3830,C,standard,night,east,1
0.6835,-0.8633,0.2398,0.2521,1.3049,46.25,-0.3615,1.0436,0.1342,24.57,77.52,0.3732,8647,D,,day,west,0
0.9997,-0.958,0.9676,0.2827,8.2145,62.38,-0.4096,-0.029,0.9866,22.68,70.53,-0.5984,8517,D,premium,swing,east,1
0.3638,-1.2231,-0.8552,2.7325,9.959,55.58,-0.2226,-0.2677,1.1075,21.91,70.11,-0.3998,2779,B,standard,night,west,0
0.9243,-0.9722,-0.4577,-1.7165,2.0876,,-0.5859,-2.2513,-1.0711,12.74,73.93,-0.9579,7475,A,economy,day,,0
0.2341,1.0337,0.6025,-1.8474,1.6826,79.23,-0.4305,-0.4585,-0.9015,62.56,68.39,-1.1667,2040,A,economy,swing,west,1
-0.986,-1.1111,,-0.5289,7.4819,20.03,-0.7927,1.2835,-0.0919,35.39,81.12,0.7342,3286,A,economy,day,east,0
1.6746,-0.4925,-3.6193,0.8185,2.0431,23.64,-1.3574,0.4972,0.3427,2.56,78.54,-0.5336,6294,D,economy,night,east,1
0.0837,1.5942,-0.6833,-1.1013,3.8887,7.11,-0.7267,-0.9913,0.0393,32.04,59.05,-1.1548,6319,A,standard,day,west,1
-0.2626,-0.5336,-1.2115,0.758,1.9822,41.36,-0.6747,0.1485,,23.35,57.5,1.2694,2819,B,standard,day,west,0
-1.4598,-0.4325,-0.8944,1.0117,8.0327,91.09,-0.9693,-1.5945,-1.0882,30.49,56.11,-0.4641,2016,C,standard,day,west,0
0.5098,0.2242,1.7384,-1.5906,7.5867,,-1.1226,-2.7526,-1.1004,42.34,64.41,-1.15,4278,A,standard,day,east,0
1.0638,0.3516,0.6909,-0.2187,3.9951,27.07,-0.6238,0.7435,1.2843,33.37,75.95,1.8559,4038,C,premium,day,west,0
-0.0052,0.1506,0.7945,-1.0482,4.4228,26.91,0.6496,0.5753,0.4811,16.8,58.09,-1.3284,5612,A,standard,swing,south,0
-0.6523,-0.8042,0.969,-0.5403,6.3512,88.76,-0.636,0.2595,,14.12,64.11,-0.8401,4074,A,standard,day,south,0
0.1363,0.8425,-2.131,-0.1253,9.2749,27.28,-0.8005,0.5223,-3.0175,10.39,66.34,-1.0967,3625,B,standard,night,east,0
1.201,0.0623,1.8867,0.5916,6.2697,70.77,-0.3816,-0.6732,0.2399,41.72,78.1,0.0127,6211,A,standard,night,east,0
-1.1144,-0.7517,0.6597,-0.0486,1.6991,24.81,0.6946,0.4629,-1.5429,11.4,55.79,0.6927,6676,D,premium,swing,east,0
0.524,-0.1237,1.2285,-0.4548,0.3206,42.55,2.4165,-1.0041,1.2659,10.15,76.22,-0.7132,6835,A,economy,day,west,0
0.5404,-0.6601,0.5421,-0.5957,9.3713,68.76,0.7106,1.3077,-0.5386,10.77,76.82,0.3267,3603,C,standard,swing,west,0
-0.4778,0.4486,-1.0517,-1.045,3.5384,72.54,0.3783,-0.7193,-0.1447,5.41,82.19,0.6379,8585,B,standard,day,south,0
0.5016,-3.312,,2.2798,,89.37,0.7772,1.2958,0.8741,8.0,79.36,-0.5228,8431,D,economy,day,south,1
-1.0651,-0.3798,-0.0189,0.8994,6.2888,90.4,0.6478,-0.225,0.2419,47.67,67.12,-0.9043,6433,D,standard,day,east,1
0.8639,0.4168,,0.5801,9.0875,41.25,-0.5555,1.6233,-3.2209,11.53,77.84,0.8581,1511,D,standard,day,south,0
0.548,-0.2324,-0.8255,-0.8046,0.8539,24.28,-0.2524,-1.1569,2.1958,13.83,63.98,2.2681,3312,D,premium,swing,east,1
0.9238,0.0031,0.4885,-1.5171,0.7003,41.39,1.58,0.6077,,15.04,81.0,0.0348,2732,A,economy,day,north,0
-0.2679,0.4431,0.0259,0.0605,9.4577,50.61,-0.9048,-0.2666,-0.4201,25.57,74.42,-0.6569,9913,A,standard,swing,,0
-0.928,-1.4899,,-0.6277,5.4356,37.24,0.2372,1.109,0.0189,4.64,56.01,0.0284,2752,B,standard,swing,west,0
-0.6287,-1.4051,-1.5225,0.0807,9.4794,,-0.7787,-0.2768,-2.4486,31.99,50.48,1.5981,9910,B,premium,night,east,0
-1.8206,1.3354,-2.2765,-1.0782,7.7407,48.78,1.9567,-0.6592,-3.0202,10.23,64.44,-0.0842,5815,D,economy,night,south,1
-0.7087,-0.3291,0.1624,-1.0082,4.5105,71.77,0.1273,0.2055,0.31,8.05,67.27,0.6912,8938,C,premium,night,east,0
-1.0809,-0.7137,-0.0797,2.2859,9.348,46.54,0.982,-0.8148,-0.5129,12.45,76.57,-0.0053,2710,A,premium,day,west,1
-0.3545,1.1439,-0.4986,0.0349,1.1355,52.4,-2.2312,-1.776,0.2816,11.09,73.73,0.8863,9357,D,economy,night,south,1
0.0171,0.1758,0.5557,0.8793,1.171,,0.1751,1.0219,0.9493,4.63,97.9,-0.8297,1350,B,,swing,south,0
1.0388,-0.5002,-1.1039,2.2194,0.4791,66.82,-0.2162,0.7888,-1.3035,6.39,76.58,-1.1631,9684,A,premium,day,south,1
0.6432,,0.2038,0.263,6.2953,31.92,1.0074,-0.5469,0.8339,22.44,75.01,-2.1589,6908,D,economy,day,east,0
0.914,1.3961,1.2894,1.966,0.7881,61.07,-0.0265,1.0225,-0.0196,6.52,56.47,0.9315,1233,A,standard,swing,west,0
0.6266,-0.9154,-0.2875,-0.18,6.8584,25.9,0.5965,-0.7801,0.3088,1.5,53.65,-0.2475,9252,B,standard,night,south,0
1.2737,0.9606,0.8438,-1.034,1.7077,59.9,1.6493,-0.3762,-0.9392,17.19,77.36,-0.4844,9199,D,premium,day,east,1
-0.6357,0.0687,-0.9786,-0.1313,4.2085,62.22,0.5471,-1.5155,-0.2203,22.39,60.64,-0.8463,8889,A,standard,day,east,1
-1.289,-0.2403,-1.0687,-0.1786,6.6632,51.67,-0.5651,-0.0152,-0.9191,50.14,74.53,0.2714,6657,C,standard,swing,south,0
-1.0672,-1.2925,,0.1483,8.9193,54.26,-1.4951,-0.579,-0.9461,6.16,63.92,-0.3192,3338,B,standard,night,south,0
0.5795,0.1595,-0.4706,0.5427,7.4224,79.28,-0.9046,-0.4616,-0.1567,30.79,61.47,0.631,6822,C,economy,day,north,0
-1.1496,,-0.1239,1.0003,7.5132,46.17,-0.4603,0.8273,-0.497,20.4,79.16,-0.7456,9743,C,economy,night,west,0
0.3894,-0.406,0.7094,-0.7848,,69.87,-1.1796,1.5686,-0.2754,10.32,94.3,-0.9744,4369,C,premium,swing,west,0
-0.4472,-0.3998,0.4294,1.1853,8.6771,44.71,-0.4474,-1.9591,-0.6609,16.04,57.14,1.958,4634,C,premium,swing,east,0
1.9817,0.2123,1.3703,-0.2346,1.2554,36.89,-1.3524,-1.3485,0.5484,7.95,63.1,3.1632,8868,A,standard,day,west,1
-1.4134,-1.8058,0.7254,1.872,1.7409,62.92,-0.2787,-0.2082,0.0879,16.14,66.89,-1.9578,9181,A,,night,south,0
-0.012,1.4386,-1.2598,-0.6528,3.5971,61.11,0.1068,0.3951,1.4932,9.29,89.42,-1.9601,8609,C,economy,day,east,0
2.2367,-0.3161,,1.5136,2.7594,57.08,1.04,0.6352,0.8586,33.45,66.53,-0.5174,9582,A,standard,day,west,0
0.6483,0.2233,0.1804,0.7284,6.3676,9.15,0.1738,0.2521,,17.51,65.03,-1.23,1781,B,premium,day,north,1
0.0973,-0.1083,0.8063,-0.172,8.7805,,-1.0559,0.0019,1.49,6.51,78.79,0.3755,7898,B,standard,swing,east,1
-0.6182,2.3575,-0.7097,-0.2446,2.1754,41.22,1.3672,-1.5777,,17.47,69.14,0.71,5452,A,standard,day,west,0
2.3082,-2.1574,-0.3984,0.4814,1.868,28.41,-0.1727,-1.9093,0.1336,4.53,76.19,-0.303,1014,D,economy,night,south,1
0.667,-0.1474,1.2663,-0.8663,7.0059,40.54,1.1552,-0.0846,1.2655,9.29,53.83,0.017,1888,C,standard,day,north,1
-0.4991,0.2693,1.0952,0.0337,1.5683,36.66,0.9368,0.0404,-2.2791,15.3,68.01,0.3538,5360,B,premium,day,north,0
0.4162,1.4047,0.2675,1.5007,1.0565,63.1,-0.2385,0.4372,0.648,21.08,65.89,-0.9191,7855,C,standard,day,west,0
1.5893,0.003,0.1463,0.2134,0.7849,61.94,-1.0028,1.3488,-0.5524,31.79,62.58,-0.4114,5161,B,economy,swing,,1
0.2647,-0.249,-1.6969,1.0158,9.7937,51.94,0.1103,-0.1048,-0.8406,22.76,68.14,0.2359,1180,C,standard,day,east,0
-0.1869,-0.0279,0.7903,1.2828,3.2152,48.9,-0.5359,1.6286,-0.9025,16.55,73.58,0.1642,8413,C,standard,night,south,0
0.6651,-0.593,-1.4026,-1.065,5.109,54.23,-0.8915,-0.5959,0.4764,9.04,47.38,-0.5895,1318,A,premium,night,west,0
1.0101,-0.4908,0.9223,-0.6328,2.4402,28.81,1.348,0.4314,-0.8089,12.85,70.92,0.7982,5176,B,economy,night,east,0
-0.9752,0.9661,-1.9639,0.1384,3.1462,39.85,-0.271,0.7682,-1.9534,18.69,67.2,-0.9943,4747,A,standard,swing,south,1
-0.192,0.0627,,1.8865,0.3341,36.96,0.9548,-1.1318,0.5674,16.59,51.64,-2.1991,9040,A,premium,day,north,0
-0.4867,-0.8685,-0.3301,0.6028,5.6294,57.13,-0.7101,0.8657,,4.04,72.03,-0.6546,7942,A,economy,swing,north,1
-0.2839,-1.1301,-0.3039,0.0833,8.8609,26.53,-0.8036,0.0032,0.9459,13.51,53.53,-0.3032,9869,A,standard,swing,south,1
-1.545,0.5449,-0.2169,0.1353,9.5509,72.16,-1.2262,-1.6916,0.2301,17.32,54.1,-0.5248,7215,B,standard,day,west,0
-1.0054,-1.3197,-0.3847,-0.8905,9.5505,35.57,1.174,-1.2095,-0.8835,14.99,82.05,-0.1317,9262,B,premium,swing,west,0
-1.175,1.5514,-1.0269,1.395,,78.69,-0.8735,-0.0142,1.1774,22.29,61.93,0.1137,2013,B,standard,night,south,1
-0.4535,1.2398,-0.7168,0.8653,9.3174,37.38,2.4574,-0.4284,0.0202,6.12,75.66,0.4305,2793,C,economy,day,east,1
0.5696,-1.2016,1.0604,-0.5884,1.8068,53.69,0.9282,1.952,-1.65,14.49,48.63,0.8435,2238,C,premium,day,west,1
-0.1298,0.5326,0.4983,-0.1259,3.4444,31.24,-0.1036,-1.7461,-1.3582,22.15,61.09,1.0729,2845,A,premium,night,north,1
-0.949,1.0931,,-0.1249,4.1272,75.52,0.3422,1.6068,-0.5424,14.38,80.63,-1.3118,5411,C,premium,swing,north,0
-0.6958,-0.7452,-0.2147,1.5371,1.471,,0.0796,0.8529,-1.9628,20.67,66.25,-0.7925,4198,A,premium,night,west,1
0.4533,-1.2982,-0.1387,2.5398,7.738,49.44,0.6148,-0.131,1.2739,13.16,77.06,0.618,8231,A,standard,day,north,0
-0.5063,0.448,0.1269,0.7914,5.9821,83.5,-0.3891,-1.5487,,7.61,53.62,0.7692,9642,B,premium,swing,north,0
1.4376,0.1179,-0.1877,2.043,0.1419,56.84,0.6421,-0.2525,-0.5493,4.55,70.66,1.7767,3238,C,standard,night,west,1
-0.5545,0.1677,0.6821,-0.8861,5.2978,48.78,1.2628,-0.823,-1.2433,12.56,69.27,-0.5538,8209,D,standard,day,east,0
0.6918,-0.4076,0.271,-0.0314,4.307,78.88,0.041,0.3866,1.1222,19.84,77.33,1.3791,3765,C,economy,day,south,0
-0.6219,-1.4482,-0.9744,0.2629,8.6018,38.12,1.5409,-0.4305,-1.2651,38.92,80.67,0.2921,1686,D,standard,swing,west,0
0.9181,0.1897,0.6792,1.4636,,34.1,-0.0072,0.8054,-0.1366,9.58,84.37,2.2571,1280,D,standard,day,west,0
0.552,0.3526,-0.5193,-0.1591,5.8864,5.58,0.3422,-0.0766,0.143,12.25,77.62,-1.9688,8449,B,standard,swing,east,1
1.3229,-0.5517,0.2496,-0.0367,0.5367,37.25,-0.5336,-0.2113,2.5691,7.62,50.12,-0.5222,6896,A,premium,night,south,1
-0.234,0.4833,-0.0622,0.5225,5.1829,44.48,2.4142,-0.8797,-1.174,11.84,68.35,-0.4205,5086,B,standard,swing,south,0
0.3522,0.3861,0.6021,1.4233,3.4694,71.3,-0.6377,1.0714,1.2144,31.0,56.82,0.6887,1464,C,standard,night,south,1
0.0979,0.5526,0.5808,-1.4175,5.6135,66.42,0.2356,0.2236,0.273,23.31,79.38,-0.0228,7068,D,standard,night,west,0
1.0885,1.9034,0.0982,-0.2892,0.5998,66.85,0.2064,-1.3169,0.2901,1.62,82.63,-1.1963,8926,D,standard,swing,south,0
-0.4207,-2.1147,0.5866,0.328,8.0559,,0.3141,0.4502,-0.8052,15.64,64.8,0.937,8938,C,,swing,east,0
0.1191,0.3048,-0.4939,0.519,7.1344,26.2,-0.4506,0.5531,-3.1187,8.77,55.26,-0.5622,9045,D,standard,day,east,0
0.7561,1.1675,-1.2497,0.353,1.8957,41.93,-0.4873,-2.3128,2.0496,4.8,69.78,-0.3761,9652,C,economy,day,south,0
0.0465,-1.0645,-0.2351,-0.5334,0.5374,83.77,-0.9922,1.2952,-1.4643,19.31,58.96,-0.843,1508,B,economy,day,west,0
0.5724,1.8499,0.8221,-0.6099,6.3309,73.21,-0.0203,0.6631,0.1041,30.48,57.59,-0.402,8656,B,standard,swing,east,1
-0.894,1.2215,-0.7744,0.0192,3.1253,51.64,-0.1192,-1.3608,-0.7737,62.65,74.12,-0.1472,2146,C,standard,night,east,1
-0.5023,0.6198,-1.1942,-0.5318,,64.69,0.1013,0.6117,0.4185,11.72,47.77,-0.4314,9141,B,premium,day,south,0
-3.0369,-2.7695,1.7236,0.0631,2.9349,42.7,1.9918,-1.3089,0.1643,18.57,54.74,-0.424,3683,A,premium,swing,west,0
1.1158,,-1.0711,-2.1338,4.3301,54.83,-0.636,0.686,0.0377,11.54,60.18,0.5561,6487,C,standard,night,west,1
-0.438,1.6958,-1.312,-0.0597,1.3464,70.47,1.3513,1.5781,0.9605,31.66,81.84,-0.0953,8303,B,standard,day,south,0
-0.5085,-0.0585,-0.8004,1.0132,,34.47,-0.1574,-0.9781,,11.16,74.47,1.5814,2377,B,economy,day,south,0
2.763,-1.9076,0.1379,-0.7668,7.9142,73.72,2.4994,0.1519,1.1421,36.79,76.14,-1.4993,5763,D,premium,day,south,0
0.537,-1.002,-1.3666,0.3841,6.3269,73.33,-0.2593,-0.8886,,27.32,64.45,0.2292,1003,D,economy,night,west,1
-0.2976,-1.8622,0.759,-0.3422,9.3865,66.58,-0.556,0.676,-0.0206,18.05,53.32,-1.2733,6503,C,premium,swing,north,0
-0.1529,2.0131,-0.3133,-0.0084,8.9935,78.81,-0.9697,-0.2526,1.1003,19.65,51.6,0.9554,9501,B,standard,swing,north,0
-1.7201,-2.1004,-0.2545,-1.9028,4.3582,38.11,-2.3351,1.8104,-1.8391,20.5,59.8,-1.195,3391,A,standard,night,east,0
-0.9133,-2.203,-0.9804,0.1511,5.5306,73.34,0.0096,1.2711,1.1228,27.75,67.95,-0.1049,7007,B,standard,swing,south,0
0.4292,-1.1469,-1.6686,-0.5088,9.3271,84.64,0.7935,0.4329,-1.0373,28.07,57.77,-1.5263,6049,B,standard,day,south,0
-0.109,-1.3913,-1.078,-1.1583,8.41,39.79,0.3208,0.5048,0.0683,12.86,69.92,0.7917,2859,A,economy,night,north,0
-1.4865,0.9213,-0.1853,1.4668,4.2481,53.19,0.5607,0.4451,,8.79,65.29,0.6417,3801,D,standard,night,east,0
-1.3711,-1.3289,-1.5128,-0.8723,3.9527,,-1.8746,0.9344,0.3291,39.57,68.61,-0.4235,5746,A,standard,swing,south,1
-0.2231,,-0.9677,-1.1087,2.8149,47.08,-1.2778,0.9962,0.4238,26.15,83.61,-0.4074,1781,B,economy,day,east,1
-0.0325,-2.0555,-1.214,-1.3106,1.4096,,-0.7477,-0.4332,-0.8438,33.98,74.1,0.6477,5972,C,standard,day,west,1
-1.6816,0.272,0.6604,-0.0305,3.1401,82.4,0.2069,-0.0761,0.1224,17.57,65.85,2.1662,2239,A,standard,day,east,0
0.4565,2.0476,0.1964,1.148,9.6454,4.14,0.1536,-0.1243,-1.1239,22.66,69.29,0.7394,7560,C,standard,day,south,0
-0.4422,,-0.9652,-1.3352,0.7579,67.47,0.5304,-0.0365,-0.7369,13.72,70.44,-0.1882,6762,B,premium,day,north,0
-1.7626,0.5031,-0.1442,-0.9775,7.0105,14.4,1.1556,0.2902,-0.898,23.34,54.14,1.7072,7727,D,,swing,east,0
-1.39,,-0.0108,1.1988,1.3473,91.81,-0.6332,-0.1717,-1.2587,28.66,77.85,-0.8584,6482,A,standard,swing,west,0
-1.5274,-1.0933,0.5595,-0.2494,7.1187,30.83,0.6345,0.388,-1.5574,12.82,67.79,0.7752,9465,A,premium,swing,west,0
1.4313,-1.5773,-0.1495,-0.1853,2.4232,,-0.6279,-0.4781,0.5186,7.99,41.54,-0.261,1986,D,standard,night,west,0
0.3887,-1.367,-1.0756,0.0896,5.1361,19.26,0.2403,0.476,-0.351,21.43,60.46,0.9506,4508,D,economy,day,south,1
0.8631,0.8906,-1.272,-0.5411,4.8268,33.11,-2.1365,1.4264,0.2494,8.51,79.94,-0.1573,9410,B,standard,night,south,0
0.0094,-0.9693,1.1206,2.024,4.9097,43.33,-0.2371,-2.161,0.8501,8.12,49.04,3.2626,3162,B,economy,day,south,0
0.3906,-0.9909,-1.4883,-0.9474,5.3262,8.95,0.191,1.1995,-2.0533,31.77,88.97,-0.8228,7767,C,standard,swing,,0
-1.3396,-1.8016,0.0858,1.1282,,68.05,-0.762,1.2532,-0.8189,11.35,72.81,1.5382,7187,A,standard,swing,east,1
-0.7517,0.1511,0.6149,-0.681,7.7945,48.61,-0.343,-0.1088,-1.2648,39.9,65.35,1.0748,6206,D,standard,night,west,1
1.3504,1.2631,,1.5181,7.5666,44.34,0.8855,1.4682,0.2762,7.84,70.15,-0.3194,3385,B,standard,night,south,0
0.4218,-1.1754,0.3893,-0.9271,4.4123,44.04,-0.2866,-1.5196,0.5532,59.26,74.74,-0.5062,4159,A,standard,night,west,1
-0.0557,-4.194,-0.1393,0.4937,,50.95,-0.3706,-0.5672,0.6359,26.02,71.78,0.6273,7365,B,standard,night,south,0
-1.7318,0.9634,-1.0332,-0.3524,7.7056,83.73,-1.094,-1.0408,-2.1149,30.19,63.96,0.3485,2713,D,economy,night,east,0
-1.0935,1.0099,-1.0134,1.3977,1.881,60.06,-0.8054,0.0491,-1.6993,33.04,58.31,-0.1778,4600,A,economy,swing,south,0
0.2239,-0.3649,0.3888,-1.4667,9.5338,76.78,1.0891,-1.4037,0.2916,10.6,61.78,-0.8548,9550,D,economy,day,north,0
0.0209,-0.0383,-0.6942,-1.1034,1.6216,72.45,0.5032,-1.678,-2.1078,7.79,56.52,1.1737,2989,C,standard,day,south,0
0.523,2.0439,-0.8137,-0.0149,,24.14,0.8797,-1.2739,2.5668,50.65,73.58,0.1242,1836,B,standard,swing,west,1
-0.3282,0.8723,1.1115,1.9367,4.9776,39.89,0.0323,0.7141,,3.82,73.21,0.4017,9344,A,standard,night,north,0
0.5576,1.294,0.0807,-0.0254,1.9048,61.82,-1.4297,0.4828,-1.8249,12.34,58.54,1.5099,8044,B,economy,swing,west,0
0.0819,,-0.5013,1.4644,8.7162,57.29,0.9078,-1.2998,0.2851,10.05,76.72,0.6903,5509,C,standard,day,south,1
0.3367,-0.0334,-0.0943,1.0259,3.6875,85.84,-0.8239,0.0516,0.6482,23.75,80.26,-1.0297,7111,D,standard,day,east,1
0.3375,1.6941,-1.442,-0.2712,8.0868,74.19,0.0371,-1.1637,-0.9622,23.85,71.18,-0.5604,9695,B,economy,night,north,0
-1.0186,-1.1199,0.7233,-0.9796,9.2374,48.1,1.7267,-0.1769,,9.02,77.24,0.7097,7163,A,standard,swing,north,0
0.255,1.4217,-0.9537,-0.0425,4.0175,33.47,-0.544,1.0203,0.1178,33.19,70.82,0.2216,9318,B,premium,swing,east,0
1.0873,1.206,-1.3868,-0.1833,4.7965,54.25,0.1353,1.1326,2.0396,41.51,67.11,0.3745,2295,D,premium,swing,north,0
0.0478,0.4977,-0.1806,0.1192,3.7644,25.86,-2.2588,1.7488,-0.9283,15.27,70.78,-0.9959,8736,D,economy,night,north,0
0.0002,-0.8905,-0.2809,-0.3926,2.9001,43.62,-1.0724,-0.0442,0.1885,12.43,62.89,1.5267,7267,B,standard,day,east,0
0.3947,,-1.4395,-1.0947,0.391,61.01,-0.1925,0.6886,0.5289,41.02,66.87,2.8215,6659,D,standard,day,north,0
0.9915,-0.3554,0.7935,-0.4868,3.5093,41.91,-0.4789,-1.3129,0.3381,8.15,60.52,1.2715,2211,A,economy,day,west,0
0.7028,,-0.7058,2.2938,6.6093,30.65,0.8606,0.0824,0.0877,8.29,67.13,-2.5924,5088,D,premium,night,north,1
-1.0596,0.3849,-0.5687,-0.8042,7.0555,72.7,1.0053,0.5348,1.4753,19.04,65.26,0.3308,4109,A,premium,day,west,0
0.5113,-2.0888,-0.3399,0.9436,4.9189,83.28,-0.4308,1.116,-0.731,14.9,71.32,1.1842,8676,B,economy,night,east,0
-1.0578,0.3682,0.9741,-1.2917,4.2084,48.02,0.7193,-0.4175,0.6816,14.92,70.05,-1.4035,6675,A,,swing,west,1
-0.629,-0.3671,-1.5737,0.3633,,66.33,0.9572,0.9533,1.4884,10.98,84.21,0.4867,4068,D,standard,day,north,0
-0.1314,,1.5481,-0.0182,6.157,80.86,1.7234,-0.5089,-0.4093,50.06,66.44,0.9809,2481,D,economy,night,south,0
-1.2347,1.0799,-0.7271,0.4385,,11.98,0.7335,1.2149,0.3159,20.75,66.39,1.5314,2698,B,standard,day,west,0
1.1235,-2.9181,-1.2951,-1.1404,3.7283,47.43,0.7857,0.2401,0.4241,36.69,67.73,0.6347,9465,A,standard,day,south,1
0.6551,1.1078,-0.6278,0.7051,6.9199,46.68,0.0032,1.0998,1.4594,20.59,66.82,0.3642,1078,B,standard,swing,west,0
0.8542,-0.3975,-0.9626,-1.2847,0.9766,33.03,0.768,0.5704,-0.3004,3.71,56.93,0.9158,7610,D,standard,night,north,1
-0.7455,0.6855,-0.5976,-0.1365,8.7931,45.55,-0.4101,-1.9553,1.1039,25.46,45.46,0.0655,7018,D,standard,swing,south,1
0.7088,1.0476,0.9522,0.3042,7.2776,26.53,-0.0216,-0.8998,0.5558,3.38,60.35,2.1354,7527,B,standard,swing,east,1
-0.3533,-0.009,-0.4034,1.2501,3.6744,56.05,-2.0948,0.7991,0.0138,16.51,57.03,1.0362,7563,A,,swing,north,0
0.4925,-1.0624,-0.3363,-0.4605,8.2112,36.99,-0.2922,-0.3385,0.1148,17.16,77.08,-1.1777,8301,B,premium,night,north,1
-0.5571,1.781,-1.4017,-1.5846,0.1331,24.99,-0.0949,1.2223,0.2896,5.16,61.94,-1.5742,4438,A,,day,west,0
-0.5946,0.7737,1.3218,-1.2412,,69.1,-1.3949,0.2661,-0.1933,27.44,70.63,1.7733,7123,C,standard,day,,0
-0.4477,-0.4442,,-1.4482,0.9597,58.6,0.6495,-0.9727,-0.043,3.91,68.37,1.3739,9153,A,economy,day,north,0
0.9469,-1.1024,1.097,1.13,5.6042,48.52,-0.9332,0.5661,-0.3794,8.83,79.19,0.1637,5201,A,economy,swing,east,0
0.5249,0.7667,0.4332,1.248,8.6913,57.38,1.9501,2.3345,2.4658,16.91,67.52,1.0216,4020,A,standard,day,west,0
1.4125,1.1146,-0.2871,0.5134,7.2696,41.77,0.1671,-1.0982,-1.0548,23.98,66.95,1.3836,6252,C,standard,swing,east,0
0.8052,-1.0651,-0.4869,0.2644,0.0264,42.67,-0.2205,-0.4917,0.9621,26.49,70.31,0.8522,9797,B,standard,day,south,0
0.4015,-1.3038,0.1862,-1.7586,0.2349,25.48,1.6098,0.5904,0.1751,45.74,55.27,1.0643,9869,D,economy,day,west,0
-0.1798,0.2604,0.5385,-0.2773,4.3454,33.21,0.8808,-0.4946,-0.2266,20.94,76.75,0.9889,8461,A,standard,day,north,1
1.1757,1.7899,,-2.0691,6.4098,93.2,-0.3048,0.3505,0.5415,15.73,64.25,0.4261,5065,C,standard,swing,south,1
1.1473,-0.2065,1.8345,-0.4407,5.0138,41.13,-0.7527,1.3848,0.5661,4.99,69.21,1.1623,8037,A,premium,swing,east,0
1.4573,1.1371,0.0511,-1.5665,9.3369,59.96,-0.206,-1.3333,0.5894,25.81,81.34,1.0676,9822,C,economy,day,south,1
0.798,0.9155,-0.7112,0.4179,2.6996,55.44,-0.5898,-0.4111,-0.6575,10.86,67.87,0.9378,9461,B,premium,day,east,0
-0.6833,0.6075,-1.6112,0.7026,8.0558,61.78,-0.1047,0.3382,-1.3048,35.18,68.11,-0.2297,9779,B,standard,day,south,0
0.7633,1.8259,-0.0648,1.4206,2.4214,39.34,0.9767,0.1143,1.1433,6.12,70.24,-0.4017,6343,A,economy,day,east,0
-1.1397,-1.2248,-2.6173,-2.1718,5.6374,15.93,-0.5274,-0.3141,1.4101,14.07,71.28,1.033,6609,B,premium,day,south,0
0.1839,-1.3178,-0.4764,-0.0855,1.2797,56.26,0.2611,0.6551,1.109,58.99,77.9,-1.3323,9540,B,premium,swing,south,0
-0.1622,-0.9604,-0.161,-0.8192,1.5512,29.12,0.5408,-0.9247,0.1353,29.37,63.58,0.0869,6916,B,standard,day,west,0
1.0188,-0.2121,1.5155,-2.1893,9.3025,52.54,-0.1484,0.719,0.1384,24.4,73.47,1.6112,7660,A,premium,swing,north,0
-0.1685,0.2016,-1.1705,-0.7616,8.4364,67.77,-0.2894,-1.1397,1.9967,14.03,67.76,-0.5598,3422,A,economy,swing,north,1
-0.8144,-1.1008,-1.0385,-1.4783,9.0447,57.41,-0.6423,-0.1387,0.4724,6.32,48.74,1.2666,5711,A,premium,swing,south,0
0.5343,0.1099,-0.9047,0.3124,1.0067,90.77,-1.2697,0.4824,-0.2981,14.77,60.12,-0.4535,4300,B,economy,swing,west,0
0.0486,-1.8412,-0.2794,-0.0613,6.2902,24.42,0.7924,-2.342,-0.5742,21.18,70.67,0.6002,3488,B,premium,day,west,1
0.2901,-0.1834,-0.178,1.1053,3.57,78.21,-1.0867,0.5043,-0.4627,32.7,84.44,0.1291,2244,A,premium,night,south,0
0.7435,-1.8924,0.6974,1.7667,9.8914,44.72,0.5962,-1.4227,-0.7171,8.06,56.39,0.5618,6837,B,standard,day,south,0
1.2602,0.1163,1.5005,-2.0166,3.6841,16.29,1.0861,-0.8846,1.1198,20.21,56.27,0.2898,1535,C,standard,night,east,0
0.1233,0.9453,-0.0902,-0.2935,3.6619,2.58,-1.9009,0.0704,-1.6166,9.82,65.36,-0.7432,9310,D,standard,night,north,0
0.0732,1.0099,-0.509,-0.2861,1.9405,28.71,1.0323,-1.1895,-1.2048,12.08,66.43,-0.1176,9402,A,premium,day,south,0
-0.4273,,1.1562,0.1361,0.4709,69.12,-0.4476,0.7665,-0.6944,42.93,77.7,1.2962,3866,A,economy,night,north,1
0.287,-1.7078,1.0583,0.5852,9.0825,,-1.0393,-1.1914,0.7411,28.36,60.28,1.4407,8779,A,premium,day,west,0
1.8311,-1.8079,-0.4846,0.4939,4.3042,89.25,0.404,-1.5982,-0.2204,7.29,81.72,-1.6421,8972,A,standard,night,north,1
-1.0061,1.7269,1.6117,-1.5668,1.7108,38.06,1.6487,-0.9963,0.3243,14.89,53.25,1.2454,3345,D,standard,day,north,1
-0.5975,-1.2231,0.948,-1.6347,5.2006,13.12,0.3241,1.1941,0.7659,21.05,70.67,-1.1099,2949,D,standard,swing,south,0
-0.3383,-1.1446,0.6585,0.194,2.1822,51.52,-0.7534,-0.6662,1.1206,16.24,59.71,0.6507,4735,B,economy,day,south,0
-0.878,0.7586,-0.5093,-1.3448,6.1156,91.89,-0.3033,1.1408,-0.1693,12.63,56.94,1.3899,6385,B,standard,night,north,1
0.0758,2.2021,0.7458,-0.433,8.2549,22.67,-0.689,0.9754,0.8424,4.11,63.94,0.7516,4483,B,standard,day,east,0
-1.7819,0.2202,0.7836,-0.1901,3.7266,16.34,-0.3952,1.1478,-0.7046,10.97,80.57,-1.3228,9953,D,standard,swing,north,1
-0.4664,-0.9856,-1.0187,0.4638,5.1266,60.05,1.2175,0.0132,-0.2945,8.54,85.68,0.4011,8602,C,premium,swing,east,0
0.3974,1.568,0.7422,-1.7114,0.4924,49.18,0.8646,-0.8723,-0.8267,22.24,63.68,-0.7992,7471,D,economy,swing,west,1
-0.214,1.6328,-1.3697,-1.4746,9.4816,68.23,-0.8021,-0.0594,-0.5208,25.12,81.7,0.2812,8672,B,economy,night,west,0
-1.2221,-0.3681,-1.1992,0.155,7.1476,75.4,0.7822,-0.7652,0.273,22.94,78.71,0.4948,2258,A,premium,swing,north,0
1.4089,,0.4514,-0.1226,5.497,70.32,0.6783,-1.5409,1.7235,24.56,66.67,-0.4746,8359,C,standard,swing,east,1
1.1616,-0.9196,,0.0447,3.0432,81.72,1.1295,0.8001,,26.62,88.87,-1.8292,8571,A,premium,day,,0
-0.7021,-0.1476,0.3208,1.2532,9.19,49.97,-0.219,0.2991,-2.0228,8.65,64.44,-0.4743,7402,B,premium,swing,east,0
0.3668,0.1523,-0.7247,-0.8499,5.4332,63.48,-0.8681,-0.4499,0.1529,25.14,67.69,-0.1931,9330,C,economy,night,west,0
-1.2333,-0.0411,-1.0052,-0.0278,4.5977,46.11,0.5765,0.4435,-0.0352,24.82,73.42,-3.0847,1545,B,standard,swing,west,0
-0.799,-1.142,0.3172,-0.8785,0.1526,30.9,0.8058,-0.6331,-0.0164,20.85,65.81,0.1696,6255,A,standard,day,north,0
0.6148,-1.3354,0.6153,-0.5546,1.1138,34.72,-1.0443,-0.1929,,26.02,79.97,-0.1003,2457,D,standard,day,south,0
-0.0725,0.1376,-1.4085,0.6364,4.7629,54.75,-0.2104,-1.4513,-0.4472,3.74,67.03,0.1277,2458,C,economy,day,east,0
1.3079,-1.3829,-2.6214,-0.9772,7.8618,83.76,0.4427,0.4173,0.2346,16.21,77.25,-0.4121,5953,C,premium,night,south,1
1.0013,1.4908,-1.0202,0.2283,9.7145,37.76,0.0963,-0.8822,1.9886,24.32,80.62,-0.309,8926,C,standard,night,north,0
-0.5631,0.3066,-0.8822,0.3859,,21.67,0.8465,-3.079,-0.1811,4.73,73.36,-1.5151,4448,D,economy,day,north,1
-1.2528,-1.1323,-1.3961,1.2078,3.2825,46.54,-0.1529,0.2404,-0.3613,7.18,78.27,0.726,9796,C,standard,day,north,1
-1.3552,-0.7982,-1.0001,-0.2192,0.395,,0.5772,-1.4952,-1.2433,10.17,64.63,0.5575,3871,C,premium,swing,east,0
-1.3027,-0.5084,-1.4484,2.3664,1.4958,85.76,0.3902,0.1793,-0.0483,11.12,66.79,1.48,6107,D,economy,night,north,0
-0.6967,0.6387,-0.5585,0.3,0.6651,84.29,-0.0155,0.9579,-0.1042,23.56,46.16,0.2238,6493,A,standard,night,north,0
0.4997,-0.0206,0.2839,0.3856,8.7787,47.0,0.4412,0.9549,0.0248,11.56,63.14,1.9162,7933,B,economy,day,east,1
0.1261,1.7205,0.978,-0.5379,6.4054,43.2,0.265,-0.848,0.0258,13.81,51.44,-0.9912,2561,B,,night,west,0
-0.6985,-0.8382,0.8322,2.5754,8.1785,27.17,0.0219,-1.6759,0.327,28.6,59.42,0.6323,9141,C,standard,night,west,0
0.1102,-3.455,0.8417,-1.0361,3.8467,,1.4302,-0.2004,,20.04,42.58,-0.9082,6659,D,standard,swing,south,0
-0.0281,-0.4656,,1.7679,2.2205,59.64,1.0171,1.3424,0.1497,14.61,62.23,-0.4907,1531,D,standard,swing,west,1
-0.0398,1.1792,-0.9764,1.1729,1.7264,56.7,0.9325,0.0644,-1.7946,32.94,65.23,0.0952,7179,D,standard,day,south,1
-0.1037,,0.433,-0.2749,9.3226,67.15,-0.5827,-0.2751,0.2624,4.79,88.84,0.2638,3677,A,standard,night,west,0
0.7,0.4475,-1.2032,-0.6733,7.2701,22.45,-0.3399,0.6711,-0.2763,19.87,62.25,-0.5618,4618,B,standard,day,south,1
0.2363,0.034,-0.3395,0.7435,4.6622,94.2,0.3961,-0.3035,-0.0832,13.77,91.58,-0.8858,9703,B,economy,night,west,1
0.9148,0.6192,-2.3786,0.5875,,26.32,-0.964,0.9216,0.3822,11.96,70.25,0.8919,3246,A,economy,night,south,0
-0.2035,,0.6568,0.1392,7.017,76.96,-0.497,1.1233,-1.3905,6.3,66.67,-0.3122,7836,D,standard,day,south,1
-1.1536,0.7464,,-0.0858,6.566,,-0.7969,2.1983,0.6561,8.09,79.68,0.1408,7089,C,standard,day,south,0
1.5076,-0.3787,0.0336,-1.0602,4.7739,47.67,1.1451,0.5515,0.4807,34.34,66.21,0.6478,6268,C,standard,night,west,0
-0.5932,0.023,-0.9875,-0.2484,9.1303,25.33,0.3436,2.1051,0.1205,24.85,77.44,-1.0266,8253,B,premium,swing,east,0
0.3906,-2.8022,-0.3606,1.2931,5.0655,60.85,-1.7237,2.033,1.8903,12.52,63.18,0.2719,5288,D,economy,night,south,1
0.5674,-0.0091,-0.2077,0.0736,,57.69,1.1112,-0.026,-1.0481,15.99,71.94,-0.7207,3368,B,premium,day,south,1
-0.6779,-0.3762,-1.1947,-0.3939,,38.51,-1.2301,0.5305,-1.2193,18.2,63.64,-1.1236,8816,C,premium,day,east,0
-0.5057,1.2764,1.2436,-2.6759,3.2694,70.59,0.1403,-0.5895,1.0712,13.67,55.67,1.1243,7222,B,economy,day,east,1
0.1639,0.1961,-0.194,0.0728,2.944,76.89,1.1564,-0.971,-0.5588,13.8,48.63,-1.4619,2495,A,economy,swing,north,1
-1.2319,0.8965,0.3795,-0.6532,7.9534,25.13,0.6069,0.8468,-1.242,19.67,76.2,-0.4794,4750,D,standard,swing,south,0
-0.0614,,0.9911,-0.8134,8.9838,66.04,0.654,0.1784,0.5149,31.78,55.49,0.0137,7914,B,premium,night,south,0
0.1245,-0.9516,0.2996,0.0673,8.2681,66.5,0.4215,-0.7922,1.814,26.63,67.57,0.2103,7103,C,premium,swing,south,0
0.3552,0.7518,-1.3709,-0.5158,3.0304,63.4,-1.387,-0.1094,-0.783,12.83,55.39,-0.0104,6018,A,economy,day,west,0
0.4936,-1.1523,-0.6737,1.6478,8.3057,57.33,1.3157,-0.0767,0.5071,7.0,65.17,0.7218,5772,D,economy,day,east,1
1.0383,1.1767,,-2.6244,3.2496,95.2,-0.8339,0.0142,0.0151,22.09,78.6,-0.4837,9950,D,premium,night,east,1
-0.4797,0.9503,-0.3472,0.7298,5.9751,,0.116,1.0165,1.5449,43.4,65.64,-0.6776,9187,A,,night,west,1
0.0441,1.0804,1.4182,-0.3121,5.3615,30.58,-2.3728,-0.2489,1.5366,9.79,67.13,-0.378,1005,A,,night,west,0
0.8081,-2.1786,-0.9739,0.4151,8.0089,53.37,-0.6436,0.5895,,11.87,72.59,-0.1039,8798,A,standard,swing,north,1
-0.7101,,-0.4249,-0.6495,5.464,47.32,-2.3053,-0.3175,-1.5654,12.16,60.12,-0.3959,4650,A,premium,swing,west,0
0.3004,-0.6546,-0.3427,-0.3759,1.3854,26.89,-0.3515,-0.9565,-0.827,9.84,59.59,-0.7762,6784,A,economy,night,east,1
-0.4284,0.2869,0.3512,-0.7134,4.1894,,-0.4895,0.3404,-1.584,21.21,84.74,-0.5814,5909,C,economy,swing,,0
-1.7595,0.5117,-0.1573,-0.4084,8.5978,25.13,0.1182,1.4988,-0.257,39.95,52.44,-0.4071,6113,A,economy,day,west,0
-1.0394,-2.0331,0.5355,0.7873,0.9659,70.01,-0.4799,0.4469,-0.9298,54.88,51.99,0.4436,9305,A,economy,swing,north,1
0.0644,-0.7075,-0.1114,-0.3375,4.0672,26.35,-1.4807,-0.8586,-1.8593,19.45,58.14,-2.2264,9097,B,standard,night,east,0
1.1439,-0.6,-0.1157,-0.5055,2.5156,59.59,-0.6941,-0.4792,1.7102,19.6,58.92,0.5869,9531,C,standard,swing,west,0
1.1833,-1.7188,1.1735,-0.7046,4.5816,,-1.2405,-0.9368,1.3015,32.63,91.27,-0.2369,8367,C,standard,day,north,0
0.1401,0.5332,1.7402,0.3587,8.1051,34.41,-0.4996,1.7551,-0.8147,19.42,79.96,-1.4027,9633,A,economy,day,east,0
0.3276,-0.9703,-0.5894,-1.0138,2.4858,44.96,-1.2176,1.1863,2.552,32.33,66.96,-0.1743,2558,A,,swing,south,0
-0.5331,0.2779,1.8903,1.3012,8.4994,33.14,0.2729,-0.3108,0.5386,22.86,53.04,-0.7012,3325,D,economy,night,north,0
1.6658,0.6497,0.3585,0.1245,,44.06,0.4422,0.0668,1.1635,32.83,63.1,-0.1297,1220,A,standard,day,west,0
2.2905,-1.5381,0.2032,0.8393,9.147,20.1,-0.3069,1.7141,1.9112,7.89,70.67,0.1634,5270,C,economy,swing,north,0
0.1293,1.2334,-0.3404,-1.0624,6.2849,19.39,0.2979,-0.1997,-0.2452,22.56,72.99,-0.5004,1978,B,standard,day,north,0
0.7985,-0.3696,0.9955,-1.2105,1.4556,63.61,1.0622,-0.3529,1.8869,38.61,73.26,0.4262,3513,B,standard,night,north,0
0.9899,1.2177,1.0261,0.5531,0.5354,54.83,0.9797,-1.2271,1.6836,23.31,77.18,-2.0872,7841,D,standard,swing,south,0
-1.4278,-0.3476,0.9983,1.5034,9.5869,83.9,-0.2104,0.9932,,38.85,67.36,1.6759,4880,A,premium,swing,north,0
-1.3154,0.5819,,-0.6199,0.1257,49.65,-1.0386,-0.9214,-0.6278,7.14,55.65,-0.9589,7487,A,standard,night,,1
-3.0962,0.3007,-0.7859,-0.2719,0.1604,37.05,-1.2878,-1.2884,-0.7231,1.12,80.48,0.6547,4132,A,economy,night,south,1
1.3896,-0.2028,0.9675,-0.5266,6.5606,9.94,0.1756,-0.2556,-0.3532,17.34,65.97,1.6506,3386,A,standard,swing,east,0
0.9395,2.1621,0.2642,1.5333,7.8572,17.41,-1.9261,-0.958,1.6042,10.92,78.73,-1.057,5555,C,economy,day,east,0
-0.8736,0.2049,-1.8546,-1.3444,9.2769,44.92,-0.0942,-0.7353,-0.6021,27.81,70.81,-0.7545,7667,D,premium,night,east,0
1.1481,0.432,0.3977,1.0783,6.8572,60.32,-0.3314,0.0919,,27.91,77.74,0.885,6167,C,standard,day,north,0
0.8219,2.7811,,-1.367,,69.99,-1.1023,-1.213,0.545,12.02,64.42,-0.0501,3595,A,premium,night,west,0
0.8585,-0.9082,0.5088,0.5108,8.6609,78.69,-0.3486,-1.4543,0.6047,12.8,68.22,-0.9244,4353,B,,night,west,1
0.8518,-0.0868,-0.3173,1.0216,3.9017,63.45,0.0575,0.0942,-0.514,39.61,59.28,0.7986,6699,A,economy,swing,east,1
0.2979,-0.5205,0.8275,2.3768,4.3803,61.27,1.1941,1.136,1.113,7.99,70.4,2.5585,4606,C,premium,day,west,1
1.6043,-1.7378,-0.1127,-1.0732,3.8136,26.81,0.4757,-0.4447,-1.2747,42.26,80.14,-0.1498,6312,A,standard,night,north,0
1.2626,2.3202,0.5515,1.0511,4.5012,9.28,-1.2083,-2.1878,0.5663,14.81,59.95,0.6529,8308,D,economy,night,north,1
1.8018,,0.3741,0.1529,4.5601,3.5,0.3025,-0.5219,0.781,14.01,56.47,0.481,2347,D,standard,day,west,1
-0.1136,-0.9251,-0.5067,0.8316,0.243,46.83,-0.1169,-1.5496,-0.7653,16.38,65.02,-1.0265,3844,C,standard,swing,east,1
-1.5804,-0.6941,0.0811,-0.7207,3.4873,36.03,-1.891,-1.7161,-1.6684,35.07,53.52,-1.3182,8045,B,standard,night,north,0
-0.7688,1.2119,1.1293,0.7337,1.0929,42.12,0.3387,0.5179,-0.1695,11.79,79.64,-0.5911,1921,D,standard,day,east,1
1.3444,-1.0003,0.1952,0.3452,3.3785,,0.5392,-1.6207,-0.8891,18.27,75.57,1.0823,7914,D,economy,swing,south,0
0.5055,1.9708,1.3621,1.3499,2.6689,41.62,-0.3649,-0.204,-0.888,7.5,68.36,0.0899,3381,D,premium,swing,west,0
0.0107,-0.3257,0.7945,0.5098,9.1222,58.4,0.402,-0.0431,0.5243,24.11,63.18,0.6996,5162,D,premium,night,east,0
2.2103,-0.042,-0.5572,-2.3153,0.7889,26.96,0.6206,0.8294,0.4998,13.91,73.94,0.0928,9214,A,economy,swing,west,0
-0.0419,0.4983,0.2163,-1.0129,,35.29,0.381,0.9849,-0.2096,6.34,72.01,1.1968,2124,C,economy,swing,north,0
1.3199,0.7174,-0.229,-0.328,5.5975,,-0.362,0.8687,1.1429,3.83,59.96,-0.4919,3664,C,standard,swing,east,1
1.3508,-0.0699,-0.3809,-0.1509,7.5118,76.11,0.2748,0.2302,0.0955,19.63,76.86,-0.2337,3879,C,premium,swing,south,0
-1.8149,-2.1995,1.2245,1.3699,9.4242,21.34,-0.6473,-0.7707,1.3111,42.4,71.89,1.2839,2800,B,premium,day,west,0
1.9398,-0.3323,-1.0457,-0.8858,5.3264,67.14,0.7507,-0.7889,0.8816,18.81,71.69,-1.0968,6401,A,premium,night,west,0
0.0494,1.1129,0.4339,0.1094,1.2094,33.13,-1.387,0.2279,0.9591,7.3,56.92,0.3822,6398,A,standard,swing,west,1
0.5049,-0.2121,-0.6703,0.4057,9.8432,37.55,-0.5438,0.1168,-1.493,0.49,47.8,-0.8816,3797,A,economy,night,south,0
0.6275,-0.5144,0.7005,1.5215,9.5023,49.3,-0.2805,0.3873,0.1821,12.43,78.01,-0.1304,4517,A,standard,day,east,0
-0.3541,0.7282,-0.5595,0.7367,6.3498,33.35,2.0348,-1.0832,0.344,15.92,64.58,2.076,6722,C,premium,day,east,0
2.9376,,1.0472,0.4067,0.6561,,1.319,2.8854,-1.8307,7.12,57.89,-0.1733,5317,D,standard,night,west,1
1.0173,-2.7133,1.7065,1.0754,5.3539,,0.5628,-0.0431,1.6804,17.17,58.52,2.0121,1180,A,economy,day,north,0
0.3683,0.6973,-1.4132,-0.6971,9.0885,67.47,0.3568,0.6258,3.095,20.69,48.35,0.3861,8140,D,standard,day,west,1
1.2844,0.386,-2.2164,0.2763,9.7426,87.46,-0.6094,-0.6214,1.878,9.3,74.25,-0.2963,3081,A,premium,night,west,1
-0.5988,-0.5207,0.9282,-0.5754,3.3286,79.07,-0.6936,-1.4214,-0.4565,8.08,65.88,1.5221,5075,B,standard,night,north,0
-0.8653,0.5888,1.1025,0.3753,7.0787,67.35,-0.1313,1.4014,,17.43,72.7,1.0039,1437,A,economy,day,south,0
-0.1396,-0.3988,-0.4317,-1.0009,5.3025,74.1,1.3795,0.2964,0.9478,31.06,64.64,-0.5779,3739,A,economy,swing,west,0
1.0906,-1.0026,-0.1156,1.0857,0.4024,23.72,0.33,0.8991,-0.2224,7.34,82.47,-0.4268,8490,C,economy,day,north,1
0.455,1.3444,0.2957,-0.3139,7.9626,43.74,-0.1244,0.7603,0.2887,29.71,61.22,1.1682,8010,C,,swing,west,0
0.8681,-1.1865,0.0872,-0.6262,6.9404,84.37,-0.2112,-0.5142,-0.3037,5.91,62.15,0.0108,7842,B,standard,day,north,1
1.3703,-1.7103,-0.1614,0.5638,8.9685,33.28,-1.9603,-0.1942,0.9578,18.88,76.11,-0.1777,1274,C,standard,day,north,0
-0.4166,1.71,-0.9724,-0.3041,,20.3,0.0977,-0.7875,-1.0883,8.35,68.62,-0.4485,7550,C,premium,day,south,1
-1.3766,1.0449,-0.6324,0.1625,7.7116,59.44,1.8102,-1.1159,-0.6778,31.52,79.37,-1.8128,6687,B,standard,swing,south,0
2.9061,0.5745,0.1967,0.7038,3.9029,87.95,-0.0105,-2.096,0.6784,19.54,65.08,-0.4209,7731,C,premium,day,north,1
-1.4206,-0.12,0.9256,-0.4441,4.4948,74.81,-0.1044,0.4344,0.4201,32.57,67.18,-1.7568,9359,D,standard,day,west,0
-0.1697,-1.2707,-0.2859,0.1009,6.1737,,0.2709,-0.8943,1.1986,20.34,60.0,-1.3743,2427,C,economy,swing,north,1
-1.4667,-0.2588,-0.2116,-0.3723,7.5493,22.76,0.2791,2.1018,-1.2223,8.26,65.67,-1.5914,2318,A,standard,swing,west,1
1.5461,-0.326,0.3464,-0.4799,5.4593,65.81,-1.3082,-0.1478,2.3202,29.75,77.8,0.2887,6377,A,standard,day,east,1
-2.0646,1.6344,-0.6219,-2.3614,5.2747,77.1,-0.0937,-0.0077,-2.7986,15.16,63.05,0.1744,9737,C,,day,north,0
2.0949,-1.1437,-0.6699,-0.1034,1.6692,58.2,0.1758,-0.9182,0.1574,14.51,73.47,0.6908,7539,B,premium,swing,north,1
-1.335,1.9868,1.6562,0.7135,0.6719,,-1.431,-0.7728,1.0814,8.93,59.86,1.2774,3286,C,premium,day,north,1
2.1988,0.7849,0.4484,1.6175,4.2513,58.35,0.1016,1.1018,0.8312,40.31,66.29,-0.1438,7889,A,,night,north,0
1.3109,-0.4874,-0.0602,2.615,7.0111,63.75,-1.3961,0.0335,-0.1674,24.63,77.85,2.5399,8684,B,standard,swing,south,0
-0.3797,-0.3896,-1.3023,-0.0858,2.7704,80.93,0.647,1.7774,0.2527,44.03,55.84,0.8081,5312,D,economy,day,south,0
1.1224,1.7113,0.4271,0.6848,0.3509,34.59,1.3651,0.3164,-1.4454,14.89,71.98,1.9825,5787,D,standard,night,east,1
0.9307,0.0731,0.7529,0.5333,0.3057,29.38,0.7497,-0.515,0.5189,10.94,74.21,0.0045,7354,D,standard,day,south,1
0.4168,0.2231,0.4008,1.1212,9.9213,91.01,-0.2063,-0.0412,0.8162,22.83,72.73,-1.7274,6486,C,standard,night,north,1
-0.5633,0.1648,0.3036,0.271,6.2303,57.73,-0.6963,-0.8331,0.1378,21.48,61.87,-1.122,6405,A,economy,night,west,0
-2.7592,1.7403,1.446,-0.9747,0.1997,37.1,-1.3595,-0.5158,-0.7672,21.22,64.2,0.2054,8769,B,premium,swing,south,1
-0.3513,-1.7885,-1.0521,0.2216,0.5988,62.93,-0.237,-0.1836,0.0388,47.13,74.03,0.5269,7255,A,economy,swing,west,0
-0.3502,-2.8906,0.532,0.6939,1.7525,30.27,0.0796,0.6937,-1.0212,17.41,84.86,-1.1404,6112,C,economy,day,west,0
-0.1628,-1.2694,-0.5376,-1.5929,0.2792,66.78,-1.0144,-0.3278,1.254,4.51,70.99,-0.4799,8801,B,economy,day,east,0
0.7178,-0.8877,0.7971,0.3251,8.2216,,-1.9305,0.0007,-1.1318,9.82,69.74,1.1684,5346,A,premium,day,south,0
-0.3729,0.3019,0.6575,0.6739,2.729,76.97,0.1144,1.5731,-1.4841,17.21,57.45,0.762,1641,C,premium,swing,south,0
1.4017,0.5604,0.0369,0.1055,6.9831,31.04,1.265,0.845,0.6864,16.33,71.69,1.1252,5067,D,economy,swing,south,0
1.5637,-1.0567,-0.629,-0.4106,8.3472,14.01,1.5376,1.8874,0.585,2.54,60.48,-1.1611,5323,D,standard,night,east,0
2.5792,1.1174,-0.3016,-2.1404,8.0936,49.12,-0.9291,0.1144,1.6936,9.78,69.87,-1.8838,6122,C,standard,night,east,0
0.7861,1.0217,2.3793,-0.5543,5.4471,63.97,-0.5887,-0.8486,1.3358,27.38,69.34,0.0869,5993,B,economy,day,north,1
1.2756,-0.7278,1.1671,-0.4307,6.7598,44.07,-0.491,-0.3171,1.6286,10.64,91.18,0.2191,3114,D,economy,day,west,0
2.5931,-0.4357,0.9431,-1.0626,8.6793,77.19,-1.0804,1.3086,1.2187,21.56,72.23,-0.7095,7014,A,premium,swing,west,1
0.1959,-0.3762,0.069,-1.5639,9.1035,58.36,-0.0513,0.488,1.4834,8.31,69.49,-0.5022,8267,C,,day,west,0
-0.0596,-1.4461,-0.7306,0.665,5.4283,56.84,-0.1835,-0.7476,0.142,23.11,74.27,0.7292,4207,A,standard,swing,south,1
-0.3383,-1.2847,0.431,-2.6443,6.6597,56.6,1.1405,0.33,0.6916,10.22,82.54,0.2935,8502,C,economy,night,west,0
-0.504,-1.2439,0.6034,-0.5439,2.1668,59.51,0.1031,0.9227,,22.07,72.78,0.6568,8178,A,economy,day,east,0
-1.7989,0.4469,1.1029,-0.6955,4.1496,54.88,0.0749,0.7264,-0.1136,21.68,53.16,-0.542,2682,C,,night,west,0
-0.2578,-1.3585,0.3559,-1.3973,6.7031,,-0.616,0.339,1.732,18.8,83.31,-1.6434,2555,A,premium,swing,south,0
-0.5579,-0.3712,1.2485,0.7075,7.0452,14.05,-0.8832,0.2612,-0.3623,10.37,58.86,-0.0711,3450,D,,day,south,1
1.8193,0.615,-0.6779,0.2098,5.0242,47.77,0.875,-0.5902,-0.9084,11.16,41.62,1.2797,7552,D,premium,day,east,0
-1.8908,-0.3324,-1.3159,0.3935,8.0465,49.66,1.1559,-1.3823,-0.9372,18.36,66.53,0.4519,6877,C,standard,day,north,1
-0.3325,1.6113,0.078,1.8729,8.5442,42.37,1.7585,-2.2083,-1.93,17.16,65.17,0.5561,1602,C,economy,swing,north,0
0.6298,-1.2227,0.9272,0.4866,1.9837,64.51,0.8977,1.6599,1.4585,10.09,67.33,0.7987,3309,B,economy,day,west,0
-1.0339,0.6324,-0.6864,0.0145,4.2132,35.85,-1.5477,0.2964,,13.75,63.47,0.416,1630,B,economy,day,east,0
1.2643,-0.8156,-0.0662,0.253,9.5091,26.42,0.4118,-0.385,0.6614,20.89,64.21,-0.8526,3046,C,economy,night,,1
-0.3109,,,0.6899,9.4079,15.14,0.2562,0.3389,0.2545,24.48,61.97,0.8276,9534,B,premium,swing,east,0
-0.317,-1.3395,-1.23,0.1253,7.0566,56.71,0.7559,-1.9558,0.3646,68.16,68.85,0.8133,4201,C,standard,night,west,0
0.8126,-1.4029,0.7262,-0.8725,2.9013,30.26,0.8893,0.5749,0.5943,20.23,52.54,1.8084,1886,A,,day,west,0
0.4197,0.3628,0.96,-1.7275,7.9517,24.14,-0.8153,0.5944,1.2858,19.6,61.67,0.6686,2743,A,economy,day,east,0
0.1468,0.7074,-0.0178,-0.4966,7.3656,55.54,0.7608,-0.8486,0.1786,35.25,68.81,2.1894,5425,D,premium,night,south,1
0.6393,0.6255,0.4691,0.409,7.8376,18.92,1.493,-0.4691,0.0568,20.54,64.13,-1.6976,1036,B,standard,swing,north,0
-0.7515,-1.1501,1.9971,-0.153,0.9614,81.96,-0.7988,-0.4061,0.0951,25.41,81.72,0.6927,2389,C,standard,swing,south,1
-0.3282,2.0045,-1.0742,-1.148,5.3207,71.28,-0.3076,1.437,-0.1618,22.76,65.92,-1.288,6358,D,standard,day,east,1
-1.232,1.1251,0.49,0.539,8.7311,40.84,0.3295,0.3683,-0.1526,27.43,60.82,1.4191,9232,A,standard,day,west,1
-0.1265,,-1.785,-1.3165,9.6244,75.47,-0.3545,-0.0089,0.4395,22.7,63.29,0.8476,4058,B,premium,night,east,0
-0.5638,-0.4996,,1.4672,,38.63,-0.3456,-0.7936,0.4478,19.55,62.02,0.0599,1094,A,standard,swing,west,0
0.3501,0.5754,0.087,-1.2551,3.7298,72.37,-0.5208,1.0954,-0.5744,40.2,78.89,0.3957,7369,D,standard,day,west,0
-0.2871,,-0.1035,-0.294,,35.5,2.0016,1.949,0.6677,16.66,61.98,-1.6784,4490,B,premium,swing,south,0
-0.4557,3.0533,0.6278,0.6877,0.0163,72.23,0.1164,0.3201,-0.765,18.11,65.87,-1.4599,3212,B,economy,day,north,0
1.1235,-0.5358,-0.5728,-1.3509,7.4371,,0.661,-0.1118,0.4331,35.32,59.55,-1.1519,1932,B,premium,day,south,1
-1.7667,0.6943,1.5379,-0.9292,2.6824,60.34,2.6678,-0.8022,0.8414,9.31,70.67,2.2428,3856,A,premium,night,south,0
-0.8488,-1.3894,,-0.0612,7.7253,42.24,-1.018,-0.1994,-0.6376,5.49,57.54,-1.2892,5717,B,premium,swing,south,0
0.3741,0.5036,0.5665,0.6034,2.8616,4.8,-1.1503,-1.1598,-0.3995,50.83,55.35,-0.3154,1248,C,economy,day,south,0
1.504,2.0392,-0.0111,-0.8236,7.8203,51.29,0.4143,-1.3948,-0.0496,35.64,59.04,-0.3334,1033,C,standard,day,south,1
-0.982,0.3511,-0.5247,-0.6207,6.0009,51.43,-1.0342,0.1897,,6.94,57.39,0.0246,8420,B,economy,night,east,0
0.5278,-0.4481,0.8125,0.4763,6.7455,15.75,-0.6378,-0.9092,0.2978,43.49,58.52,-0.6551,5175,A,standard,day,west,0
-0.3107,-0.2259,0.8249,-1.0811,5.6883,92.07,1.0548,-0.969,-0.5756,16.78,63.45,0.8625,2828,A,standard,day,north,0
0.0465,-1.0176,1.3581,0.2955,2.2958,85.27,0.8261,1.9427,-0.9705,28.3,79.31,0.6986,5823,A,economy,night,south,0
3.1635,,-0.9901,-0.5995,3.5961,89.47,0.4431,0.6802,1.5747,26.08,78.2,-0.7194,7460,D,premium,day,north,1
-2.3115,0.0432,-0.1923,-0.4193,6.2148,59.07,-0.8124,-1.1002,-0.4335,15.66,77.31,1.8296,5449,A,economy,night,west,0
0.5134,,0.2943,-0.6883,1.7972,25.08,0.5933,0.7587,1.8364,9.25,60.93,-1.9214,2970,C,premium,swing,south,0
-0.7264,-0.9272,-0.583,1.5051,7.3765,59.47,0.6522,-0.0786,-0.53,36.93,61.68,0.5835,2535,A,standard,night,north,0
0.0712,0.4943,-0.133,-0.1974,1.4634,33.66,1.0948,-0.0288,1.0821,7.9,75.21,0.5896,2944,B,premium,swing,south,0
0.0883,-1.5706,-0.8237,0.1999,6.7242,19.59,0.6683,-1.6977,-0.5031,42.23,72.37,-1.5165,8020,C,economy,night,north,1
0.398,1.8656,-0.921,-1.5556,0.5233,38.8,-0.7501,1.6299,0.2251,17.75,72.87,0.8215,4287,A,economy,night,west,1
0.7045,-0.8794,1.5248,0.9315,7.2485,25.85,-1.3064,0.1963,1.5397,25.45,72.54,0.049,2619,D,standard,day,west,1
-0.5941,-1.4401,2.5409,0.248,1.5605,21.51,-0.5026,-1.9962,1.1578,4.81,74.09,0.2884,2695,D,premium,night,west,0
-1.0367,-3.2009,-0.2125,1.0371,4.1748,33.15,-0.0271,0.0133,-1.1405,15.98,64.34,0.4029,7618,A,standard,day,east,0
-0.724,1.7941,2.2664,-0.9893,7.0594,21.83,1.0689,-0.8044,,20.6,57.72,0.6599,8976,A,standard,day,south,0
-0.561,-0.1313,-0.3715,0.1653,1.3933,36.73,-0.0988,0.2181,-0.3206,14.42,62.34,-1.3123,1443,D,economy,day,south,0
1.3229,0.4529,1.0291,-0.7849,3.2773,38.02,-2.3455,-1.8521,2.8731,42.6,89.52,1.607,8657,D,standard,day,west,1
1.0171,-1.4125,0.5626,0.7889,0.6758,48.84,1.1976,-2.4986,-0.6447,8.31,77.54,0.8131,1650,C,premium,swing,south,1
0.4073,-1.6946,-0.2754,-0.1792,1.0878,57.43,0.4249,-0.3841,-0.2647,9.11,85.76,-0.3769,9628,B,standard,day,north,0
0.2654,0.9363,1.1494,-0.4593,4.6673,64.54,-0.4623,1.5418,0.6686,6.54,58.92,-1.2407,9766,A,standard,day,east,0
1.6338,-0.4243,1.0837,-0.0974,6.0256,38.94,0.3408,-2.1973,1.3656,21.06,64.26,-1.1419,9298,D,economy,day,south,0
-0.4531,0.9189,-0.8186,-1.0283,9.4431,54.31,-0.8331,-0.7561,-1.8009,21.8,75.99,2.0708,3057,C,economy,day,south,0
-0.1151,1.3375,-0.3976,-0.9443,5.416,68.52,-0.7727,-0.051,-0.2861,40.84,61.18,1.3587,9388,C,,day,west,0
-0.8319,0.1923,,-0.944,6.2196,15.99,0.4173,-0.5907,1.3281,5.38,66.28,-0.4451,6283,A,standard,day,west,0
1.9968,-1.3358,-2.172,2.638,1.3475,42.82,-0.2947,0.7047,3.0302,14.64,55.46,-2.0595,9270,A,economy,swing,east,0
2.2625,0.6606,-0.6625,-0.6998,1.4417,29.75,-0.4511,-0.272,0.6294,6.86,81.75,2.893,1917,A,premium,night,west,0
-1.5764,0.5135,-0.4746,0.2383,1.6097,68.51,0.064,-0.6161,,60.77,71.99,-2.0101,4643,B,premium,day,east,0
-0.0505,-0.8179,-2.1934,0.6217,0.0019,21.55,-0.0232,0.0637,0.5022,3.46,63.51,0.4552,8811,A,economy,night,south,1
-1.9011,-1.03,-0.0375,-1.4447,0.4019,9.72,-0.2164,0.0901,-0.2395,33.21,61.5,-0.6334,2247,D,premium,day,south,1
0.3503,0.5564,0.5683,1.3824,1.2894,68.88,-0.2588,1.6478,0.7332,3.03,76.17,-0.0367,9567,A,,night,south,0
-0.2666,2.5028,-0.4101,0.1958,1.8865,,0.7241,-0.5784,-0.2144,27.3,60.81,2.8433,6624,B,premium,night,east,1
-0.8408,1.5729,-0.7898,0.5494,4.1657,42.17,-0.2143,0.5535,0.7685,14.57,70.36,2.1118,1781,C,standard,day,west,0
0.8291,-0.238,0.4446,0.4096,0.1769,37.66,1.4752,0.2519,-0.7585,33.87,59.25,-0.1424,2728,C,standard,night,south,0
-0.2239,-1.2657,1.0771,-1.1863,4.9651,42.39,0.2645,-1.2344,1.3165,38.43,65.59,-0.9322,4439,D,standard,night,north,0
-1.8823,-1.5107,0.119,-0.1398,6.0506,60.15,0.7486,-0.6223,-0.2131,19.9,70.31,-0.0047,7445,D,standard,night,south,0
0.1551,-0.0733,,-1.128,8.7762,20.38,-0.3161,0.8459,0.9254,14.64,63.67,3.051,3097,A,standard,day,east,0
-1.2288,,1.1586,-0.219,8.8513,64.37,0.8782,0.0093,-1.6441,19.94,74.38,2.0657,4024,A,premium,day,south,0
0.851,-0.0871,-0.5736,0.343,8.1755,57.64,-0.8244,1.9056,0.416,55.53,63.67,-0.765,6258,D,standard,swing,east,1
-0.5329,2.2064,0.0919,-0.5271,5.212,28.03,1.4564,-1.0859,-2.4295,19.14,66.59,-0.6936,2865,C,standard,swing,north,0
0.1252,-2.8242,-0.124,1.0247,4.7445,,-0.7208,1.1579,-2.2555,27.29,58.14,-1.523,5691,C,economy,day,south,0
1.0353,-0.2356,0.8184,0.0149,0.1002,67.62,1.1392,0.8858,1.8966,5.06,54.06,1.6673,8398,A,economy,swing,west,1
-0.594,,-0.1926,-1.4129,8.4089,39.31,0.3998,1.2851,0.3082,25.75,81.86,0.427,2230,D,economy,day,west,0
-1.2868,0.4851,1.1537,1.0088,1.4947,35.75,1.2407,0.6088,2.8681,28.52,60.8,-0.7436,3772,B,economy,day,south,1
0.3931,0.7608,-0.1495,-0.1775,4.7828,,1.1166,-1.1015,0.5977,12.17,78.58,-0.9117,9179,C,economy,night,north,0
-0.2028,0.4927,-0.3545,0.2673,8.4293,66.62,-0.8214,-0.4772,0.0425,39.34,52.96,0.6467,8815,D,standard,day,west,0
0.0971,-1.922,-0.3195,0.454,4.7644,62.36,-0.1521,-1.8343,-0.0025,30.95,65.27,0.7285,8052,C,standard,day,north,0
-0.6869,0.006,-1.7448,0.3625,3.3604,,1.5305,0.1308,-1.4683,20.52,71.94,0.6123,7164,C,standard,day,west,0
-1.0266,-0.9686,-0.298,0.4652,6.4388,82.14,0.2653,-0.5251,-0.5275,18.5,82.13,1.0969,4913,C,standard,swing,east,0
-0.6043,0.9334,0.3097,-0.9124,5.0044,84.34,0.2296,1.0271,-1.5802,2.99,69.23,-0.8166,9011,C,standard,swing,north,1
0.2858,-1.5376,1.1941,2.0929,4.6574,32.33,-0.1993,-0.831,-0.5774,25.17,69.84,-0.947,9887,B,economy,day,west,0
-0.048,-1.6954,-0.7807,0.195,9.5689,40.81,-1.1736,-1.1205,-0.0844,12.73,72.07,0.7099,8856,A,standard,day,west,1
-0.1393,-1.418,-0.4453,-0.1921,2.3738,78.6,-0.4901,0.0306,1.0752,15.08,69.2,0.6592,5578,D,standard,day,south,1
-0.3007,1.3598,-0.8,0.215,9.6779,72.21,0.1526,-1.3181,1.2552,24.42,59.78,-0.7366,7654,C,premium,night,east,0
-1.2674,,-2.1737,-0.3342,2.7911,66.28,1.2287,1.4705,-0.8954,15.59,69.8,0.8966,4042,A,premium,day,north,1
1.4632,-2.2748,-0.2291,-0.1969,9.1382,28.61,0.8917,-0.4783,0.1039,20.76,67.92,-0.9349,6647,C,standard,night,south,1
-0.3858,-1.5459,-0.2969,-2.4166,2.8761,52.18,0.5021,-0.742,-0.8095,11.11,61.98,-0.4159,6138,C,standard,swing,east,0
-2.059,-0.5863,-0.2243,-1.6413,4.1068,76.01,1.8425,-1.3261,-0.7296,20.5,75.75,0.6683,1635,D,standard,night,north,1
-0.3163,0.5164,-0.2532,-1.4318,3.8415,27.99,0.3921,-1.027,-0.7302,7.97,57.99,-0.2573,8466,D,premium,swing,south,0
0.3274,-0.9103,,-1.4486,4.6529,52.79,-1.2387,0.9306,-0.085,15.79,76.73,-0.3881,5402,A,standard,day,south,0
0.7601,0.1868,1.3738,-3.1384,0.0559,49.2,-1.8075,-0.1794,1.2127,23.89,47.19,-0.3168,4209,B,standard,night,east,0
1.6354,-0.0892,0.8441,0.1657,7.244,42.29,-0.8307,0.8168,0.3919,14.92,64.26,-1.4035,4697,D,standard,night,east,0
-0.0071,-1.1351,0.2254,1.2737,7.5935,40.53,-0.1586,-1.2337,0.7056,8.04,88.38,-0.0676,6413,D,standard,day,east,0
0.545,2.3454,-0.8903,-1.1614,2.6764,81.11,0.9201,0.6533,1.6043,22.67,75.75,-0.0212,2647,B,standard,day,west,1
-0.5241,1.2937,1.8589,2.8273,4.7892,77.24,-0.2883,0.0817,-0.4068,20.64,59.83,-1.1543,1536,C,premium,day,north,1
0.1873,-0.5331,1.4685,-0.4421,7.3944,58.94,-0.6651,0.0668,0.208,22.26,75.43,-0.7151,2652,B,standard,day,west,0
0.5484,-1.0029,0.4789,-0.4191,3.3083,46.9,-0.8189,0.0201,-0.9474,7.36,67.3,-0.1142,6801,B,standard,night,west,0
-1.0125,0.716,0.9348,-0.5574,3.529,63.76,0.2374,-0.9192,,16.3,74.23,0.6941,6774,B,standard,day,east,0
-0.9678,1.1542,0.2865,-1.4061,3.3479,56.18,-0.0916,1.7555,-1.7265,29.39,53.86,0.9635,9789,C,premium,swing,east,0
2.6336,1.0568,0.998,0.6095,5.2533,61.92,-1.0152,-0.9723,1.4665,48.11,66.36,-0.219,2176,C,standard,night,east,1
-1.3134,-0.198,-0.7229,2.3164,6.4418,,0.9758,0.0945,0.4889,6.22,65.71,-0.3493,9198,A,premium,swing,north,0
0.8251,-0.164,0.1929,0.7088,1.3657,43.16,0.5789,0.3078,1.6373,17.29,75.79,1.1925,9090,B,standard,night,south,0
1.2109,0.0122,0.6342,0.8729,1.5505,65.07,2.3818,-1.4223,0.1502,11.77,65.95,-0.1943,7634,C,premium,swing,south,0
0.212,0.6435,-1.4555,0.7186,7.163,30.73,-1.3893,-0.5043,-0.2588,11.83,83.4,-1.6706,7115,C,standard,day,south,1
0.1223,0.7286,1.2322,-0.1284,7.9861,61.71,1.0016,-0.3561,-0.2283,20.17,68.63,0.6076,4831,D,standard,night,north,0
-1.6118,-1.0107,-1.3289,0.3164,5.3799,84.93,-0.0283,0.1589,-0.1372,16.24,68.41,0.7332,5404,B,standard,day,east,1
0.2461,-0.2127,-1.3525,-1.02,2.1829,80.85,-2.5516,-1.1166,0.6815,12.25,71.84,-1.0955,8527,D,standard,night,north,1
-0.1652,-1.8904,0.9628,-1.6071,6.8884,84.58,-0.8989,-0.3265,0.3826,21.11,61.69,1.4419,4470,C,economy,night,east,0
0.1049,2.0585,1.0846,0.8141,5.5255,32.96,-0.5368,-0.7113,1.5088,16.71,69.82,-0.0336,8615,B,premium,night,west,1
0.1802,0.1249,0.3648,-0.1519,6.1282,11.72,0.3651,0.7648,1.4522,23.36,64.86,0.8838,8343,A,,night,south,0
-0.2024,-0.6796,0.5396,0.2595,3.9062,54.47,-2.1159,-0.6434,0.04,22.06,57.9,-0.4999,6833,A,standard,night,east,0
0.5908,,-0.7054,-0.9357,7.2723,47.9,-0.804,0.7054,0.8947,9.06,48.63,0.1639,2330,C,premium,swing,west,0
0.28,-0.5441,-2.5219,0.8139,1.4523,42.85,1.5557,-0.6675,2.4289,19.66,67.1,0.2581,5991,A,economy,day,east,1
0.2722,-0.8305,-0.547,0.8813,1.9429,18.75,1.026,1.1151,-0.1882,41.06,52.87,0.3566,5848,A,standard,night,west,0
1.1981,-1.9937,-0.6078,-0.9605,5.5135,92.83,1.701,-1.5987,1.2726,13.8,60.39,-0.2046,6678,B,standard,day,south,1
-0.3628,0.645,-1.5214,0.5206,8.0759,70.21,0.6915,1.1166,-0.1612,25.91,73.43,1.3694,2835,D,economy,day,west,0
-0.6817,-1.0136,,-0.7223,3.8165,89.45,-1.2687,1.7022,0.2126,7.53,75.04,-0.1606,2931,A,standard,swing,west,0
-0.6816,0.7605,0.8606,1.5985,6.9263,90.11,-0.0417,-1.8231,-0.8441,17.52,68.58,0.3321,1487,D,premium,night,north,0
0.2139,0.0336,,-0.8465,1.3286,29.32,0.5761,-2.0551,-1.1299,19.26,62.88,0.6407,3018,D,standard,day,south,0
-0.9635,0.113,1.5381,-0.7791,1.1335,36.39,2.3602,-0.1651,-0.1409,6.48,50.68,0.3977,8723,D,standard,day,south,1
-0.4082,-1.0354,-1.8517,-0.1101,1.9281,22.94,-1.0776,0.2423,1.3081,6.7,62.61,-1.5351,6690,D,economy,swing,north,1
-0.1529,-0.6584,-0.0479,-1.5228,8.3841,44.12,1.5043,1.7222,-0.6466,83.45,57.66,-0.0251,5944,C,standard,day,west,1
0.7286,0.8403,-3.1451,-1.0172,0.5246,52.5,0.2157,-0.3295,-0.7703,11.55,85.63,-0.682,9501,B,economy,swing,south,0
1.0197,0.7846,0.648,0.3937,6.1695,32.8,-1.201,-1.6496,0.9345,33.68,66.98,-0.3222,4893,C,economy,day,east,0
-0.2292,-1.0157,0.5207,-1.8784,6.676,36.87,0.9228,-0.4254,-0.7373,34.96,71.45,1.3714,2225,A,standard,night,west,0
0.0644,,1.0356,-0.6581,8.082,50.56,-0.2214,0.093,-0.2601,25.44,66.83,0.9922,7805,D,premium,day,north,0
1.469,-0.6294,1.4137,2.4398,4.1567,42.22,-0.082,0.2282,0.1921,27.26,72.36,-0.3492,2419,B,standard,night,east,1
-0.222,-0.208,-0.1671,0.1248,5.6899,49.94,-0.8149,1.5013,1.5429,29.99,47.81,-1.4675,7432,B,premium,swing,south,0
0.9617,0.7656,0.4264,-0.4037,1.0355,14.45,0.5365,0.6295,-0.5026,14.33,65.57,0.7987,9661,C,,day,west,0
-1.7474,-0.0237,-1.9114,-0.538,4.8662,70.39,1.0208,2.317,-0.5844,21.4,75.36,0.8664,7808,B,standard,day,west,0
-0.2304,-0.6777,0.7429,-0.2639,9.8364,44.17,0.0748,-1.3119,3.2634,10.09,64.27,-0.0918,9729,C,premium,day,west,0
-0.8615,1.164,1.1176,0.0898,7.4629,94.77,-0.5439,0.0009,0.9089,21.1,59.86,0.5243,5267,B,standard,swing,south,0
2.016,-0.1005,-0.6801,-1.218,3.0367,26.58,0.9533,2.3219,1.3839,31.35,55.03,-1.0257,3689,C,standard,day,south,1
-0.3402,-0.9964,-0.6778,-0.5737,,25.1,0.6574,-0.8727,-0.3535,5.04,71.94,0.0065,4583,A,standard,swing,west,0
0.1835,-0.5231,-1.189,-0.2026,7.6469,13.87,0.0541,-0.5702,-1.3942,8.91,64.28,0.1909,7823,C,standard,swing,north,0
-0.7131,,0.448,-0.6852,7.3289,47.0,-2.9426,1.5122,-0.342,5.17,79.42,-1.522,9270,B,economy,swing,west,0
-0.3767,0.3265,-0.98,-0.9562,8.6978,,-0.0915,-0.8871,0.4565,23.42,67.68,1.0199,2222,A,standard,swing,north,0
-0.1619,1.4473,0.6014,-0.8817,2.4275,62.8,0.0967,-1.639,-0.5532,23.38,63.28,0.6117,2536,C,premium,swing,south,0
0.1716,-0.6327,-0.7469,0.716,4.3648,,-1.7372,1.1881,1.8156,4.24,54.48,0.0654,2549,C,standard,night,west,1
0.4107,-0.3255,0.9248,1.0681,3.1384,46.22,1.4968,0.9863,-0.3011,38.17,61.76,1.3126,6751,C,premium,night,south,0
2.4857,-1.4867,1.1689,-0.8808,4.9151,53.19,1.1447,-0.8424,0.0343,7.75,77.61,-0.2392,8828,D,standard,swing,west,1
-0.4348,-0.7737,1.6779,-1.3293,,76.59,0.4254,0.1182,-0.6937,15.54,78.36,0.8745,7854,C,standard,day,east,1
2.0998,-0.0463,-1.8921,-0.3729,2.2474,37.87,0.0999,2.2336,2.4226,20.94,70.46,0.1656,5601,C,economy,swing,north,1
-0.4699,-0.5855,-1.4395,1.4245,1.182,65.96,0.6224,2.9867,-0.6843,27.11,69.98,-0.6597,9317,C,standard,swing,west,0
-0.8448,-1.0962,-0.9918,0.0519,3.3277,86.33,-0.0065,-0.1184,-0.2322,38.65,54.3,1.2492,6441,C,economy,swing,south,0
0.2385,0.0121,1.0974,0.526,8.767,73.74,0.004,0.2119,1.5125,13.21,63.53,0.6026,6909,D,economy,swing,north,1
0.2823,-0.3641,-0.0013,-0.773,0.1784,43.11,-0.0334,0.9253,-1.4566,29.63,73.63,1.2353,4616,A,premium,swing,north,0
0.6402,0.6938,1.4341,0.0864,8.0902,22.54,0.3324,0.0918,0.6896,26.88,69.82,-0.0249,4862,C,standard,night,south,0
-0.7181,-3.1942,-0.9161,0.6837,4.613,93.59,-0.2872,-0.1191,-1.4849,36.13,71.96,0.3879,8564,A,standard,day,north,1
0.308,0.9681,-1.1396,1.4913,0.7081,85.78,0.4424,-1.5242,-0.8474,11.94,57.03,-0.8216,4094,D,standard,night,north,1
-0.9019,1.6689,1.6198,0.5672,1.3564,24.8,0.7252,-0.0836,0.8801,16.0,64.61,1.1504,6872,A,economy,swing,west,0
0.5952,0.0944,0.1459,-0.1803,5.1361,32.14,0.8104,1.3661,0.9973,16.94,72.91,0.4832,8866,D,economy,day,west,0
0.2496,-2.1588,0.8659,-2.1562,,67.02,0.1799,1.6256,1.7605,71.2,65.4,-0.1364,8918,D,standard,swing,east,0
-1.6533,-0.8097,0.9143,-0.9125,0.2053,27.9,-1.4877,1.2232,-1.3676,11.55,57.88,-0.4787,1212,B,premium,day,west,0
-2.4675,0.3801,0.223,-0.6083,3.639,29.11,-0.779,0.4927,0.8271,11.17,83.36,-0.8533,8316,D,premium,day,,0
0.2656,-0.0186,-0.424,-0.9488,9.0218,49.57,-0.6123,1.7462,0.5284,26.29,63.82,-0.2935,8819,D,standard,day,north,0
-1.4349,-0.087,-1.0348,-1.0531,0.7353,37.22,-0.6823,0.5488,-0.6139,21.48,66.71,-0.2546,9774,B,premium,day,north,0
-0.6017,0.314,0.3755,0.3655,1.2547,84.05,0.1691,-0.1913,-0.2098,28.72,69.34,0.8221,7474,B,standard,night,north,0
0.9791,1.0654,1.2855,0.8308,7.2067,33.43,-0.9539,0.6163,0.635,22.99,72.06,0.7788,1721,B,standard,day,north,1
1.0261,0.8346,-1.1038,1.7128,9.4264,35.45,-1.009,1.468,,4.57,81.55,1.5124,7002,C,premium,night,west,0
0.3128,0.607,0.2492,0.0492,7.59,47.58,-0.6271,-0.7246,1.4305,14.92,50.2,-1.8254,6428,A,standard,swing,west,0
0.1944,-0.6156,-0.4603,-0.0808,2.8924,,0.5432,1.6454,-1.587,22.82,71.9,-0.7313,8008,B,standard,night,west,1
0.7903,2.3043,-0.4486,-1.3914,9.5968,54.58,1.9583,0.4724,-1.398,34.14,79.2,1.5384,7728,C,economy,swing,south,0
1.314,1.4851,0.071,-0.6986,1.892,40.97,0.4021,0.3083,-0.3053,14.56,75.92,0.0245,8412,A,standard,day,,0
0.9451,-1.2103,0.1125,0.1092,1.1927,32.57,-0.09,-2.4945,-0.341,13.23,92.01,0.1696,5400,A,premium,day,west,1
-0.8528,-1.094,0.4076,-0.9754,0.6016,55.23,-1.1926,1.4711,-0.5607,5.37,79.03,-1.1479,8599,B,premium,swing,east,0
-0.0452,,0.3085,0.4923,6.5993,40.24,0.2371,0.2797,1.1514,11.61,63.33,2.6596,1640,C,premium,swing,north,0
1.2362,-0.4263,-0.7308,-0.7787,4.5066,66.75,-0.9465,-0.329,2.428,7.94,73.4,0.1499,5296,D,premium,night,south,1
-0.0324,0.6195,1.9368,-0.3492,4.6359,32.71,0.5252,1.7255,2.0932,41.32,71.35,-0.1442,6415,A,standard,swing,east,0
1.6828,-1.6499,-0.3692,-0.2345,0.1296,30.0,0.0203,-1.1927,0.5619,12.85,84.55,1.0718,6695,B,economy,swing,south,1
1.4424,1.2595,0.2214,0.0817,5.7315,57.83,-0.1796,0.3666,0.5657,10.34,71.63,-0.19,1871,B,premium,night,east,0
-0.898,-2.3527,0.4171,-0.6136,5.2873,55.14,-0.986,-0.6001,0.7738,2.5,68.59,1.7526,1021,B,premium,swing,east,0
-0.4968,0.656,-1.021,0.1378,7.2032,68.76,-0.7178,0.4079,0.1113,15.45,62.91,-0.4323,4315,B,standard,swing,east,0
-2.07,-0.4136,-0.2713,-1.0976,4.9701,55.4,0.0536,-1.3956,0.5874,28.6,74.47,-0.5199,8100,C,standard,swing,west,1
-1.1476,-0.0723,1.2428,-0.1891,7.2017,23.6,-0.7447,-1.4026,-0.3304,21.58,69.24,-1.143,6952,C,standard,day,west,0
0.521,0.9034,0.7922,-1.3082,0.0795,7.03,-1.324,-1.8257,-0.8518,31.59,53.12,-0.0496,1533,A,economy,day,,0
-0.1162,-1.1031,0.089,-0.1794,,46.11,0.8631,-0.5429,-1.2843,20.46,58.32,0.9792,7350,B,economy,day,north,0
0.1446,-1.8688,-0.5197,-0.9187,2.0104,31.31,0.9569,0.1598,2.4273,20.72,61.07,1.0557,4888,A,standard,swing,south,1
-0.1232,-2.1685,0.9906,-0.4705,3.1423,62.26,-0.3387,0.3893,0.5084,34.44,62.63,-0.269,2569,B,economy,day,south,0
1.3399,0.2902,-1.536,-1.1575,,68.36,-0.6661,-0.587,-0.3513,6.71,65.05,-0.7349,8402,D,economy,night,west,0
0.3178,0.5521,-0.8865,0.4123,7.1284,44.39,-2.3166,-0.1986,1.1475,19.72,58.92,0.339,2522,D,economy,day,north,0
0.3079,1.2522,-0.8987,-0.1536,,33.46,1.4264,-0.5803,1.565,38.75,61.6,0.6227,2205,A,economy,swing,east,0
0.1012,,-0.7566,0.5714,7.8771,80.28,1.0035,-0.9423,1.1784,19.54,70.91,0.7038,3191,C,standard,swing,east,0
0.6274,0.5098,-0.4177,-1.1388,1.7692,65.6,-1.2483,-0.6734,2.0327,23.4,60.38,-0.7996,3652,A,economy,day,west,0
-0.2641,-0.6774,-0.0377,-1.4415,7.2418,27.11,-1.3201,-0.3487,-2.5022,15.27,90.42,-2.1773,5126,C,economy,swing,west,1
2.3528,0.5465,0.4034,-1.2565,2.6461,14.24,0.2473,0.7086,2.2047,6.2,62.17,-0.001,5778,A,standard,swing,south,1
0.4709,1.6428,-0.6142,0.6997,7.4133,47.81,0.6992,2.211,1.2636,8.59,56.93,-1.5277,3272,B,premium,swing,east,0
0.1218,0.546,0.9531,0.0144,8.6873,80.77,1.5276,2.0139,-1.1579,39.58,59.03,-0.2447,4417,D,economy,day,east,0
1.2444,0.8975,0.7516,0.5384,8.8659,84.93,1.2907,-0.6962,-0.1454,28.13,58.79,1.0552,3045,C,standard,day,south,0
-0.4994,-0.4783,-0.0994,-0.7382,8.2708,48.08,-0.9289,0.4989,0.0096,36.01,76.68,-0.0529,3603,A,premium,swing,east,0
-0.4906,0.8752,0.5193,0.279,2.2511,18.71,1.1584,0.7984,,13.42,69.98,-0.2884,8245,C,economy,night,south,0
-0.8074,-1.384,0.1218,0.0692,2.4647,77.9,-1.0027,0.8034,-1.1989,9.17,69.05,-0.3584,1400,C,economy,swing,south,0
0.4815,-0.9936,-0.6421,0.1287,5.3407,26.09,1.0928,0.1681,1.1239,29.41,57.27,-1.595,1455,B,standard,day,north,0
-0.4373,-1.1428,1.0415,0.2262,1.7852,60.06,0.3134,-1.7592,-0.3037,28.88,77.45,1.5421,3982,C,standard,swing,east,0
-0.4277,-0.5717,-0.2923,-0.4926,4.1663,45.9,1.9083,2.0868,0.7772,12.71,74.7,2.6639,1746,B,economy,day,north,0
-1.1854,-3.0158,-1.8007,-1.0043,9.3884,64.24,-2.1143,-0.4038,2.0319,16.86,78.47,1.1508,8110,A,premium,night,north,0
-0.1618,-0.5318,0.9039,-0.3767,7.8608,21.2,-1.2257,1.1397,-0.4148,12.62,77.02,-0.3486,7288,D,economy,day,west,0
-1.0965,-0.4082,,0.5129,0.4638,66.05,-1.0019,1.217,1.1427,12.38,90.83,0.2008,9364,A,standard,day,south,0
-2.0884,-0.2264,-0.0036,-0.3139,6.8952,24.57,-0.9045,-0.0837,-0.6591,17.62,69.16,-1.0554,1365,A,premium,swing,south,0
1.0561,-0.3379,0.0977,-0.8531,0.0598,5.89,-0.1917,-0.98,1.9755,17.95,86.77,-1.236,3825,B,economy,night,south,1
1.625,-0.2415,-0.9169,0.1253,8.3003,86.86,-1.9222,-0.6929,-0.476,5.86,69.85,-0.4824,3454,A,,swing,west,0
-1.4193,-0.8327,-0.3135,-0.7062,1.182,,1.1315,0.3755,0.4797,10.99,53.27,-1.9077,5271,A,premium,swing,south,0
-2.5656,-0.6164,-0.4156,0.5966,2.1355,35.27,0.7113,-1.1223,-1.9533,10.61,76.2,-0.0955,8119,C,premium,night,east,0
1.5655,1.3477,-0.0181,0.5437,2.7859,68.67,-0.3967,-1.5516,1.4098,19.48,40.97,0.3779,4330,A,economy,night,north,1
0.7152,-2.1162,0.2022,0.9083,8.9046,68.17,0.7798,0.0929,-0.1703,7.26,68.04,-1.0448,3191,D,standard,swing,south,0
0.6688,0.8869,0.3102,0.3278,1.2945,31.6,0.5898,-0.2399,1.3686,27.7,50.14,0.1101,7612,D,standard,day,north,0
0.6625,1.4749,-0.3668,0.2786,2.7128,18.84,-0.0694,1.4784,,4.68,65.6,0.5676,6156,B,standard,night,south,0
1.741,0.9979,0.5937,0.5263,4.1272,36.63,-2.2442,-0.6328,,18.95,61.66,-0.3542,4655,B,standard,swing,north,1
-0.4666,0.5626,-0.6071,0.1525,7.0764,69.97,-0.1457,2.0928,-1.1473,16.36,51.16,0.7712,4452,D,economy,swing,east,1
-1.6575,-1.2694,-0.2724,0.7617,6.3533,62.7,1.2853,0.036,-1.5311,4.1,58.98,-0.053,1160,A,standard,swing,south,0
0.693,-0.1268,1.4696,1.1042,2.8541,75.11,0.4167,0.1542,-0.1515,40.46,60.36,1.7256,2444,D,premium,swing,south,0
0.0338,-0.2806,1.0254,-2.1016,9.3214,90.61,-0.8091,0.4598,0.6162,44.35,86.59,0.2391,3794,A,premium,day,north,0
-1.6129,-0.654,-1.4251,-0.2911,3.7989,,1.508,0.0312,,21.67,82.58,1.7847,8969,C,standard,night,east,1
1.1989,-0.074,1.4311,0.8557,5.3493,62.73,0.2139,-0.219,0.9478,62.06,67.47,-0.5607,7982,D,premium,day,south,1
0.1538,0.4095,0.644,0.6288,5.2089,54.08,-0.3669,0.7954,-1.4214,31.46,62.73,0.8294,3367,D,standard,night,west,0
-1.6035,0.84,,0.6682,9.2821,32.26,-0.3012,1.4049,-0.2851,21.43,61.48,0.9945,7437,A,standard,night,south,0
0.3091,0.3614,0.7918,-0.05,7.4445,95.14,-0.1198,-0.7554,0.1502,27.75,42.46,-1.5478,3513,C,economy,swing,north,0
-0.4371,1.8153,-0.2216,0.9839,0.2194,71.96,0.5019,0.5849,-1.2061,15.32,77.58,-0.014,8193,A,standard,day,north,0
-0.4907,-0.8893,0.0318,0.174,5.8061,59.4,0.2235,-0.2672,-0.0723,25.69,73.29,-1.0273,8159,A,standard,day,north,1
0.3487,-1.6978,-0.936,1.019,1.0047,54.6,0.6823,0.1461,0.826,10.53,58.05,-0.4845,2153,C,premium,swing,south,0
-0.2898,-1.1697,0.6963,-0.3463,6.4126,42.27,0.3602,-1.1012,2.0009,20.5,79.2,0.2852,5474,A,standard,day,south,1
0.3139,-0.0924,-0.1156,-3.2449,8.351,98.21,0.5959,-0.1167,-0.0011,14.07,80.95,0.0814,9582,D,standard,night,north,0
0.4493,-1.4584,0.108,-0.6055,9.2453,34.84,-0.4226,-0.6317,-0.1377,34.64,80.04,0.0344,2891,D,economy,day,north,0
1.5624,-1.4864,-0.5565,0.6771,4.4232,3.98,0.6137,0.6346,,5.85,82.12,1.0372,3343,B,standard,swing,south,0
1.2032,0.8898,0.8842,0.9639,3.3045,30.61,0.069,-0.3925,-0.3544,11.56,66.01,0.8097,5114,C,standard,night,west,0
1.0062,0.8282,1.7705,-0.7336,9.8302,36.54,0.2748,0.2592,-2.2843,6.48,58.21,-0.1155,1397,B,economy,swing,west,1
-0.0445,0.7188,0.3227,-0.8863,4.932,48.09,0.087,0.1107,-0.7421,45.13,62.03,-1.1139,2745,C,premium,night,west,1
0.8967,-1.2376,-1.588,-0.1753,,52.0,0.951,1.9128,-1.0826,25.72,61.07,-0.2278,3544,B,economy,day,west,1
-2.2683,-0.206,-0.081,0.8563,9.0201,90.39,-2.3896,-0.9622,0.1504,31.61,73.98,1.7457,5861,A,,swing,west,1
-1.1194,-0.3043,0.1789,-0.3764,3.3784,18.9,0.43,-1.6643,-1.8073,21.43,70.94,1.1088,4222,B,standard,day,north,0
-0.8081,-0.7677,1.0065,-0.5893,7.4142,35.09,-1.594,-0.361,0.8884,16.5,69.15,1.2673,2020,C,premium,swing,west,0
1.9565,0.9417,1.7394,2.0684,5.8571,55.88,-0.2622,0.0007,1.1282,21.08,64.78,0.5178,3255,B,standard,swing,east,1
-0.916,-0.4633,-2.2429,0.1573,2.5124,51.37,-0.255,-0.0304,-0.763,21.56,52.77,-0.3568,7606,A,standard,swing,south,0
0.1338,,0.5993,-1.0442,9.3968,52.15,-0.2773,-0.4696,-0.3662,35.01,76.11,0.1918,3811,D,premium,night,east,1
0.9838,0.3609,-0.2603,0.0983,3.5845,41.09,0.2969,-0.8811,1.3765,10.78,62.79,1.2583,5035,D,premium,swing,east,1
1.2234,-2.4962,0.8358,-1.3185,3.5934,52.97,1.5844,0.1673,2.2255,21.61,56.67,0.6649,8543,B,standard,night,east,1
1.4666,-1.5987,0.5617,1.8515,9.1517,62.27,-0.4978,1.1626,3.3671,17.83,55.89,-0.4306,1908,D,standard,day,south,0
1.4793,,0.9284,-0.3821,4.3442,,0.8072,0.0443,0.678,24.11,70.38,-0.1741,1397,A,economy,swing,north,1
0.5691,1.7376,-0.6401,-1.3173,6.5729,53.68,-0.7143,0.8411,-0.3528,16.55,59.3,-0.633,7542,B,standard,night,south,1
0.8908,-0.2371,1.994,0.962,6.8265,35.81,-0.1545,-0.9762,0.5081,24.7,70.06,-0.6433,6176,C,economy,day,east,0
-2.4784,0.1624,0.8298,1.5522,1.1392,48.33,0.0519,0.8142,,6.92,86.52,-0.0334,9463,C,premium,night,west,0
0.9449,-0.0687,-0.1715,-1.3265,8.8904,56.31,-1.7369,-0.8938,0.2279,21.82,68.13,0.6953,3824,D,standard,night,north,0
-2.0441,0.5263,,-0.5494,5.6665,44.16,0.4736,0.1222,-0.6389,7.6,77.83,-1.9883,1891,B,economy,day,west,1
-3.2655,0.0834,-1.8634,-1.8737,7.439,53.56,0.8571,1.3283,-0.6709,21.34,61.39,0.1711,7648,A,premium,night,north,0
-0.8351,1.4034,1.1382,-0.0886,3.1846,79.86,0.2304,-1.2034,0.9401,9.38,56.02,-0.1482,2700,B,,swing,south,0
0.8491,0.9783,1.2768,1.3929,3.7802,75.48,-0.466,0.0126,-0.8742,51.79,54.99,0.4669,4073,A,standard,night,south,1
0.0232,-0.0089,-0.9734,-0.9943,0.5755,46.66,-0.4628,-0.1751,-0.3781,29.07,83.51,0.0541,2235,D,premium,day,south,1
-0.7273,-0.2681,-1.6252,-0.2411,1.6721,,0.6457,0.7974,1.5289,8.36,57.78,-1.3716,2725,D,premium,day,east,0
-0.0057,1.0477,0.8905,-1.6853,8.7607,39.79,0.4284,0.1507,-0.744,12.3,55.74,1.7306,7983,D,premium,night,west,1
0.1218,1.4041,1.093,1.4581,,14.96,-1.6468,-0.6927,-1.747,30.66,71.24,-1.4373,9707,D,premium,day,south,1
-1.6431,-1.4584,0.4856,0.9937,6.553,52.46,0.3128,-1.9381,-0.0324,8.63,57.28,0.3057,2061,D,standard,night,east,0
-0.2926,0.4822,1.4903,-0.8952,,47.15,0.2405,1.1309,-1.2501,7.53,73.92,0.1361,2999,A,standard,swing,east,0
1.3269,-0.2486,-0.3204,-1.158,2.2055,30.11,-0.9439,0.0133,0.6097,25.33,72.73,-2.2085,8238,A,economy,day,north,0
-0.166,1.5143,-0.968,-0.3225,9.1257,38.42,-0.3209,1.0684,-1.3882,7.99,57.34,0.9602,7573,C,,swing,west,0
1.811,-0.8786,0.2055,-0.2932,5.3166,4.22,-0.467,0.2154,0.0744,29.4,73.58,0.6451,6078,B,,day,west,1
-0.5938,1.398,-0.6854,-0.2893,7.5124,23.97,0.7474,0.61,-1.6318,25.8,60.36,1.8685,5403,B,standard,swing,east,0
0.4367,1.2638,-0.1492,-0.4632,6.1243,76.62,-1.2579,-1.0021,0.8415,5.39,63.09,-0.2333,5764,B,,day,west,1
1.7776,-0.2903,0.8982,-0.9319,5.1668,94.86,0.2652,0.3397,0.3411,28.19,75.06,1.2546,4251,C,economy,swing,east,1
0.424,0.9114,0.757,-0.2528,1.4302,68.01,-1.5204,-0.2619,,8.81,72.86,0.3215,3412,A,economy,swing,south,1
-2.2582,0.4432,1.0212,2.5,0.6506,77.86,-0.2182,-1.8717,-0.8956,14.47,67.68,0.0447,5226,B,standard,day,south,0
-0.4621,0.1418,-0.2495,0.9991,3.635,45.59,-0.3465,-0.1182,-0.6178,37.02,65.16,0.5717,9128,B,standard,swing,south,0
0.5147,-0.4646,-0.3752,0.2542,4.3634,47.6,1.0309,1.4457,-0.6192,14.39,85.32,-0.1137,3053,A,standard,day,north,1
0.0175,-0.7604,0.2222,-1.1255,0.3671,47.77,-0.7471,2.0799,2.8013,10.78,68.67,1.647,7388,B,standard,day,west,0
0.6406,0.7124,1.4218,-0.5408,0.8812,73.36,0.3785,1.156,-1.2443,4.27,84.7,0.1367,1017,C,standard,swing,south,1
-0.0093,-0.96,0.7022,-0.8522,4.0349,,0.1258,-0.1076,0.7882,16.69,84.07,0.2569,9819,C,premium,swing,north,1
-0.5167,1.2054,0.1724,-2.1224,6.0327,46.85,-1.9462,1.4008,-0.667,19.09,91.4,0.2766,4159,C,standard,swing,south,0
1.1223,-2.0132,0.9615,-2.0682,0.2952,78.89,-1.5565,0.2087,0.1287,7.11,53.55,-0.7496,3863,D,premium,night,north,1
0.9959,-0.9539,1.2367,-1.7949,0.1766,40.51,0.7911,0.8148,0.8515,14.88,68.72,-2.2771,7216,B,premium,night,east,0
0.7029,0.7389,-0.7803,-1.1768,0.2356,76.99,0.7852,1.2168,0.0932,15.71,68.24,-0.668,1003,D,,night,north,1
0.0119,-0.8009,0.1406,0.9812,1.0532,11.1,-0.8877,-2.0614,0.9416,14.53,63.35,0.5848,8644,D,standard,night,east,0
0.5428,-1.3057,-1.3616,-1.961,9.7149,,-0.5017,-0.0067,1.4334,11.14,77.24,0.3553,9810,B,economy,swing,west,0
0.3768,0.7312,0.4803,0.1978,2.8157,58.47,-1.3655,-0.5281,,26.2,72.6,-0.554,9508,C,economy,day,west,0
0.9525,0.7855,-0.6353,0.3202,3.0158,94.23,0.7894,-0.0493,-1.5241,12.76,56.12,-0.4307,2236,A,premium,swing,east,0
1.4516,-0.3998,0.7242,-1.2445,5.5672,80.27,-0.1465,0.6873,-0.1439,9.23,73.08,-0.3399,8314,A,economy,day,west,0
-0.6344,-1.6656,0.0778,-0.7781,2.3833,45.86,-0.4253,0.3044,-1.1459,37.62,55.77,-0.9256,3095,C,economy,swing,north,0
-0.1068,1.2262,-0.1182,0.2486,7.3968,50.68,0.8523,0.018,-0.3101,12.66,80.05,0.1704,4423,A,,swing,east,0
-0.3544,-1.5347,0.3604,-0.8279,8.5155,36.54,2.5958,2.4093,-1.9163,19.85,43.51,-1.0222,7724,A,economy,swing,south,0
-1.2362,0.1148,-0.6117,1.2515,4.1156,72.15,1.2191,0.3161,-0.3018,23.34,66.1,-0.3383,9053,B,premium,swing,east,0
0.7339,-2.8044,,0.3861,2.0628,21.84,1.1282,-0.0319,1.1471,6.7,64.32,2.4422,7145,C,standard,swing,east,1
-1.0755,-0.4535,1.8194,-1.2979,7.8343,20.35,-0.8175,1.297,-0.3404,22.3,64.3,0.9849,8730,C,standard,day,south,0
0.5026,1.2189,-0.5297,0.2913,7.6514,49.84,0.1692,-1.3805,0.587,15.72,62.77,1.2989,8345,A,standard,day,north,0
-2.7936,0.3009,0.7554,-1.2499,3.692,50.9,1.254,1.0871,-1.997,18.59,67.15,1.9439,9915,C,economy,swing,east,0
0.1632,0.1371,-0.5999,-0.997,8.5214,59.15,0.3071,0.7739,1.6781,18.02,59.16,0.0331,9169,C,premium,day,south,1
1.4891,-1.7419,-0.2285,-0.4962,7.5954,54.55,0.9193,1.4085,0.1509,61.82,55.76,-0.0425,6796,A,standard,night,west,0
-1.3909,0.0047,-0.6993,-1.3648,3.045,64.09,-0.7723,0.1705,-0.5654,31.42,66.1,-0.6505,9509,D,standard,swing,south,0
-0.1809,-0.357,-0.0837,0.4813,2.821,49.49,-0.9794,0.3425,-1.1217,20.33,70.35,-0.847,5908,B,premium,swing,east,0
-0.0184,-1.678,-0.0804,1.1618,0.6789,61.44,-0.0777,-0.6649,0.7429,9.93,53.7,-0.1203,8881,C,premium,swing,east,0
-0.0199,0.7166,-1.2661,0.6974,4.403,47.8,0.7843,1.0483,0.9951,29.0,64.93,-0.1499,1473,A,premium,night,east,1
0.8204,0.6437,-0.8413,-0.8602,4.1041,37.31,-0.3593,1.2386,-0.5571,15.87,78.25,-0.8143,9387,C,premium,night,east,0
-0.0059,1.0437,-0.5602,0.5478,6.4524,37.66,-0.4232,0.7366,-0.9822,3.0,72.2,0.1793,7531,B,premium,day,east,0
-0.9265,-1.2505,0.6058,1.5673,2.4019,69.67,0.333,-1.0237,-0.8483,13.62,51.5,-0.6684,1029,A,standard,night,south,0
-2.1205,-1.3953,1.0917,-0.3433,0.8061,34.82,0.1239,-1.2674,-0.8652,12.07,72.88,2.3172,1286,A,economy,night,west,1
-0.2364,0.1786,2.8599,0.4973,7.5844,48.75,-0.3197,-0.6355,-0.0542,13.85,77.21,-0.8593,5851,C,economy,day,north,0
0.1152,-1.4422,-0.7917,-1.2945,2.7792,,2.7828,-0.2457,-0.5004,5.36,64.04,-0.8215,6506,B,standard,night,east,1
1.2687,-2.5678,-1.3221,0.4694,9.8122,53.54,-0.1363,-0.7163,0.2985,17.2,64.86,1.6157,9156,C,standard,day,east,1
0.6328,-0.2591,0.58,0.3377,2.6877,54.6,-0.8478,0.2054,,24.95,71.12,-0.0175,1665,A,premium,swing,north,0
-0.8134,4.7109,-0.9549,1.0823,6.0456,37.77,0.9313,-0.8044,-1.2829,37.82,66.83,0.2784,5706,B,standard,swing,south,0
0.4717,-1.0437,0.0784,-2.4676,7.6381,63.4,-1.4272,1.1731,1.4554,21.42,78.62,1.1888,2724,B,economy,day,south,1
-0.9303,0.8023,0.1702,-0.7442,7.3411,77.04,-0.1915,0.8366,0.1115,3.22,80.86,1.3794,9417,A,premium,day,east,0
0.0801,2.0023,1.4495,1.1983,4.7848,25.35,-0.5621,-0.4091,-1.1988,28.09,71.83,0.0482,5069,B,standard,day,north,1
-0.1356,-1.2849,-0.6949,-0.5082,3.3939,,0.8405,-1.2618,1.1404,9.83,76.71,0.9257,6361,C,standard,swing,east,0
-1.9946,1.9791,-1.5826,2.0492,9.2595,31.89,-0.6612,-0.1894,1.5244,16.56,71.78,-0.3847,6151,B,premium,swing,south,0
-0.4997,0.1729,0.2446,-0.1442,2.1503,4.9,-0.1057,1.1624,-1.031,15.13,60.96,-0.6084,3490,A,economy,day,east,0
0.4202,-1.2466,-0.1977,-0.9497,4.1901,,0.1793,-0.7827,-0.5574,52.99,79.52,-0.8859,3348,C,standard,day,north,0
-0.7526,1.1982,1.1302,1.069,3.8772,41.08,0.2589,-0.7122,-2.6299,12.44,76.51,-1.3381,4213,A,standard,day,west,0
-2.0664,-0.6219,-0.8614,0.096,3.4648,61.35,-0.1733,0.208,-1.7522,12.12,60.4,0.3978,5532,B,standard,night,west,0
0.9731,1.1198,-0.3628,-0.9845,3.0781,82.2,-1.0086,-0.5573,-0.1554,17.26,74.23,-0.757,9990,C,premium,day,east,1
1.3094,-0.0381,-1.1562,-0.3177,6.1791,79.82,0.5212,0.8629,0.8672,26.53,71.32,-0.5399,2117,B,economy,swing,north,0
-0.8288,-0.5236,1.9066,-1.0144,4.1752,28.82,1.2861,0.1049,0.9326,23.03,72.11,0.07,8042,B,economy,swing,north,0
-0.8883,0.8198,-0.826,2.3363,4.8904,,0.2514,-1.0835,,10.11,61.91,-0.7942,1286,B,premium,swing,south,0
-0.3211,,-0.4955,0.374,7.0123,35.02,0.28,-2.4055,1.8326,13.18,65.07,-0.2842,8643,C,standard,night,east,1
-0.3413,1.3321,0.2306,0.0911,6.7933,38.56,-0.3753,0.749,-0.4129,22.93,65.4,-0.0272,8537,A,,night,west,0
-0.4603,2.5004,,-0.0984,8.8787,8.01,-1.2167,0.9639,-0.5369,35.65,61.06,-0.2861,4026,B,economy,night,west,0
-0.8713,2.0805,0.5357,-1.6373,,32.86,0.4767,1.2764,0.075,12.45,58.1,2.1792,1648,A,premium,swing,west,1
-0.9652,-1.7274,0.3157,0.4615,4.3553,18.3,-1.963,-0.822,0.4359,11.38,83.65,-2.4015,5826,B,economy,night,north,0
-0.5357,0.1629,-1.6141,-0.9909,2.7625,85.19,-1.2804,0.0694,-0.8917,32.13,68.46,0.888,9881,A,standard,swing,north,0
2.17,,-0.711,-1.6213,1.3348,70.02,0.0991,-1.7421,-2.123,5.35,60.0,-0.9025,6459,C,standard,swing,north,0
0.1067,-0.6073,-0.0495,-0.4428,8.3461,66.24,0.537,-1.5053,-1.1582,8.94,69.45,-1.6956,5458,D,standard,swing,east,0
-0.0953,2.6809,-0.985,0.5855,2.02,8.7,-0.9374,1.2392,-2.9568,29.31,70.81,0.5549,2431,B,premium,swing,south,0
0.9425,,-0.5295,-1.2546,2.1961,34.14,-1.4545,0.9445,0.2921,7.12,72.97,-0.3982,5374,B,economy,day,north,0
-1.5809,2.0701,0.5776,-1.56,4.817,12.45,1.0389,0.2968,-0.5468,3.66,76.11,3.1044,1823,B,standard,day,east,0
0.8963,0.2761,0.5784,-0.6279,7.0137,29.7,-2.2291,-1.0424,1.4595,8.04,57.8,-0.2246,5715,A,standard,day,west,0
0.1514,0.0924,,-2.0127,9.8238,26.33,1.3935,0.7066,0.0264,18.67,68.19,-0.4009,6437,C,standard,day,east,0
1.5505,1.0338,-1.8181,1.2665,0.6004,67.62,0.1424,-0.3972,0.2734,17.44,73.95,1.0519,1206,A,standard,swing,east,0
1.3503,-0.3342,-1.5376,-0.4618,8.2987,15.19,0.4148,2.6063,-1.2023,20.15,79.31,0.0557,2832,A,premium,night,east,1
-0.4326,-0.9282,1.2649,-0.1451,3.2689,83.27,-0.4959,-0.8283,-0.8891,15.03,65.26,-0.2569,4914,B,standard,day,west,0
-1.3255,-1.0937,-0.5729,-0.5269,2.1261,37.79,0.209,-0.2826,0.3024,58.75,80.78,0.9302,9810,A,economy,day,north,1
-0.3948,-0.0085,0.887,-1.7111,2.456,28.77,-0.0752,1.385,-1.0893,22.91,70.02,-0.532,8528,C,economy,swing,west,0
0.3456,0.5133,-0.1624,-0.2621,8.3025,60.2,-0.2592,-1.2179,1.4425,15.12,77.19,0.1774,4958,A,economy,swing,west,0
-0.5132,-1.2851,-0.4682,0.7563,6.1492,32.09,-0.9089,-0.0102,-0.7155,21.38,68.58,-1.0046,5654,A,standard,night,south,0
-0.7426,0.2324,-0.7128,0.2953,4.5057,65.0,1.4409,0.0586,0.7884,14.99,63.91,1.3898,8870,D,economy,swing,south,0
-0.4333,0.604,-0.1667,0.2428,5.3644,43.28,-0.4019,-1.1744,0.3613,16.46,82.61,-0.6357,5208,C,standard,day,east,0
1.2267,-0.1605,-0.5961,-0.5455,9.0726,37.97,0.4939,-0.1149,1.2493,19.76,79.42,0.7237,6924,B,standard,night,south,1
-0.007,,-0.2488,0.1005,3.4569,51.46,-0.6187,-0.3285,-2.0205,34.29,64.75,-1.694,7489,B,standard,day,south,0
-0.1874,0.3736,1.5214,0.4033,4.2289,58.49,-0.6595,0.2453,1.7465,16.96,54.56,-0.6827,3419,D,standard,day,east,0
-0.4196,-1.7923,-0.341,-1.314,9.7118,32.32,1.0934,0.5249,-1.3163,15.33,71.27,1.0662,9806,B,standard,night,west,0
1.6428,-0.439,-1.4249,1.2765,7.3117,88.29,-0.6936,0.4753,1.3902,9.55,73.38,-0.238,7684,C,premium,day,west,1
0.0959,0.5808,0.577,0.3325,3.9714,53.41,-0.7815,-1.5734,-0.7184,17.94,98.18,-1.4537,2013,C,standard,night,north,0
-0.1528,1.0765,-1.0118,1.5192,4.6378,29.64,2.5292,-0.2184,-1.347,4.32,76.87,-0.2825,5180,C,economy,day,south,0
-2.2454,0.4061,0.2448,-0.1166,4.4767,38.11,2.1413,0.4263,-2.0842,23.05,61.83,-0.7595,4675,C,premium,swing,east,0
1.5893,2.1993,1.4997,0.8038,0.215,74.78,0.293,0.0932,1.0465,19.06,52.65,-2.2168,8897,B,economy,night,west,1
0.63,0.9796,-0.8582,0.0062,9.6103,60.2,-0.1111,1.1171,0.3699,21.04,66.61,-2.0316,5406,B,economy,swing,north,0
-0.4106,0.7679,1.407,0.7165,0.858,85.12,0.3273,0.0097,0.8113,8.17,80.41,-0.6974,1423,A,standard,day,east,0
0.1916,-0.4234,0.0557,-0.4797,5.9573,78.68,0.0697,-0.4702,0.193,24.65,68.53,0.6501,5082,B,standard,swing,east,0
-0.2999,0.314,0.5406,-0.3259,6.6533,74.08,0.1925,-1.4315,0.5284,12.55,72.27,1.1088,5391,C,standard,night,south,1
-1.6107,0.3046,0.6915,0.166,8.0404,82.99,-0.4605,0.0247,-0.0402,37.71,59.93,-0.9435,6186,C,standard,swing,south,0
0.5424,2.1277,-0.1495,-0.6985,8.9167,23.2,0.9766,0.1067,,38.81,69.82,-0.1151,8357,A,premium,day,north,0
2.5921,-0.0043,1.1832,-1.1864,5.4214,37.63,0.2026,1.2869,0.5324,5.1,67.12,0.4709,8880,D,standard,day,west,1
-1.8565,-0.0736,-0.3984,0.8632,2.9118,75.43,-0.1246,0.9537,1.8754,21.11,56.08,0.2619,3654,D,standard,day,east,1
0.4829,-0.4819,-0.6556,0.1192,3.1146,39.25,-1.1839,-1.6223,0.7982,6.29,81.87,-0.9191,3035,C,economy,day,south,0
-0.679,-1.6869,0.834,0.2836,5.7491,18.15,-0.4394,0.616,-0.6632,16.94,68.07,0.6813,1424,A,premium,night,north,0
-0.3693,-0.8807,0.544,-1.0818,3.0137,84.45,0.899,-0.6629,0.5488,19.9,51.08,0.1146,8095,C,standard,day,west,1
0.2155,-2.3205,1.3455,-1.105,1.6895,84.8,0.7617,0.2934,1.5752,5.9,73.08,0.5444,1234,A,premium,swing,south,1
1.1946,-0.5952,,-0.2054,0.558,19.42,0.5014,-0.1644,-1.2781,20.04,66.44,-0.0946,6900,D,standard,night,west,0
-0.2708,-0.5629,0.9908,1.599,1.3519,55.04,-0.3539,0.3224,-0.2271,11.27,67.63,-0.261,1645,C,standard,day,south,0
-0.4052,-0.8101,2.2522,0.8209,6.0004,32.04,0.6396,0.0889,-2.0864,34.83,69.79,-1.0892,9426,B,premium,swing,west,0
1.0905,-0.8231,0.3276,1.0139,8.1652,23.32,-0.1988,-0.957,0.3953,12.75,50.99,0.1249,1576,A,premium,day,west,0
-1.926,,-0.325,-0.4817,4.0168,75.58,-1.5586,0.5583,-3.387,19.08,85.54,-0.4576,6723,A,economy,night,west,0
1.7543,,0.7588,0.51,3.4246,32.82,-0.3336,0.8314,1.6965,26.33,66.03,0.718,4641,A,standard,night,south,1
-1.1278,2.3688,1.2564,1.4672,3.1617,63.95,-1.6825,-1.1036,1.574,16.89,67.79,-0.8912,1720,C,premium,swing,north,0
0.4622,0.4798,0.968,-0.0359,1.6053,30.17,0.1743,-0.5923,1.1571,31.36,68.18,0.6129,7782,D,economy,day,west,0
-0.2297,1.5864,0.0025,-0.3981,2.1727,16.53,0.9211,0.5135,-0.059,46.68,54.28,-1.8398,3501,A,standard,swing,east,0
-1.1653,-0.9226,-1.1105,-0.3063,9.6814,9.71,-1.0513,0.2166,-0.2859,35.43,64.72,1.3589,7331,B,standard,swing,south,0
0.3126,-2.5216,0.7703,1.3378,5.205,,-1.4592,1.607,-0.9656,7.71,64.85,0.8397,2800,A,premium,night,north,0
-2.3722,,,0.2421,6.7413,74.23,0.7969,-0.2596,-1.6961,21.82,85.58,2.1397,9171,A,standard,night,west,1
0.5748,0.6927,-0.0458,1.2786,2.4704,61.87,0.3982,-0.9408,0.2691,13.43,88.02,-0.4203,7389,C,economy,swing,south,0
-0.4397,1.5662,1.0537,1.2313,7.9638,28.98,0.9991,1.2177,0.1827,20.08,60.57,-0.6372,6522,C,standard,day,west,0
0.0381,-1.3442,0.6213,-0.2151,7.7012,18.23,-1.0087,-0.8262,-0.6788,13.66,63.39,-0.7487,7472,D,standard,swing,east,0
-0.0047,-0.1926,-0.4547,1.1768,9.8397,24.64,0.2621,0.3632,0.1608,2.93,70.0,0.7886,3781,A,economy,night,south,0
-1.0566,0.2324,-1.2065,-0.7734,0.5894,30.97,-0.0084,-0.4584,,24.07,64.04,-1.428,6651,C,premium,swing,north,0
-0.3005,1.3798,1.2062,0.216,6.7122,,0.475,-0.8736,-2.1462,6.61,80.99,-0.1279,1623,D,premium,swing,south,0
-1.1917,0.2108,,0.2969,0.8705,70.46,0.709,0.523,,19.03,54.31,-1.2176,3544,A,economy,day,south,0
0.314,,0.9272,-1.3688,2.5982,60.53,-1.2893,-1.3696,,18.66,56.44,-0.2683,6036,C,standard,swing,east,1
0.1015,0.9404,0.3643,-0.3952,2.6897,70.4,-0.6487,0.5873,1.3014,29.44,64.54,0.9456,3418,D,standard,swing,north,0
0.1311,-1.0563,-0.4259,-1.2736,8.9694,61.68,1.0035,-0.4277,0.2758,9.8,69.19,0.1889,4446,B,economy,day,north,0
-0.5098,0.0249,1.1672,0.5101,0.2776,91.17,0.9838,0.527,0.504,15.7,59.8,0.2252,6066,C,standard,day,south,0
1.6993,-0.2768,-1.3105,0.8463,7.9977,92.4,0.2537,-0.6891,2.0946,40.36,58.09,-0.2173,3917,C,premium,day,south,1
0.5934,1.1075,-0.932,-0.5806,2.0676,24.38,-0.0441,-1.6819,2.088,12.94,58.12,-2.3432,7720,D,standard,swing,north,0
-0.883,-0.0407,0.0745,-0.1628,0.1243,46.26,-0.5163,1.5838,-2.0001,26.03,77.06,0.4191,6039,C,economy,day,west,0
-0.6586,-0.1989,-2.6037,0.9101,2.2631,54.0,0.0705,0.4137,1.5419,22.16,77.43,1.0275,4315,A,standard,swing,west,1
-0.3713,-2.3109,1.5042,0.7739,4.7091,23.1,1.1543,-1.2553,,8.1,90.79,-0.4821,7290,B,premium,swing,south,0
0.4242,0.4317,0.4955,-1.7479,6.1802,44.64,0.1565,-0.5102,-1.8589,37.09,69.66,1.9396,4587,B,premium,day,west,1
1.136,0.8845,-1.035,-0.6455,5.1781,57.9,-2.4488,0.0859,0.5896,23.49,61.27,0.9722,3613,C,economy,night,south,1
1.2017,0.2579,1.3598,1.168,0.3962,30.75,-0.9721,0.9935,-0.5102,17.85,69.36,1.7205,2557,B,standard,day,east,0
-0.4166,1.4679,,1.0955,5.9693,15.63,-1.8908,-0.5098,-0.2063,11.7,63.67,0.6406,5675,D,standard,swing,west,0
-0.4669,0.6248,0.1821,1.2422,1.0597,,-1.3719,-0.4264,1.4853,21.8,53.91,-0.4088,6650,B,premium,night,south,0
-0.7032,0.2529,,0.2926,7.0285,38.5,-0.4023,0.1277,-0.0538,12.26,76.95,0.3584,9859,B,standard,night,east,1
0.2922,0.2631,1.1607,0.3466,3.8698,41.22,0.118,1.2632,0.2407,20.53,72.87,-0.7337,1240,B,premium,swing,east,0
-1.2013,-0.9336,0.4297,-1.3916,8.5053,88.57,0.1218,-2.0555,-0.7102,21.38,74.53,1.1787,4629,B,standard,swing,west,1
0.1863,0.4112,-1.2427,-0.4091,9.5839,59.21,-0.5937,-0.2098,0.7773,12.44,77.14,0.7964,5753,A,premium,night,east,0
-0.2094,1.0666,1.0888,0.767,6.3343,76.73,-1.2143,0.986,-1.3455,7.05,82.4,-0.8677,6193,A,standard,swing,north,1
-0.2347,0.4369,-0.8826,-1.3849,1.7969,42.63,1.5191,-0.5897,1.1791,35.01,81.46,0.1674,4810,D,premium,day,west,1
-1.017,-1.1642,0.7254,-1.3641,2.4889,70.97,0.0633,-1.0258,0.5612,26.39,69.64,0.5293,6703,A,economy,swing,north,0
0.4032,,0.308,1.9343,2.7352,67.74,0.9352,-0.3104,0.3738,31.57,70.7,0.8734,4213,A,standard,day,north,0
-0.7007,0.2963,0.1356,0.5098,1.3265,19.96,0.33,-0.9298,-0.6952,34.92,73.13,0.2418,5702,A,economy,swing,east,1
-0.1228,-0.6442,-0.8591,0.5016,2.7421,44.68,-1.5792,0.3003,-1.6977,15.36,58.3,-0.1914,8813,B,standard,swing,north,0
0.1318,1.0979,-0.6752,1.388,0.1964,64.85,-0.9324,-1.226,-1.0292,24.34,70.91,0.3059,5368,B,premium,swing,east,0
0.9194,-1.5736,0.6912,-0.1414,9.8293,55.17,0.3366,-0.1313,-0.1751,46.57,72.35,-1.1062,4119,D,premium,night,south,0
0.5799,0.8196,2.1532,0.64,1.7787,37.6,2.718,-0.6279,-1.0065,27.5,64.17,0.2396,1133,A,standard,day,south,1
0.6834,-0.3473,-2.0789,0.1876,1.4804,75.22,0.0641,0.627,,16.49,51.5,1.8234,9119,D,economy,day,south,0
0.263,1.3262,0.9672,-0.2672,6.7413,4.89,1.3322,0.0339,1.5929,11.89,76.73,-0.0193,7750,D,economy,day,west,1
-0.0679,-1.8104,0.8442,-1.4447,9.4949,12.42,-0.82,-0.782,-0.5802,22.4,91.5,-0.1732,6096,B,premium,day,north,0
-0.7906,0.7244,0.5877,0.7984,4.5726,57.15,1.2192,1.3479,0.2325,17.44,50.43,0.1935,2082,D,standard,night,south,1
-1.0853,0.7401,0.0635,-1.21,4.7361,41.42,0.665,-0.4335,0.9366,10.57,50.98,1.74,6473,C,standard,day,west,0
1.6291,-0.9793,0.3487,-0.4632,5.505,67.73,2.227,-0.5201,0.485,29.1,89.05,-0.679,7170,A,standard,day,north,1
-1.0352,2.6876,0.8825,0.8143,2.7961,47.93,0.8257,0.2614,0.3622,16.53,53.49,-0.4543,5140,B,economy,swing,west,1
0.138,-1.1215,-1.5356,-1.6468,0.2895,29.88,-0.064,-0.8132,-0.0195,14.37,57.75,1.7284,5251,B,standard,day,north,0
0.0594,0.9037,-0.6927,0.3127,2.7455,64.0,1.4726,-0.8002,1.181,8.88,69.7,-0.8725,9089,C,economy,swing,west,0
-1.1618,1.0123,1.2276,-0.2925,9.6061,63.63,0.5723,1.103,-0.4826,19.14,63.36,-0.4124,1101,A,economy,swing,north,1
0.1953,-1.34,,1.7839,9.8415,70.09,-1.1779,0.0449,0.4851,22.18,67.52,1.1897,9883,C,,swing,south,1
0.7961,-1.5685,-1.0111,-1.0203,9.0018,26.31,-0.6243,-1.5972,0.9203,20.19,85.28,-1.3333,1755,C,premium,day,west,0
-1.4927,-0.7092,1.8936,-1.1944,9.852,66.22,-0.4215,-1.4338,0.1227,9.13,66.36,-2.6462,8625,C,,day,south,0
-0.3584,-0.1345,-1.0641,-0.7546,4.4898,59.23,0.9161,0.1611,-1.4909,16.58,81.2,-0.8009,8184,D,premium,swing,north,0
1.9377,-0.6706,-0.57,1.8523,5.1013,50.06,1.288,1.3791,-1.1588,11.79,68.85,1.5711,9382,D,standard,day,south,1
2.2276,-1.2226,-0.236,-0.0421,2.5621,52.65,-0.5893,-0.304,2.4853,3.31,71.66,-0.1559,6474,A,economy,night,west,1
1.0271,-1.3339,-1.631,2.4456,4.5227,45.51,0.7847,-2.3207,-0.0415,22.1,59.66,0.8351,9960,B,standard,night,west,1
-2.1605,-0.1967,-0.4995,0.1793,7.055,56.43,0.0376,1.5477,-0.8663,14.34,75.77,0.3618,8559,A,economy,swing,east,1
-0.1205,0.0097,-1.8742,0.9606,2.6262,80.62,-0.2893,2.0156,-0.7672,27.36,73.68,0.2486,4739,A,premium,day,west,0
-0.1294,-1.8159,-0.4091,0.9776,8.4276,77.71,0.9773,-0.8578,-0.2551,15.64,70.37,0.717,4043,B,standard,night,west,0
1.9883,-1.7958,0.5099,0.4038,6.729,72.73,0.0337,-0.2993,1.0207,20.65,86.23,-0.6161,9921,D,standard,night,east,0
-0.107,-2.0014,1.0236,-1.3871,6.1491,84.96,-2.3914,-0.039,0.6477,52.94,68.77,0.1781,1800,B,,day,south,1
0.2511,0.0771,0.2085,0.1999,5.499,32.27,0.8699,0.4927,0.5756,18.97,71.39,-0.0415,5469,A,standard,swing,east,0
0.6256,1.9724,-0.8915,-0.3779,5.4412,44.63,0.9958,-1.1976,1.2283,17.18,60.69,1.3605,8881,C,economy,day,east,0
0.3296,0.9708,-1.1019,-0.2073,2.8132,45.5,0.1486,-0.1774,1.1254,31.95,57.41,0.3679,6968,B,premium,day,south,0
-1.4279,0.3612,1.2827,0.8882,7.1277,15.32,-1.2045,-0.3043,1.2723,14.04,73.45,1.1767,4056,C,standard,night,south,0
-0.1318,-0.6173,-1.4645,0.63,6.1036,31.97,-1.7237,-0.0467,-0.5402,10.27,84.81,1.5955,8449,B,premium,swing,west,1
0.8632,,1.3742,-0.7113,2.4245,36.54,0.0027,-0.1128,0.0666,57.94,75.81,0.8498,4668,A,standard,swing,north,0
0.3771,0.3553,-0.0009,0.1984,2.7705,23.79,-0.9962,-0.9669,0.2882,35.19,63.01,-1.5203,8887,C,standard,swing,north,0
-1.0946,1.0316,0.5913,1.6945,1.3245,68.08,0.4704,0.129,-0.1211,23.9,70.88,-0.3869,5335,A,premium,day,south,0
0.6207,-1.6007,-1.2772,-1.0876,2.79,77.31,-0.0652,-0.5545,-1.0414,41.9,71.28,-0.0118,4368,A,standard,night,north,0
0.7738,0.0816,0.4889,-0.376,1.4699,63.26,0.4549,-0.4894,-0.0829,19.16,71.74,1.2353,8040,D,standard,day,east,0
0.7115,1.0245,-1.2744,-1.0273,0.6817,,-1.0608,-0.1846,-1.2533,32.37,66.86,-0.9174,1597,B,standard,day,south,0
-0.1726,,-0.1921,0.8608,0.991,81.05,0.0554,1.719,0.1727,15.55,66.82,0.4587,9946,D,standard,swing,west,1
-0.2446,0.3601,-0.1173,0.1429,0.6578,25.92,-0.9347,0.3989,-0.7314,18.27,61.94,0.987,4363,A,premium,day,south,0
2.3817,,0.8857,1.0917,9.1574,54.61,-0.4539,-0.8106,1.2147,12.86,61.57,0.1767,7174,B,economy,swing,east,1
1.6252,0.6563,-0.262,-0.2157,0.1727,19.57,-0.1967,0.3512,-0.2366,17.15,46.57,0.5352,6565,A,economy,swing,west,1
0.6768,,0.9612,-0.2241,9.9282,51.9,-0.5416,-0.0242,0.0359,5.59,67.02,0.3156,2960,A,standard,night,west,1
1.316,-1.033,0.8487,-0.4607,5.092,46.97,0.5754,-0.1315,-0.5236,12.84,85.35,-0.2997,3413,D,economy,swing,east,1
0.5735,-0.3921,-0.8222,-0.8485,0.837,66.84,-1.8495,0.3792,-0.4449,21.8,67.57,0.5482,5150,D,standard,night,east,0
0.6833,-0.5789,-0.3009,-0.3309,5.9571,16.39,0.2999,-0.5822,1.0121,19.62,84.4,0.5724,1865,A,economy,night,east,0
0.6345,-0.2289,-1.4436,-0.148,4.8452,59.64,1.005,0.0242,-1.3278,7.87,58.74,-0.6577,2489,C,economy,day,west,1
-0.4665,0.5236,1.4294,-0.9029,4.5514,70.5,1.3524,1.6713,3.1242,30.95,69.4,0.1749,7391,A,economy,day,north,0
-0.4615,,-0.1011,-2.0926,7.6853,5.07,0.6082,0.6045,-0.08,18.25,67.42,-1.0286,9957,B,standard,night,south,0
1.2954,-0.8957,0.6555,-0.1446,7.334,55.63,-1.0056,-0.151,2.1403,16.63,72.64,-0.7933,3025,B,standard,night,east,0
0.1403,1.0256,-0.4399,1.2813,4.9872,11.1,-0.7975,-0.8303,-0.1615,22.94,65.63,0.3061,8087,C,,day,west,0
-2.3176,0.153,-1.0103,-0.3243,2.5073,85.58,-0.2662,-0.5853,-0.8049,12.3,65.94,1.0264,2830,A,standard,swing,north,0
-1.1744,-0.9929,0.7525,0.2595,1.2921,45.41,-0.2258,1.0178,-1.9158,9.71,71.3,-0.3487,5809,D,standard,day,south,0
1.1704,0.6851,0.1533,0.2241,8.1102,16.62,1.1009,0.5844,-0.5052,10.0,69.37,-0.4878,6948,D,premium,day,west,0
-0.5251,-1.7511,0.9085,0.505,6.1174,26.51,0.3892,-0.0475,0.6309,12.4,65.61,-0.6047,2531,A,economy,day,west,0
0.1899,0.2909,-0.3769,0.2525,5.4191,18.61,0.5772,-0.2679,1.3313,36.86,72.64,-0.0891,7177,A,economy,swing,west,0
-0.1408,-0.5398,-1.1154,1.6255,2.2024,64.81,1.1286,-2.4357,0.0604,12.04,69.9,-2.0202,8801,D,standard,day,north,0
0.9482,-0.7724,1.4874,1.2729,3.1792,82.24,0.7128,-0.3853,,23.07,72.14,0.0123,8172,C,standard,day,east,1
0.0168,-0.1562,0.3885,-0.423,6.5016,78.11,1.8819,-1.9912,1.8947,11.59,51.18,0.233,6392,A,economy,swing,west,0
0.0261,-0.02,0.4123,-0.1981,7.4729,42.5,-0.3906,0.7204,-0.5116,7.25,71.21,0.0095,6466,B,premium,day,west,1
-0.8092,-0.7766,1.0253,-0.3156,0.995,70.07,0.9501,2.3712,0.4287,26.33,78.32,-0.4298,8987,B,standard,night,east,0
-0.8235,-2.7947,-2.2952,-2.1203,2.3969,35.16,-0.2506,-1.1484,-0.1592,47.91,75.84,-1.1394,4492,C,premium,night,south,0
0.5355,-1.3183,,1.4409,0.2534,88.02,0.6668,-1.4504,2.4377,2.37,61.14,1.5388,8408,B,premium,day,west,1
1.3394,-1.1285,-0.3026,0.0209,9.2577,64.74,1.3049,-0.6575,0.5617,47.23,77.82,-0.3166,4226,A,standard,night,east,1
-0.1652,-0.0664,0.5585,0.0109,5.2247,67.33,-0.473,-1.5168,-0.6805,13.04,77.32,0.5477,8290,B,economy,night,east,0
-0.4394,2.148,-0.6013,0.2203,2.1751,86.72,-0.2508,0.866,1.2092,11.78,78.68,0.8954,8437,D,economy,day,north,1
1.0668,1.3987,0.4436,-0.1336,,,0.5216,1.8744,-1.819,6.9,81.43,0.2452,3091,D,premium,day,north,1
1.6611,,-0.0302,0.7602,6.9568,24.98,-0.3841,0.1201,0.537,21.33,71.16,-1.3065,7867,B,standard,swing,west,1
-1.4032,0.6385,0.2873,-0.1138,1.0766,48.1,-1.3242,-0.2518,-0.3954,7.87,73.93,0.2386,1397,A,premium,swing,north,0
-0.5705,-0.5039,0.4669,-1.8803,1.6666,67.67,-1.6161,1.2387,-0.353,11.28,75.89,0.4622,3851,B,standard,night,west,0
-1.5806,0.7116,1.0616,-0.0637,4.4061,40.79,0.5025,0.6247,-1.9906,5.76,58.34,-0.428,3182,B,economy,swing,,0
-2.6541,1.8936,-0.4086,-0.1616,7.8863,15.42,0.6284,0.4654,-0.6661,21.09,64.51,0.4122,2040,C,standard,swing,west,0
1.6212,-3.3252,-1.2726,1.5782,3.2558,49.63,0.2,0.1219,-0.5709,13.73,66.47,2.7178,8282,B,standard,day,west,0
-2.2452,,,-1.4421,4.8865,94.62,-0.3342,0.5743,-0.462,12.89,59.53,-0.465,7676,B,economy,day,south,0
-0.7286,-0.2002,0.9368,0.0909,2.6003,38.05,0.8082,0.9991,-0.5909,13.91,48.73,-1.4005,3636,D,economy,swing,west,0
1.3533,1.5748,-0.915,-1.7563,7.6823,56.32,-0.3967,0.9661,-0.1387,9.44,51.33,-0.5392,5195,A,premium,day,west,0
-1.1327,0.9535,-2.2043,0.0441,8.7871,64.66,0.4529,-0.393,-1.5784,18.87,70.47,-1.2577,2842,A,standard,day,west,1
0.8974,2.6737,0.0634,0.3474,9.6007,76.46,-0.6489,-0.9175,-0.6704,62.45,82.63,0.7709,1315,C,standard,day,west,0
-0.1743,-0.1678,-0.7154,1.0893,6.0109,24.18,0.5167,1.72,,7.44,68.07,-0.2772,4177,A,premium,night,north,0
-0.9516,1.225,1.4336,-0.0907,2.3656,52.14,1.2126,0.2118,0.696,39.47,59.39,-0.5082,6991,A,economy,swing,west,0
1.5558,-0.5572,-0.0257,0.3636,9.3881,40.98,-0.3206,0.4442,-1.0201,53.65,54.69,-0.1393,2847,C,standard,swing,east,1
0.7757,0.365,-1.4825,0.3831,5.2202,66.48,0.2593,-0.5418,-0.5992,13.92,78.39,0.1893,1972,B,premium,swing,east,1
0.5465,2.0837,-1.477,0.1451,3.5739,88.15,-0.8783,-0.5056,-0.6053,19.47,85.58,0.7534,3703,A,standard,day,south,1
0.2434,0.256,0.8576,-0.0017,0.6904,17.33,-0.0126,-1.5937,0.5963,22.44,71.77,-0.4132,8352,A,premium,day,north,0
0.2035,0.7884,1.2131,-0.6129,6.3422,51.35,0.6068,-0.8088,-0.3519,9.7,69.27,0.5456,8699,B,economy,day,west,0
1.3911,-1.608,-0.0764,-0.2589,3.2617,54.43,0.5192,0.299,0.0935,38.37,65.35,0.1975,6652,C,standard,swing,west,1
-1.3012,-0.3791,1.7094,-0.4744,8.1949,26.78,0.5737,0.5063,0.3031,6.55,74.84,-0.4663,8815,D,premium,day,south,0
2.2334,-0.6607,1.0808,0.4443,0.1847,67.6,1.5039,-0.0291,-1.0926,38.08,66.0,-1.3204,3496,D,premium,night,west,1
2.3884,,-0.3089,-1.6173,9.5662,80.69,0.9527,-0.1916,0.1749,23.08,87.32,0.6656,9094,B,standard,night,north,1
-1.5799,-0.9516,-0.2956,-0.4716,6.1937,59.63,-0.3395,-1.9305,-0.6624,17.35,74.46,-0.172,7310,D,standard,day,east,0
0.8448,0.4139,0.5978,-0.8911,6.9517,70.01,0.099,0.3911,1.0932,17.04,78.49,0.0911,5290,C,premium,night,,1
0.9896,-1.527,-0.5185,-0.2367,1.2046,,-0.3802,2.2424,0.9846,10.7,58.1,-0.331,8863,B,economy,night,south,1
0.3209,-0.8584,-0.6436,-0.2965,5.0087,9.01,0.3099,-0.3515,-0.1081,23.07,62.37,0.6461,8515,C,standard,swing,south,1
0.2403,-0.4734,-2.8034,0.3682,5.0818,44.86,-0.6662,0.2638,0.5215,18.87,61.75,-1.7893,3711,B,economy,swing,north,1
0.6077,0.4362,1.5188,0.2572,1.4858,60.71,-0.2868,1.6105,-0.2331,27.58,69.48,-0.4922,4824,D,economy,swing,north,0
-0.6522,-1.3656,-1.4398,0.0335,5.9831,32.84,0.7667,-0.0946,-0.5659,19.29,70.57,0.0601,3861,A,premium,night,north,1
1.2938,0.661,0.362,-0.3074,1.8476,53.93,0.0022,0.0963,-0.1923,17.18,69.81,-1.8519,7834,C,premium,day,south,0
0.0104,-0.2678,0.7211,-1.4323,3.1058,68.85,0.66,-0.6291,-1.6155,24.59,77.71,-1.4071,1225,A,economy,swing,east,0
-1.7704,0.144,-1.8574,1.3694,1.2106,67.71,-0.47,-1.5878,-2.8725,20.96,62.28,-0.4466,2045,D,economy,swing,south,0
1.097,-0.8195,-1.0278,0.2455,9.5623,81.53,1.0231,0.0067,0.021,6.15,78.13,0.2328,7640,A,economy,night,east,1
2.8219,-0.0722,-2.2942,1.6619,3.6871,87.42,-0.683,0.5916,2.8362,19.47,64.8,-1.2965,4305,D,economy,day,west,1
-1.6645,-0.1505,-1.5163,0.2214,6.5885,40.11,0.5176,0.7461,0.0637,21.2,80.49,0.0825,5157,D,premium,day,south,1
-0.341,-0.9037,0.2417,0.7022,2.2527,8.68,-1.2124,-0.3577,2.8898,7.32,77.72,0.1171,7113,B,economy,day,south,0
-0.3408,-1.8923,1.3363,1.9468,6.3699,80.24,-0.3321,-0.7435,0.9247,34.1,58.73,0.0124,8785,D,economy,day,south,0
0.0371,-1.9695,1.1369,-0.0491,,60.8,-1.0302,0.4332,-1.4043,21.46,62.9,-1.3715,4695,B,standard,swing,north,0
-2.0851,,-1.1738,2.2768,0.6701,56.02,0.0864,-0.7478,-0.9061,15.18,56.9,1.3738,2981,D,standard,day,west,0
-1.6014,-0.2349,-0.7539,-0.8492,3.1115,,-0.8712,0.8251,-2.6127,18.36,53.08,-0.1746,7304,B,standard,swing,north,0
-0.4556,-0.7307,0.2375,-0.5777,2.6107,49.19,-2.1402,0.0076,-1.2482,27.26,73.42,0.2767,8512,C,economy,night,west,1
-0.3731,2.299,-1.7403,0.8954,4.5052,30.3,-0.7543,1.6849,0.5235,34.81,57.52,-1.1507,4875,A,economy,swing,west,0
0.0462,2.6666,,0.4702,1.6471,77.78,-0.1206,0.0543,0.4572,2.86,65.6,-0.473,5278,B,economy,night,south,0
-0.9411,0.5809,-2.1575,-0.9823,6.7396,30.64,0.1159,-0.7932,0.234,22.69,76.47,-0.4267,2494,D,standard,swing,south,0
0.4466,-0.1838,-0.3192,0.6872,1.1367,14.16,-0.4793,-0.1922,0.8542,6.54,72.17,-1.524,5604,C,economy,day,east,0
0.3015,1.3861,0.3754,-1.1138,6.9811,76.4,0.565,-0.2544,0.2584,11.54,66.67,-0.7469,3380,B,premium,day,south,0
-0.9636,2.1246,,0.5225,7.809,52.52,-0.1977,0.476,-0.843,16.13,72.46,0.3368,7840,A,standard,day,south,0
2.2809,-0.5097,0.2807,-0.8968,7.535,35.74,1.2365,-0.7879,-1.3261,14.24,80.2,0.5824,8067,C,standard,day,east,0
0.8024,0.0556,-1.2765,-0.5433,9.3494,7.83,0.5296,-0.6034,0.2151,18.96,57.02,0.5819,8281,A,premium,night,east,1
-1.1358,-0.6954,-0.8417,-0.2865,4.4739,60.95,0.1178,1.0772,,9.91,67.11,-0.1057,9048,A,standard,swing,north,0
1.0391,0.5578,0.8172,-1.9415,1.258,72.08,-0.01,0.9841,1.672,12.83,60.03,-1.0459,1882,D,standard,night,west,1
-2.0323,0.7226,0.1342,-0.4468,0.184,88.24,-1.3198,0.545,1.2505,14.0,65.43,4.0729,6246,B,standard,swing,south,1
0.316,-2.075,0.6344,1.0005,3.207,28.63,-1.5788,-1.1058,-0.138,11.03,71.54,-1.0684,8889,A,economy,day,south,1
0.1988,0.5847,0.3363,-0.4597,1.6709,68.02,-0.3844,-1.3582,-1.1335,7.56,63.76,-0.8251,5351,D,premium,day,west,0
0.1663,1.8328,0.5171,-0.0137,6.7193,18.58,0.1242,0.0362,,9.02,63.17,0.9856,7048,C,economy,day,east,0
-0.3271,0.1988,-0.6734,0.0244,6.661,70.68,-1.0892,0.4881,-0.5152,11.29,70.34,0.2704,5096,A,economy,night,west,0
1.4912,0.5533,0.2766,-0.7417,2.2765,95.54,-0.1922,1.0885,0.7682,37.46,72.68,0.7926,5351,C,premium,swing,north,0
-0.1104,1.3562,-1.3607,-0.116,0.6151,48.09,1.5366,-0.0285,-0.1956,25.59,65.75,0.8373,8462,C,economy,swing,north,0
1.8816,0.505,-0.9705,-0.7829,9.6692,75.18,0.5936,0.1009,1.5732,11.34,75.55,0.4927,4749,C,premium,day,east,1
1.2875,1.5988,-0.5426,0.4802,5.7318,52.89,0.2797,0.3417,0.9197,11.44,84.66,0.615,8240,A,premium,day,east,0
-1.6141,-1.9771,-0.2762,1.466,4.7875,19.89,-0.3339,-0.1783,0.7741,7.61,88.2,-0.8561,9296,D,standard,swing,west,0
-1.3238,,0.481,0.7296,4.3023,50.11,0.2472,-0.579,-2.5929,14.39,81.64,-0.5808,3541,D,standard,night,,0
-0.5711,-0.601,1.7818,0.9942,0.1481,15.4,-2.0448,0.0861,0.6349,34.2,60.13,-0.1548,9001,B,premium,swing,south,0
0.2758,1.1972,0.5181,0.9893,7.9302,59.99,1.7976,0.1115,-0.5664,17.55,72.39,-0.2509,6270,D,standard,swing,north,0
-1.1483,0.4303,0.2171,-0.8027,0.0645,12.92,1.247,-0.2245,1.9521,9.99,70.79,1.1267,8144,D,economy,day,west,0
1.5613,-0.1706,-1.4481,0.5914,6.3912,63.58,0.7875,1.0752,1.6328,2.97,69.8,0.36,5264,C,premium,swing,south,0
-1.7269,0.4859,0.1687,0.0641,1.1335,36.96,0.3116,-0.1054,-1.0256,31.51,81.87,2.6256,7728,A,standard,night,west,0
0.5571,0.285,-0.2705,0.6536,4.1393,68.93,0.7555,0.6582,-0.7465,20.57,73.83,-0.0141,4285,C,economy,day,south,0
-0.2811,-1.4269,-1.8494,0.4105,6.7928,19.18,0.2751,1.7109,0.3467,12.26,76.45,-2.2294,8354,A,standard,swing,west,0
-0.5199,-0.8194,1.9623,-1.7675,1.6857,10.53,0.1404,-0.2401,-2.4465,28.52,68.68,-1.7212,7057,C,standard,day,south,1
1.2532,-0.0659,0.6276,-0.511,7.2871,70.18,-1.2603,0.2796,1.0032,25.23,55.35,-0.3203,8065,C,standard,night,east,0
0.8305,,0.6545,0.3105,9.6835,9.81,-0.0399,-0.7352,0.8797,44.53,72.58,-1.1636,9748,C,premium,swing,east,1
-0.8485,-1.5331,-1.7634,1.1961,1.7147,41.87,0.3907,1.4781,-1.0446,29.92,82.89,-0.8266,1855,A,premium,night,north,0
2.0547,,0.1192,1.3119,8.4704,,0.2468,-0.9733,1.5882,18.25,78.8,-0.241,2645,B,economy,day,south,0
-0.1408,-0.9657,1.1902,1.1016,4.6083,80.79,-0.1725,-0.3515,0.0126,25.23,64.32,-1.2045,6772,C,standard,swing,north,0
1.6569,2.9046,-0.5684,0.1856,0.8951,77.25,-1.3654,1.5591,1.095,17.21,65.63,0.9977,1288,A,economy,swing,north,0
-1.5571,,-0.4432,0.7366,2.2118,39.58,1.4781,-0.3707,-1.0507,2.77,52.24,0.1308,1766,A,economy,day,south,0
1.0579,-0.7719,1.1854,-0.9991,4.3932,64.99,2.1158,-0.7228,2.1061,8.08,52.01,0.4358,5418,B,premium,swing,east,1
0.7006,0.3818,-0.682,1.5923,9.775,38.67,1.1291,-0.7434,0.6242,9.5,67.13,-0.1801,3140,D,standard,day,south,0
0.349,0.1613,-1.5104,0.6052,7.7168,3.39,-1.0268,-0.3179,1.3231,20.86,65.13,0.927,8536,A,standard,day,north,1
-0.6868,-0.6159,-0.343,0.072,5.9436,41.05,0.6475,-2.2684,0.7595,6.85,66.13,0.8495,2776,A,standard,day,,0
-0.2225,3.1379,1.4647,0.3535,1.27,45.23,-1.3187,-0.9624,0.199,16.4,64.8,-1.378,4510,C,standard,swing,east,0
0.9762,0.4496,0.1013,0.1274,1.7924,62.47,0.2323,-1.4344,-0.0448,7.65,52.26,1.1231,2547,B,standard,swing,south,0
0.4705,1.5682,0.3028,-0.5692,4.696,62.83,-0.5086,0.8799,-0.2773,8.6,69.04,-1.521,1199,C,standard,swing,east,0
-0.2137,1.5952,-0.4053,0.7426,2.6445,51.77,0.2948,0.2316,1.0677,16.41,81.45,-1.1327,5566,C,economy,day,west,0
-1.4077,-1.2597,-1.2826,0.7843,2.7918,67.44,-0.2206,2.3981,-1.7662,1.6,81.58,1.6137,6289,C,economy,swing,east,0
-0.8109,2.8976,-0.8509,0.3423,0.6148,85.18,-0.0109,-0.5091,0.3425,13.38,69.51,0.4053,7738,C,premium,day,east,1
1.4832,1.1117,-0.2646,-0.1177,0.6812,34.01,0.6764,0.0848,-0.6627,0.69,58.25,-1.9022,6099,B,standard,night,north,0
-1.4495,-3.7435,,-0.8361,8.6601,81.3,-1.542,0.2001,-0.01,6.61,62.05,0.2441,1753,C,,day,east,0
1.2724,-0.6362,-0.4511,0.9617,2.7975,60.32,1.5943,0.5588,0.0707,38.05,83.5,2.1203,3062,C,premium,night,west,1
0.4948,-0.2204,-1.3341,-2.3677,1.1245,20.04,0.1746,-0.3661,-1.9289,9.35,60.07,-0.3683,7725,A,standard,swing,west,0
0.1222,-0.6824,-0.6209,-0.7183,9.9866,61.73,-2.9864,1.1844,-0.032,9.95,68.89,-0.1943,4010,A,economy,day,north,0
-0.6596,0.8639,0.2108,-0.753,8.1326,59.55,-0.356,0.321,1.3415,5.89,51.95,0.0929,8925,B,premium,swing,west,0
-0.0803,-0.9884,0.4651,-0.5961,0.6832,26.78,-0.0058,-0.0695,0.0332,15.69,53.85,-0.1335,2344,B,standard,day,west,0
1.4225,-0.8632,0.7087,2.1241,6.1671,57.55,-1.1219,-0.2458,-0.0012,16.09,63.19,-0.4661,8806,C,economy,night,west,1
0.7561,0.6721,1.3167,1.3466,6.4135,65.59,1.7551,0.3115,0.5539,18.69,66.27,-1.331,5976,B,economy,swing,west,0
-0.4283,0.5188,-0.9052,-0.4607,2.8838,27.01,-0.6196,-0.9394,,0.53,69.66,-1.7178,6200,A,standard,swing,west,1
0.8343,1.9216,-0.0661,0.4492,4.8805,76.35,1.6756,0.59,-0.2055,23.02,69.85,-0.4003,1806,D,economy,night,south,0
-0.2828,-0.9561,0.8413,-1.0244,8.8374,13.44,1.9773,0.6235,-0.6099,18.6,56.96,0.6283,9391,A,standard,night,east,0
0.3302,0.2289,0.6402,-0.3118,8.3966,58.73,0.0806,0.6814,1.6426,43.44,70.95,-0.8216,7032,C,standard,swing,south,0
-0.4107,2.3388,-1.3532,-0.0758,5.1667,81.31,-0.0738,1.619,-0.3487,28.43,63.32,0.0454,7582,D,standard,day,north,0
-0.0039,-0.7697,-1.6078,-0.6417,6.2967,13.7,1.085,-1.2176,0.981,7.43,76.15,-0.5239,2780,C,premium,day,west,1
1.1608,0.3649,-0.3181,-1.1781,5.5712,27.79,-0.581,0.4007,-0.8229,7.19,54.94,-0.5317,3860,B,standard,day,south,1
0.0468,-1.7721,0.49,-1.2839,2.5088,56.96,-1.0099,0.5661,-0.6357,9.15,62.45,0.7093,9810,D,standard,day,south,0
0.5932,1.1866,,0.0981,7.2354,45.18,-1.9581,1.0313,0.4188,21.42,85.31,0.8759,1621,C,economy,swing,north,0
-1.7719,0.3055,-0.7996,0.8945,5.8793,,-0.8819,1.2706,-1.3384,25.96,51.59,-0.2171,4571,C,standard,day,south,1
-1.6655,-0.9081,-0.1885,-1.2121,5.1334,79.02,-0.1455,0.2164,-1.4661,17.34,61.44,0.345,8032,B,premium,night,east,0
-0.5235,-0.4139,0.8393,-0.056,4.9953,59.23,-0.9032,-1.1141,1.4405,17.51,62.96,-1.0151,4328,B,premium,swing,west,0
-0.2511,-2.316,1.6199,-0.2981,5.9989,54.25,-0.8433,-0.1954,-0.6398,14.92,73.56,-1.5576,4915,A,standard,day,north,1
-0.2253,2.2465,,0.4607,1.4977,42.95,0.0842,0.9668,0.1291,11.84,71.31,0.1979,8479,B,premium,night,north,0
0.8214,0.3769,-0.0632,-0.1297,4.5564,42.66,0.5938,0.7141,-0.287,5.31,67.09,-1.4695,6594,A,standard,night,,1
-0.0753,0.3219,-0.3012,1.7159,3.5849,45.92,-0.1337,-1.2168,-1.9561,18.15,61.74,0.8045,1010,A,economy,day,north,0
0.2748,0.8004,0.195,1.2862,7.9108,17.88,-0.8119,-1.2949,0.4559,18.77,74.48,0.2809,4185,C,standard,swing,west,0
0.3122,1.2264,,0.5992,6.4482,77.4,0.9271,-0.6846,-0.9249,7.63,70.16,-0.4634,7065,B,standard,day,south,0
1.8934,-0.6218,-0.6184,0.5005,8.7611,54.03,0.412,-0.2537,1.0737,14.89,74.02,0.4685,5628,C,premium,day,north,0
-1.0135,1.691,0.2638,0.7905,7.1019,57.69,0.127,-0.2455,1.3391,8.31,62.28,0.1466,9070,D,economy,night,south,1
0.1707,-0.5608,0.8385,0.5452,0.749,75.15,-0.2004,0.3318,-1.86,13.07,62.11,0.7395,8413,C,,night,east,0
-1.8065,-1.4883,1.7061,-0.5855,7.461,66.3,1.8967,-0.5999,-0.4474,15.33,70.41,0.7581,4958,B,standard,night,east,1
1.5757,-0.7356,2.6489,-0.11,8.1259,70.27,0.2618,0.0954,0.6275,11.35,75.74,-0.2222,6896,D,economy,swing,south,0
-1.0068,-0.0387,0.0747,1.1218,6.9305,52.16,0.1461,-0.073,,23.44,66.13,1.7099,2998,D,economy,day,east,0
-0.3648,-1.1513,-1.1538,-1.1244,5.8116,84.23,1.576,-0.5196,0.2415,17.25,77.38,0.0367,4622,B,standard,day,east,1
1.5686,-1.6726,-0.5415,-0.9015,9.9246,72.12,-1.3172,-1.0472,0.4708,28.83,76.91,1.4471,4663,A,standard,swing,east,0
-2.1941,-1.8618,1.8535,0.55,6.3187,,0.7959,0.6787,1.0412,11.14,72.21,-0.0053,7327,A,,swing,west,0
-0.485,0.055,0.2127,0.9771,5.8382,55.68,-0.3065,-1.0617,0.5653,49.25,53.84,0.8432,1778,A,standard,night,west,0
-1.2027,-0.2199,-0.471,0.7917,1.1501,33.26,-1.1379,-0.2387,0.3599,10.93,64.5,-1.8653,7587,A,premium,day,east,0
-1.3681,0.2252,2.1206,0.6277,9.7051,55.44,-1.5838,-0.9792,-0.262,14.12,79.14,1.2414,4746,D,standard,swing,north,0
-1.0396,2.012,-0.4469,-0.1042,5.3507,36.86,0.4344,0.391,0.7846,10.72,88.98,-0.4828,9237,D,standard,day,north,0
1.2474,0.2294,0.8857,-1.5015,,33.82,-0.2468,-0.8609,-0.3545,13.11,78.13,0.5737,9496,C,standard,day,north,0
1.0747,-0.341,1.0883,-2.2087,,37.76,-0.5457,-1.275,-0.1789,24.31,70.75,1.5942,2456,B,premium,day,north,0
-1.6588,-1.9371,0.5395,-1.442,0.7622,75.75,-0.9687,1.1559,0.7934,16.83,56.57,0.3635,4852,C,premium,day,west,0
-0.7449,,0.5458,0.1669,5.9447,40.71,0.7913,-0.2094,1.2868,6.2,92.73,0.2611,3848,D,standard,swing,east,1
-0.8178,0.7462,1.6223,-0.3261,2.9313,31.09,0.8017,-0.9221,-1.048,17.82,61.69,2.0343,3783,D,economy,day,east,1
-0.0999,0.3806,0.0146,-0.3439,2.7848,61.23,0.2812,-0.185,-0.5091,5.21,73.26,0.3445,2163,A,premium,day,,0
1.3011,0.9669,0.1777,1.4874,5.0744,57.78,-0.1499,0.5376,-0.9222,17.31,74.51,-0.1814,7274,B,standard,night,north,1
-0.3108,-0.6954,1.1199,0.4544,3.5282,49.29,0.4331,1.1126,,18.47,66.96,-1.2947,3298,A,standard,night,south,0
0.8271,2.795,-0.4727,-1.0325,,20.12,0.6845,0.5633,-0.3502,20.65,92.45,-1.0388,8990,A,standard,swing,east,1
-0.8014,0.7972,-0.8986,-1.2021,1.8295,39.5,0.1211,-1.0428,-1.3471,33.03,77.48,-1.0708,6617,C,standard,day,west,0
0.4956,0.4108,-1.0642,-2.1092,7.0986,47.23,1.2779,-0.6352,-0.7702,26.78,75.59,-0.0701,7444,B,standard,day,,0
-0.4176,0.5727,-0.1373,-0.593,3.7423,,0.1732,0.9785,0.3722,19.97,81.57,1.1966,4168,D,economy,night,east,0
0.4766,1.9846,1.4322,0.4042,3.1499,41.53,0.6086,-1.0738,1.1692,20.08,66.39,-1.3029,5323,D,economy,night,south,1
-0.6922,-0.947,-0.6593,0.1073,8.8757,76.26,2.2872,0.0942,-0.8085,32.07,80.1,-0.4592,2804,B,economy,swing,east,0
1.7738,1.0227,-0.1063,2.2583,0.297,59.03,-0.0297,2.0902,-0.5188,5.61,65.95,-0.4774,5872,D,,night,,1
-0.9706,0.6695,-1.2999,1.2999,7.2041,29.47,0.1326,0.1187,-0.3002,24.26,79.09,-0.4918,5092,D,standard,night,north,0
-0.3162,-1.0706,-0.4977,-0.1813,8.5128,50.65,-0.4087,-0.2281,-0.7751,14.48,56.7,-0.5228,8968,C,standard,day,west,0
0.0178,0.7778,-0.6305,0.612,8.5796,4.64,-1.5642,-0.3608,-0.8757,17.81,67.65,-1.3501,7517,C,standard,day,east,0
1.5796,0.5398,-0.918,-0.5715,,53.55,1.8025,-0.4699,0.8947,2.57,66.75,-0.1884,9254,B,premium,day,west,0
-0.8595,0.7123,-0.4615,-0.6347,,60.8,-0.5627,-1.107,-0.8263,24.58,82.67,-0.9784,6488,C,economy,day,north,0
-1.942,1.5851,0.8826,-2.0725,3.9275,33.65,1.0269,-0.1409,1.2506,8.39,67.89,2.4368,2899,D,economy,day,west,1
-1.0917,-3.1797,,0.337,7.1636,39.19,0.6562,-0.3917,-0.5311,8.0,72.57,1.0255,5384,A,premium,night,east,0
-0.6589,0.0901,-0.6704,-0.3468,1.8628,38.67,0.7436,-0.4439,-1.3335,15.09,79.58,0.5306,7748,B,standard,night,north,1
0.8249,-1.6551,-0.1512,1.1951,3.7672,84.75,0.8457,-0.0187,1.0527,15.72,67.14,-0.1531,3667,D,economy,day,east,1
0.2507,0.3455,-0.8041,0.2385,3.9087,85.61,0.2448,-1.8364,2.1706,17.28,59.93,1.4633,7746,B,,day,east,0
1.4644,-0.9865,-0.8799,-0.6364,6.9012,77.65,0.2713,0.4032,-0.539,20.03,51.67,1.5505,3201,D,standard,day,north,1
0.7896,-0.0614,0.7746,-1.7049,4.1186,40.05,1.0335,0.2494,1.5471,32.17,71.75,-0.5931,4011,B,standard,swing,west,0
0.1079,-2.7934,0.4649,0.0979,0.398,93.88,0.0679,1.2187,1.2219,7.87,66.8,2.0083,1436,C,economy,swing,north,1
-0.3374,-1.3065,0.7542,-0.2304,2.4761,57.01,0.2396,-0.2239,,23.35,63.06,-1.4294,8044,B,standard,swing,north,0
1.4184,,1.8909,-0.7456,8.1873,33.41,0.8335,0.5942,,44.9,52.76,-0.0203,8573,B,economy,swing,south,1
1.1219,0.4679,-1.2045,-1.3156,4.5273,49.42,-1.1824,0.4694,-1.0475,25.33,78.92,0.3014,3723,C,standard,day,south,0
-0.0837,-0.2287,,-0.8601,3.0476,26.56,1.1437,-1.624,0.9291,4.13,63.19,1.4115,2921,D,premium,day,south,1
-0.7309,1.2747,-0.61,-1.1485,4.51,43.89,1.6478,-0.2464,-0.9998,16.79,59.56,-0.9895,4156,B,premium,night,east,0
0.5981,-1.2606,1.0888,-1.0869,3.8875,,1.9434,-0.0679,-0.5746,21.79,61.32,0.7137,7276,D,,day,east,0
-0.7018,0.5433,0.4575,-2.3159,0.3066,57.5,0.7347,1.4739,1.5402,3.14,69.91,0.6309,2163,A,economy,day,north,0
1.1653,-2.4421,-2.1361,0.36,9.5827,78.95,0.0593,1.0546,0.9296,21.32,66.36,2.9993,2252,D,standard,swing,north,1
0.5512,-1.3853,1.2371,-1.3466,,58.81,-0.033,0.8103,-0.5854,31.27,78.57,0.0224,1005,A,standard,night,south,0
0.646,-0.1386,-1.1613,-0.5176,3.8485,27.7,1.2235,0.2322,1.9278,18.66,51.72,-1.2278,1886,A,standard,swing,south,0
0.0447,0.4617,1.6366,0.278,2.5231,57.86,-1.1659,0.4763,-0.7974,22.26,79.24,0.2855,8992,D,,night,south,0
0.6653,-0.9105,-1.639,-0.5064,9.9938,28.78,-1.0035,0.1128,-0.1882,23.28,75.81,0.1827,4023,C,premium,day,east,0
-0.4948,0.9286,-1.0012,0.1394,2.8235,20.03,1.0069,-0.4095,-0.8834,4.43,64.49,1.4973,3511,D,economy,day,north,0
0.2923,-0.7692,0.7623,0.5325,0.7484,48.09,-0.1704,1.3738,-0.2156,14.63,51.69,-0.2203,2970,A,economy,day,south,0
-0.4061,-0.7303,-1.154,0.3183,0.7672,49.79,0.5493,1.6543,-1.4047,61.62,74.54,-1.4364,7323,C,,day,west,1
0.0802,,-0.637,-1.6806,2.8716,24.12,1.8967,0.2299,0.4852,8.82,58.18,1.5421,5925,C,premium,night,east,0
-1.4275,-1.2747,0.2739,-1.1479,4.7342,59.57,0.3138,0.6025,-0.9098,31.01,78.53,0.5976,9540,C,premium,swing,north,0
-1.2145,-0.2534,-1.1209,1.0577,0.5385,7.15,-0.5921,2.4208,-1.5536,7.2,71.68,-0.2035,2480,C,standard,night,east,0
-0.2015,0.8414,0.5525,-1.919,5.3364,38.44,0.5842,1.4451,0.7203,16.84,69.65,0.4556,4056,C,standard,swing,north,0
-1.2516,-1.2545,-0.5668,0.358,5.5078,96.32,0.1355,-2.2007,0.5307,34.26,74.98,0.0864,2123,B,premium,day,east,1
-0.863,-1.7253,1.556,-0.5222,8.7634,64.35,-0.7661,0.3597,1.0671,9.16,89.75,-0.3024,6203,D,economy,night,north,1
0.4918,-0.2746,-1.5606,-0.3478,0.8138,58.12,-0.5444,-0.081,1.327,10.44,86.1,-0.0002,9094,C,standard,day,north,0
-1.3841,0.6942,0.6511,-0.0353,3.3474,61.43,-0.5078,0.6157,-0.1461,39.83,48.52,0.5316,9694,A,standard,night,north,0
0.9298,2.3461,0.4194,0.6497,9.2244,38.9,1.1825,-1.017,0.5498,3.8,76.15,1.169,5825,B,premium,swing,north,1
-0.1835,-0.1767,0.5326,-0.8211,4.6118,25.11,-1.6634,0.1165,1.341,5.21,83.14,-0.7858,7589,C,standard,day,south,1
-0.3536,0.8619,0.9982,0.8845,5.2624,50.62,-0.794,0.8067,1.3927,3.42,69.19,-0.7806,2433,D,economy,night,west,0
-0.6842,1.8554,0.1013,-0.5738,9.3058,64.96,1.6807,0.7113,1.7966,3.96,48.67,1.0302,6350,C,premium,day,south,0
-0.1083,1.287,0.1248,-1.1109,6.1446,44.87,0.7502,0.0615,-0.0221,10.2,66.39,-0.4074,3500,C,standard,swing,west,0
0.5455,-0.4836,0.714,-1.8572,5.2927,77.42,0.3144,-0.2331,0.6883,5.6,65.1,0.377,3593,A,standard,night,north,1
-1.1419,1.5943,0.1445,0.3792,8.587,58.87,-0.899,-0.6438,-2.255,18.17,56.26,0.6569,4852,C,premium,night,south,1
0.7881,-0.1344,0.4434,-0.3832,8.6021,87.12,-0.0329,-0.7506,0.2992,19.91,67.25,0.2387,5080,C,standard,night,west,1
-0.1947,-0.9961,-0.3316,0.6128,9.6358,88.14,0.7922,-0.316,-0.5098,38.46,70.98,0.4725,2009,A,standard,swing,south,0
-0.9641,1.8904,-0.0356,0.9125,0.6579,81.23,0.9556,0.88,,6.69,70.66,-1.6525,3585,C,standard,swing,north,0
0.0882,-0.2548,0.5258,-1.5534,3.6769,56.6,2.3188,-1.5533,-0.0217,14.49,69.15,-0.0943,7505,A,economy,swing,east,0
2.3049,0.2275,-0.5576,-0.23,2.6333,78.12,0.738,-0.6344,1.5998,8.53,81.26,0.905,6219,B,standard,day,east,0
3.2175,-0.1913,,-0.3616,3.1089,94.75,0.0904,-0.7751,2.8474,5.83,54.79,1.0049,8086,A,economy,swing,west,0
-1.2216,-2.006,-0.5891,0.1096,5.247,44.04,-1.4746,-0.1165,1.7671,23.19,63.79,-0.4494,5205,D,standard,swing,east,0
1.038,1.3247,0.7601,-0.3551,5.4036,84.9,1.7751,-0.1545,-0.4102,5.29,74.5,1.5995,7571,C,standard,swing,west,0
0.7099,,1.1652,-0.2556,2.1367,12.0,1.1246,0.1908,-0.2313,29.71,46.27,-0.3339,3781,D,economy,day,north,0
-0.3046,0.0909,0.4853,1.3639,6.9697,67.12,1.4407,2.34,0.1471,29.92,60.29,-0.8242,2787,C,economy,swing,north,0
0.2634,-0.3916,0.5448,-0.3634,0.3362,,-0.2053,-1.7851,,75.26,75.67,-1.6088,7392,B,standard,swing,west,0
0.0318,1.466,-0.9422,-0.5655,0.4762,70.41,-0.5202,-0.0218,0.9492,24.96,92.41,0.2706,1581,B,standard,night,south,0
1.2292,0.3242,1.5135,-0.3639,7.8728,19.69,-0.4352,0.3321,2.0195,36.43,78.33,-0.6346,4133,A,premium,swing,south,0
-0.0928,2.046,0.4367,-1.507,4.7167,60.72,0.0939,1.0889,1.4449,5.17,60.4,-1.868,1092,B,standard,day,south,0
-0.1913,0.6896,-1.6246,-0.3023,4.9771,64.46,0.5013,-0.6182,0.1586,13.61,73.66,-0.6924,2319,A,standard,swing,east,0
1.4036,0.335,-0.4928,-0.7586,,11.5,-0.3865,0.4515,0.3604,10.17,74.67,0.0864,9697,B,premium,night,west,1
2.0449,-0.0046,-0.5402,-0.2691,8.765,39.58,0.2636,1.2522,-0.5434,28.67,63.46,0.2735,3114,D,premium,night,north,1
0.0323,0.954,2.0477,2.4518,6.5843,60.1,1.3526,-0.9688,-0.9758,21.33,96.19,-1.4892,7771,B,standard,swing,west,0
-1.436,-1.4797,0.2678,-0.7173,2.2087,69.03,2.4762,-1.4793,-0.0695,9.16,55.18,0.4313,4322,A,standard,day,east,0
-1.5337,0.1575,-0.6657,0.46,9.1673,5.57,-0.8729,0.2385,-1.9713,16.4,50.62,-0.4976,6049,D,premium,swing,north,0
1.0345,-1.2428,0.3908,0.8675,2.7887,44.34,-0.4774,-0.0144,-0.1945,8.9,86.22,0.1868,4906,C,standard,day,south,0
0.7274,0.4591,-0.0026,1.687,5.1844,55.87,1.9496,-0.5868,2.2502,5.13,64.07,1.1794,7101,C,premium,swing,west,1
-0.1045,1.4227,0.4232,1.291,6.2188,57.83,0.8425,1.6264,-0.2978,26.62,57.6,-1.0319,5160,C,premium,swing,east,1
-1.7803,,-0.5326,-1.0281,5.0094,63.5,1.0938,0.4994,,13.49,67.46,-0.1491,7548,A,premium,swing,west,0
-1.2426,-0.0749,-3.2559,1.5018,3.456,73.18,1.3336,0.9282,-1.0521,6.02,77.53,0.201,8232,D,standard,day,west,0
-0.3223,-0.0147,0.5109,0.4296,6.0268,58.24,-0.3907,1.6599,-1.2498,38.94,61.0,-0.1686,1128,A,,swing,east,0
-0.0139,2.0232,-1.2522,-0.7173,0.467,66.37,-1.2946,-1.0359,-0.9623,30.55,79.04,-0.1646,6911,D,standard,swing,west,0
-1.3624,0.2352,-0.6001,0.0387,8.941,37.72,-0.148,0.1909,-1.263,13.24,57.38,-1.4652,4085,C,economy,night,south,1
1.201,0.7996,0.261,-0.475,5.8773,61.09,1.6028,-2.2962,-0.3021,13.44,68.33,0.4782,6460,D,economy,day,west,0
1.155,-0.9161,-0.4866,-0.4168,4.7597,23.97,0.9344,0.5627,2.2791,17.19,78.35,-0.2082,2452,C,standard,day,east,0
0.2139,-1.789,0.3759,0.3758,6.3158,65.3,-2.2437,-0.4933,-2.1908,23.54,58.21,0.2077,4142,B,standard,swing,west,1
0.4633,0.6827,0.7944,-0.2757,5.9831,66.44,-0.0459,0.2794,-0.1178,12.29,54.33,-1.4431,6163,B,premium,day,north,0
0.9085,-1.0994,0.5141,-0.828,8.7227,26.09,-0.2324,1.5966,0.1911,14.86,79.76,0.6324,4389,B,standard,swing,west,0
1.3414,-0.7676,-0.746,0.1125,7.4448,52.22,0.3249,-1.0242,-0.078,43.72,83.54,0.318,3679,B,economy,day,south,0
0.944,-1.1166,-0.0169,-0.9378,2.1729,59.09,0.1493,-0.9079,-0.0537,15.67,66.88,0.5018,4769,B,premium,swing,north,1
0.7089,-1.4168,0.7988,-0.1606,9.8549,3.85,0.3759,-1.2919,-0.0741,33.37,59.67,-0.932,5858,B,standard,swing,east,0
0.1643,-0.5287,,0.3573,9.1745,3.92,0.9786,-0.6975,0.098,44.9,64.31,0.7111,6905,A,premium,day,south,1
-0.6455,0.8218,-1.5232,-1.3297,4.2785,8.92,1.2112,1.8627,2.8208,10.63,79.39,0.7424,2926,B,standard,swing,south,1
0.1884,0.9667,-0.4477,0.0946,5.7877,35.23,0.9375,0.3665,-1.5477,25.73,57.63,-0.3822,2987,A,economy,day,east,0
-0.1844,-1.5401,-0.9561,0.2152,4.3076,74.43,-1.0033,1.1905,-1.2991,4.63,64.67,1.1309,4426,B,standard,day,east,1
0.2904,-0.8691,1.0027,-0.6427,4.3982,58.23,-0.417,0.9869,0.7757,7.11,73.08,-0.57,3772,B,standard,day,east,0
-1.5257,-1.179,0.6158,1.9559,4.3728,51.55,-0.6311,0.5491,-0.2437,6.68,49.51,-0.5005,7164,D,,swing,east,0
-1.1611,-0.178,0.1722,-0.0626,0.2301,71.86,1.8738,0.0872,0.509,8.41,80.03,-0.3164,7260,D,,swing,north,0
-1.9952,0.8223,0.7229,-0.4989,1.4889,55.3,-2.5671,0.7171,-1.79,41.15,68.23,0.8654,7062,A,economy,swing,south,0
-1.5714,,0.7407,0.2963,2.0907,41.04,0.4765,-1.145,-1.9837,36.47,75.15,-0.0333,8447,A,premium,day,south,0
1.1999,-2.1369,0.946,1.341,6.4369,86.64,0.8702,0.7934,1.5666,8.57,59.58,-0.4442,8500,B,premium,night,south,1
-1.2141,0.1312,0.5179,-0.0888,3.439,52.8,-1.8211,0.4851,0.1343,34.55,72.45,0.4116,2770,C,premium,day,east,0
-2.9414,-0.0139,-1.1311,0.0707,1.0322,32.57,-0.6164,2.6786,-2.2747,34.16,53.59,-0.1169,7380,C,economy,night,west,0
0.3834,-0.4067,0.5751,0.0777,,61.14,-1.6924,1.2677,,25.43,70.14,0.3691,2765,D,standard,day,east,0
0.9224,0.534,-1.5033,0.4453,3.1133,80.73,-0.1613,1.1653,-0.2366,31.45,67.42,1.5479,8257,B,economy,day,north,0
0.6009,-0.3166,-0.5944,-0.9014,0.1991,41.29,0.8465,-0.4745,,36.22,73.45,2.3606,4359,A,premium,night,,0
-0.235,0.6762,,0.6801,1.4252,47.78,1.4214,-0.0101,1.0507,8.19,56.8,-0.1667,2390,A,standard,swing,north,1
-0.3654,-0.3089,-0.6381,1.618,1.3708,44.72,-0.1423,0.5205,0.128,25.15,65.55,-0.9987,8051,D,standard,swing,east,0
0.5384,0.1,2.3533,1.2271,4.8346,46.94,-0.6624,0.15,,8.91,60.2,-0.5932,8978,C,standard,night,north,0
0.2399,-0.5399,-0.9563,0.8521,6.0378,67.22,-0.4152,1.6928,-0.6041,74.32,78.55,0.0592,2789,C,standard,night,south,0
-1.4819,-1.2458,,-0.389,5.9982,34.71,0.2739,0.0788,-2.1161,14.78,76.15,0.1596,2601,D,standard,day,west,0
0.0527,-0.4224,-1.221,-0.0679,7.5609,51.31,1.5766,-1.6898,-1.392,48.41,56.29,1.2697,7863,D,premium,day,east,1
-0.3375,-1.0029,0.3458,-1.9294,5.4261,35.3,-0.1573,-0.8614,0.1428,47.39,60.71,0.5396,1563,A,economy,swing,west,0
1.0492,-1.0103,,-3.8967,1.6834,15.83,-0.6677,-0.8275,0.6207,16.72,73.31,-0.4562,7362,C,standard,swing,south,0
-0.5721,0.2572,-0.8051,0.0151,6.0058,58.94,0.7051,-1.1374,-1.1526,7.31,62.56,-0.358,5205,A,economy,night,east,1
-1.3083,-0.6071,0.2002,1.6684,8.5097,19.22,0.235,-0.0532,0.2029,9.66,80.7,0.2259,5770,A,premium,swing,north,0
-0.1209,0.2821,-0.6857,-2.4752,8.9642,,0.8131,0.1917,1.3522,13.15,62.53,0.5445,9808,A,economy,swing,east,0
1.8195,0.6134,-0.5911,1.8701,4.9253,40.23,-0.1318,-0.5685,1.8262,2.73,66.93,0.911,9444,B,premium,day,east,0
1.7623,0.1908,-1.7719,0.7414,7.7993,83.82,-0.4854,0.5785,0.6987,16.4,73.58,-0.4902,2648,A,standard,day,east,0
-0.535,0.0332,-0.243,1.9431,3.3251,84.47,-0.1467,1.0201,1.0229,20.3,61.52,-0.7563,4200,C,standard,swing,east,0
1.1116,-3.0388,1.0977,1.8308,5.6691,14.74,0.5389,-0.6631,1.026,19.89,73.52,-0.7871,9422,A,standard,day,east,1
0.3052,-1.1002,-1.0907,0.7377,9.2845,40.35,0.1644,1.0279,0.384,9.25,69.05,-0.6879,2843,D,economy,night,south,0
1.2062,0.253,0.3641,0.759,6.696,74.39,-1.4139,-0.7981,1.074,5.73,65.97,0.1167,8955,A,standard,day,south,1
1.3593,0.5893,-2.1172,-0.0504,0.3801,68.79,0.0731,-1.6281,0.0598,21.45,55.17,0.4795,1117,C,,swing,north,1
-0.2694,-2.0279,0.4344,0.488,4.3802,,-2.0602,-1.5553,,12.56,75.43,-0.5818,4118,D,standard,night,south,1
0.9971,-0.8249,0.6437,-1.693,9.8179,57.83,0.9787,0.5249,,11.3,73.36,1.2333,4761,D,standard,day,south,1
-0.8373,-0.3153,0.5429,0.3252,1.1515,60.17,1.5584,0.1225,-2.0259,23.78,69.37,0.3524,3248,B,standard,night,east,0
-2.1196,1.8814,-1.3914,0.5189,0.3649,6.27,-0.378,1.2778,-1.327,26.05,91.78,0.7643,6505,C,economy,day,south,0
0.2631,1.86,0.3649,-0.6958,8.3485,19.93,1.2085,1.1336,0.502,17.56,64.41,-1.0238,3675,D,economy,swing,east,1
1.0919,0.4623,-1.6451,0.7266,8.7104,83.54,0.8414,0.0872,-0.3387,24.65,70.16,1.4104,6943,B,standard,night,south,1
1.2243,-0.372,-0.3869,1.1436,3.0391,67.1,-0.1726,-0.1999,0.1512,13.77,65.53,-0.4718,5259,D,economy,day,west,1
0.3471,1.9855,1.7867,2.4611,2.4588,41.81,0.5524,-1.5889,-0.5468,19.3,53.07,-0.3532,2076,D,standard,swing,east,1
-0.5404,0.0545,-0.4901,-0.2747,6.0271,17.13,-0.6572,0.9255,-0.5646,11.4,73.02,-0.4869,7664,D,standard,day,west,0
0.4183,-1.4197,0.9682,-0.7686,1.7887,66.13,-1.192,-1.0166,0.4134,12.55,69.75,0.6593,3026,A,economy,swing,west,0
-0.1771,-1.5277,-0.0532,0.1294,0.1766,19.79,-1.0156,-0.0097,1.0312,7.89,51.91,0.8861,8650,D,economy,day,west,0
-0.7254,1.1807,-1.4872,1.7971,7.2806,10.81,1.5347,1.2751,-0.414,3.34,59.34,-0.064,4645,D,economy,swing,south,0
0.8954,1.0883,0.0454,1.7059,7.4984,67.85,-0.3862,0.6389,1.4976,8.82,76.52,0.0483,8049,B,standard,swing,north,0
-2.4142,-0.3258,0.1601,-0.2593,3.4245,21.81,0.3358,0.2536,-0.716,14.34,75.16,0.3263,7149,A,premium,swing,south,0
1.0852,-0.0358,-0.3997,-1.1245,2.7371,35.47,1.2051,-0.5967,-0.3311,20.09,79.13,1.2628,2531,C,standard,day,north,0
-0.2589,-0.184,-1.6713,1.2151,1.5182,46.61,0.6017,-0.2854,-0.0614,13.13,66.15,1.097,4063,D,standard,swing,south,0
-0.6446,-0.922,-0.0653,0.8302,0.9847,56.95,0.3188,1.0328,-2.5231,11.39,63.26,1.2107,5653,C,premium,swing,north,0
0.6223,-0.035,0.1841,-0.4002,,,1.1079,-0.5217,1.647,17.06,70.37,0.4805,6175,D,standard,swing,east,0
-0.4515,-1.317,-1.0106,-0.3286,7.7629,59.28,0.462,1.0501,1.404,50.72,87.06,-0.6964,7641,A,standard,night,east,0
-0.5861,,0.6397,-0.6165,5.4452,51.44,1.1421,-0.0996,-0.8996,16.42,81.04,1.4715,3884,B,standard,night,,0
-0.4311,-0.9769,,-0.0152,0.8638,15.62,-0.2216,-0.4203,-0.6827,39.31,66.02,1.6406,5141,B,economy,swing,north,0
0.4781,1.4226,-0.8738,0.9157,3.1228,,0.3155,-0.9617,-0.138,23.66,76.89,1.5191,7835,D,premium,swing,north,1
1.6026,0.0342,0.4834,1.5461,1.5864,45.16,-0.0559,-0.6408,0.9914,9.96,64.46,2.0601,1899,D,premium,day,north,1
0.1634,-0.5378,0.061,-0.6116,7.5732,21.59,-1.0372,0.6319,-0.5711,15.87,75.77,1.2095,7730,D,premium,day,south,0
-0.991,1.3848,0.0467,-1.281,1.0417,69.61,-0.4359,3.3033,-0.274,55.28,62.82,2.854,9297,C,economy,swing,east,1
1.3546,,-0.3196,-2.4648,,36.64,1.0843,-1.0747,2.5798,55.3,65.83,1.3652,4474,C,standard,swing,west,0
0.5356,0.3514,0.3137,0.6782,8.0162,40.36,-1.1435,-0.3521,0.6742,31.1,65.97,-0.4883,8022,C,standard,swing,south,0
-0.8927,-0.1403,0.4275,1.6601,7.2082,32.22,0.5549,-1.1355,0.4557,6.96,79.77,1.7276,3653,C,standard,swing,west,0
-1.3236,0.3681,-1.2984,0.4672,6.9986,64.15,-0.3581,-0.727,0.4364,14.09,73.59,0.7129,1337,B,economy,day,north,1
0.4393,,-0.4987,-0.1924,3.5105,54.53,0.3806,0.9678,0.1948,13.22,61.73,-0.0351,9119,B,premium,day,south,0
-1.7553,,-0.3631,-0.0117,9.3043,63.48,-1.295,-0.5266,0.826,11.41,68.52,1.0728,2161,B,standard,day,south,0
1.537,0.6362,0.6909,-0.355,9.3897,22.31,0.2228,-0.3667,2.6286,9.42,79.41,0.124,5761,A,,swing,south,1
0.9186,0.2196,-0.6722,-0.4824,5.2732,39.96,0.1227,-0.817,2.3843,8.63,77.18,-0.6029,8991,C,standard,day,west,1
1.3283,0.267,0.614,-0.0914,1.1414,45.81,0.4959,0.3169,1.0946,19.94,67.31,-0.6539,2674,C,premium,night,east,0
0.4704,-1.6924,-0.422,-0.1779,7.9387,47.85,0.7603,-1.2024,-1.1902,18.14,92.27,0.0363,4827,B,standard,night,west,0
-0.862,-0.677,-2.3378,-0.2705,9.3181,92.44,-0.4307,-0.1845,0.1172,10.08,58.9,-0.9522,4115,B,premium,day,east,0
-0.4436,1.3496,-1.0007,0.9443,6.3285,16.36,1.5893,-0.0903,-0.0369,28.49,68.04,0.5774,8309,D,standard,night,east,1
1.2648,0.1932,,0.026,0.4389,63.64,2.1288,-1.2063,0.4664,14.29,63.9,1.2508,2375,D,standard,swing,west,1
0.7108,-2.2995,0.2471,0.7807,0.7393,41.97,-1.1273,-0.0688,-1.8886,18.07,67.85,-0.7027,8836,C,economy,day,west,0
-0.6316,-0.5143,-0.4453,0.8667,5.0151,64.61,0.9312,-0.0717,0.1204,27.28,71.41,0.58,2163,D,premium,day,south,0
-0.3963,-0.6074,0.8967,-0.8979,7.9305,55.35,0.0702,-0.4788,0.256,2.87,79.65,1.7615,7251,B,standard,swing,west,0
0.17,1.1864,0.74,-0.6779,5.4167,30.21,1.1035,0.16,-0.788,2.24,78.55,0.9971,8136,A,premium,day,east,0
0.231,0.2676,-0.7735,-0.8653,,,-1.2347,-0.511,0.1723,22.86,66.65,-0.7823,3989,C,premium,swing,east,1
1.8006,0.4857,0.2479,-1.5566,1.4306,57.08,2.5418,-0.7799,1.8013,18.4,59.78,-1.1458,4852,D,standard,day,north,0
0.0305,,-1.4969,-0.2916,9.0814,89.64,-0.529,-0.0302,0.0085,22.48,74.48,1.0071,2716,B,economy,day,north,1
0.8814,1.3762,0.6479,-0.4721,2.6466,46.5,-0.0967,-0.2224,0.5847,29.29,59.89,-0.6375,5755,C,standard,swing,west,1
-0.5921,1.1279,-0.1667,-0.4655,9.2466,46.16,-0.9845,-0.679,0.4936,63.53,62.99,-0.243,5482,D,premium,swing,north,0
-0.0387,-0.9129,-0.5785,0.4422,1.1187,38.8,0.8274,0.7234,,70.45,72.79,0.7086,3017,B,economy,swing,east,0
-0.2371,-0.0926,0.9555,-1.3138,3.7481,57.08,0.1397,0.4626,-0.2548,17.51,86.59,-0.9095,4655,A,,day,,0
-1.3979,-0.3069,0.9454,-0.1605,7.1733,50.92,-0.7628,0.6858,-1.9708,10.28,77.08,0.421,8172,B,standard,night,east,0
1.0802,0.8385,0.444,-0.8907,9.1784,70.56,1.4445,-1.0606,0.9905,24.07,77.5,1.3351,6448,C,premium,swing,east,0
0.8714,-1.0656,0.1747,2.1124,5.2976,54.17,1.6694,0.56,-1.453,16.3,61.98,-0.8529,6789,D,standard,swing,east,0
0.7849,0.2692,0.7383,-0.0814,7.6101,15.45,0.3988,-0.2501,0.1397,17.78,67.38,0.4677,3455,D,premium,day,east,0
0.918,-1.1749,0.6164,1.3342,0.4334,,1.0491,-0.4658,2.1428,14.81,75.74,0.7478,5124,A,standard,swing,east,0
-0.2783,0.2489,-0.6725,0.7189,1.1046,,-1.0864,-0.3156,0.6114,2.59,80.86,2.1854,1335,D,standard,swing,south,0
0.1831,-1.3465,-0.1645,-0.1106,1.3839,90.12,0.9504,0.6858,-0.2087,79.05,58.22,-0.9543,9307,B,premium,night,west,0
1.3827,1.9137,-1.4247,1.3702,1.7409,26.87,-0.0325,1.6675,1.9212,31.24,74.16,1.4256,6207,B,economy,day,south,0
-0.3987,1.3021,0.3564,-2.7055,6.9934,87.05,1.9427,-0.5602,1.659,40.89,75.09,0.8532,1411,C,economy,night,east,0
1.098,0.3665,-1.0325,-0.4837,1.3872,11.48,-0.0483,1.1862,1.0487,13.21,67.27,-0.7665,5238,D,standard,night,east,0
0.6514,-0.2712,-0.404,-0.0707,9.9981,,1.659,0.5591,0.7512,12.11,78.13,-1.1136,8610,A,economy,day,east,0
0.4053,1.8078,0.0699,-1.0748,8.5685,8.55,-0.065,1.5832,-2.4067,6.72,73.43,0.2386,1381,D,,night,west,0
0.8168,-0.7781,-0.0117,0.8961,8.0232,52.33,-0.8663,0.4884,0.5405,35.02,68.78,-0.1999,3449,D,economy,day,north,1
-1.0809,-0.0817,-0.1525,0.7057,4.8242,46.58,0.3084,0.246,,21.49,99.36,-0.0435,1988,D,economy,night,east,0
0.4328,-1.2607,0.6852,-0.5213,1.7938,54.29,1.8303,-0.6779,1.8091,26.85,56.7,-1.2839,6206,D,standard,night,east,1
-0.7973,0.5074,0.0068,1.3972,7.8215,89.27,-0.0353,0.9808,0.7616,11.84,68.52,-0.693,5721,C,standard,day,west,0
-0.6435,-0.6885,0.7177,0.5425,4.4411,27.56,1.6573,-0.8542,1.1636,16.29,58.05,-3.3581,1268,A,economy,swing,south,0
0.6118,2.4027,-1.8698,-0.5479,4.557,12.29,-0.094,0.6569,-0.366,18.37,66.93,0.1984,6231,D,standard,day,south,0
0.0515,0.4179,-0.9296,0.3373,1.0796,35.43,1.9768,-1.5903,-0.5732,2.06,67.71,0.8715,9283,C,economy,day,east,0
1.6744,1.1591,0.0594,0.8777,6.4655,58.15,0.6304,0.1586,,25.51,65.03,1.0403,2373,B,standard,swing,east,1
0.2673,1.4975,-0.2335,-0.3654,9.7468,25.05,-1.0628,1.3257,0.2149,8.13,69.62,-0.7953,4260,C,standard,night,north,0
-1.5417,-0.9883,1.4354,-0.6699,,31.59,-0.346,-0.5711,-1.9045,9.01,67.1,-0.5425,9042,C,premium,night,north,1
-1.0351,0.3719,0.1519,-1.2809,6.0394,62.04,-0.0931,-0.1759,-0.8372,17.14,67.86,0.771,5806,A,,night,north,0
-0.2972,-2.0153,0.0635,-0.2862,6.1939,8.82,-0.3899,-1.5307,-0.1963,21.61,65.93,-1.0083,9555,B,economy,day,north,1
-0.242,1.5542,0.8925,0.0104,3.228,50.93,-0.1167,-0.1583,0.2181,20.06,82.79,-2.2486,4493,B,standard,day,west,1
1.5091,-1.3785,-0.0331,0.2427,1.5467,89.34,1.3761,-2.213,-1.1572,13.15,73.65,-0.2936,5243,C,premium,day,south,0
1.1217,-1.246,-0.233,-1.0768,7.3123,73.66,0.7486,2.1163,2.4017,22.52,69.69,0.5999,5857,A,premium,day,south,1
-0.5428,0.258,0.0476,1.3483,9.2771,77.18,0.9625,0.589,-1.0478,46.74,45.79,-0.7395,7762,D,economy,night,west,1
1.6815,,0.2032,-1.0676,1.2962,29.19,-0.7547,1.4476,0.8792,17.23,75.4,1.0042,8210,A,standard,day,north,1
1.2191,1.0888,0.2803,-0.2805,0.1095,39.86,1.0172,-1.0111,-0.0939,27.73,61.34,-0.3516,1477,C,economy,night,south,1
0.8119,2.4668,-0.5167,-1.0034,1.8668,23.38,-1.9291,-0.5968,-1.1242,21.05,60.35,0.6785,7418,A,premium,night,,0
-0.4805,-1.4225,1.1663,1.3023,0.6557,,-0.431,-0.614,-0.2902,13.9,75.72,0.7311,1866,B,premium,night,north,0
-1.3114,,1.9761,-0.4814,6.604,40.66,-1.8104,0.7058,-1.3319,17.82,80.26,1.0769,5210,C,economy,swing,north,0
-0.3444,-0.6722,1.4976,-0.2779,,42.14,-0.9397,0.2447,,9.17,54.24,-1.2685,7225,A,standard,night,south,0
-1.3007,0.3439,1.9137,0.1351,4.4543,70.43,-0.3579,-0.3491,-1.0207,20.47,66.16,-0.8402,3531,B,economy,day,east,0
-1.4187,1.9308,-1.2748,-0.1841,4.1986,83.53,0.0719,-0.5764,-0.6916,34.64,76.06,-0.4016,9745,A,premium,day,east,0
-1.1517,0.0727,0.3496,-0.1102,1.8477,55.65,1.9649,-1.6908,-2.1628,12.76,81.37,-0.4855,3704,A,premium,swing,west,1
-0.6204,-1.511,-0.2678,-0.6649,6.821,73.28,-0.051,0.5721,1.7472,26.43,54.05,0.8616,8724,A,economy,swing,west,0
0.6554,-0.9355,-0.9654,0.131,0.0551,44.43,-0.5949,-1.339,0.6281,13.19,72.08,0.6301,7683,D,premium,day,,1
1.0955,,-0.0876,-0.7803,5.2506,75.45,-1.3761,-0.0267,1.1303,21.0,57.47,1.4041,9042,A,economy,swing,south,1
-0.1212,-1.8058,-0.0961,-0.2791,9.2964,14.57,0.7661,-0.072,-0.3459,27.2,76.16,-0.1722,8616,C,standard,night,east,0
-0.3559,0.47,-1.0332,0.172,7.8966,49.21,0.7292,-2.8969,-0.25,11.37,67.28,-0.6942,4336,C,standard,day,north,1
-0.945,-1.4882,0.7414,-1.3028,9.8386,55.78,-1.0862,-0.1986,0.2746,10.35,48.76,-0.7562,7955,D,premium,swing,south,0
-0.1742,0.5665,-0.4311,-1.2884,2.7153,,-0.1925,1.2422,1.544,13.68,58.15,0.8004,8828,C,,day,north,0
0.5572,-0.9446,-0.3753,-0.2383,9.2402,63.24,1.8318,1.0957,-1.7644,12.34,66.56,-0.8331,5865,D,premium,night,west,0
0.9596,1.9186,-1.7847,0.073,3.1457,49.06,-0.3886,1.0967,0.5816,13.5,64.62,-0.0351,2555,D,premium,swing,north,0
0.838,-0.4088,0.8522,-0.8731,3.9092,,2.1795,1.0647,-0.0692,9.89,64.25,1.2824,5708,D,economy,night,east,0
0.9598,0.3679,-0.638,-0.4865,,62.89,-0.7002,-1.1236,-0.4791,43.04,74.14,-1.2394,8001,B,standard,swing,north,1
0.8124,0.2035,-0.8702,-0.9102,4.1175,14.8,0.4236,0.5915,-0.1614,17.52,61.04,0.0555,6992,B,standard,night,north,0
0.7117,2.5242,1.5924,-0.8861,3.1825,,-1.5849,-1.2561,0.5822,6.92,54.1,0.5509,8600,C,,day,west,1
-0.7541,0.8725,-0.0982,-0.2006,4.978,93.93,-1.0619,1.2325,-2.644,21.4,74.86,0.5524,8895,B,premium,day,east,0
-0.7575,2.8486,0.6157,-0.3814,7.4009,15.46,0.3989,0.7396,0.3973,48.53,54.98,-0.5741,9135,D,standard,swing,south,1
0.6384,1.8578,-1.468,0.5777,0.2767,,0.3582,0.5541,0.479,15.32,81.13,-1.1646,2514,C,premium,swing,north,0
-0.4488,0.9583,-1.2029,-0.5477,0.1532,45.9,-0.5897,1.3997,-0.0157,9.4,69.01,-0.2513,3830,A,economy,day,west,0
2.7736,-1.4076,-0.3843,-1.1909,1.0892,78.45,-1.773,-1.4234,-0.0733,20.09,65.57,0.0628,5367,A,premium,swing,south,0
0.118,-0.0042,-0.5698,0.8976,1.3181,31.42,0.7701,-0.3707,-0.5918,6.54,61.39,-2.3394,9621,B,standard,night,east,0
-0.9465,-0.9151,0.3545,0.2391,0.656,48.54,0.4332,0.9196,-0.2012,22.54,64.98,1.3852,9344,A,standard,day,south,0
-0.6036,,,0.29,4.153,65.35,1.3351,0.6363,1.575,19.36,59.86,-1.3301,1579,B,standard,swing,east,1
-0.6208,,1.1474,-0.7144,4.6256,87.29,1.0207,-2.3313,1.2483,22.15,66.89,-1.4286,5923,D,standard,swing,north,0
0.4941,-1.2708,-0.0835,-1.7912,6.6194,33.08,0.0003,-0.5584,0.0827,22.74,72.83,0.8943,3276,A,standard,night,west,0
1.0619,-1.6599,-0.3774,0.7655,4.0632,31.42,1.5347,-0.8808,-0.3853,11.34,75.83,-1.467,6466,A,economy,swing,south,0
-0.6686,-0.0692,-0.2103,0.2414,6.128,8.93,0.3704,1.1141,-1.0646,15.65,60.56,0.426,3604,C,standard,night,south,0
0.0632,-0.0738,0.0824,-0.398,7.0846,69.07,0.9928,-1.386,-0.6811,26.1,68.43,0.8293,3558,C,standard,swing,west,0
-0.4758,0.7081,0.8187,-1.7211,9.6682,54.55,-1.2596,-0.9261,0.4293,5.0,68.02,-0.1019,5550,A,economy,night,south,0
-2.3144,0.0453,0.2809,1.1027,7.3434,51.63,2.3861,0.1287,-0.6202,23.65,62.07,-0.3878,4828,D,economy,night,west,1
-1.4564,-0.6408,0.4412,-0.1679,9.9711,64.63,0.4149,-0.2734,-2.3592,21.3,66.76,1.0521,1230,C,premium,day,south,0
-0.9727,0.5078,1.455,-0.3806,2.1556,,-0.266,-0.0878,-1.2424,19.34,64.99,-0.2295,8064,D,economy,swing,north,0
1.3665,1.5305,0.806,0.9256,6.5658,72.1,-0.2846,0.6155,1.2712,23.26,87.7,1.2556,5248,D,standard,swing,south,1
0.6792,-0.1401,,0.7105,2.2224,38.98,-0.2166,-0.3718,0.9505,19.96,65.69,-0.5793,7381,B,economy,swing,west,1
-0.1116,0.4542,0.1381,-2.8369,7.2155,30.47,-1.0035,0.7126,1.0377,11.88,75.99,1.6086,8605,B,standard,swing,west,0
2.3429,,-0.4123,1.7314,,91.35,-0.3165,-0.5808,2.0302,38.91,72.48,0.1995,7795,B,economy,night,east,1
-0.9103,-0.0813,0.61,1.687,7.4904,63.98,0.2588,-0.823,-0.1762,13.67,71.43,0.9945,5034,C,premium,swing,north,0
-0.3665,-0.4382,0.4943,0.121,1.5716,50.97,-0.1939,-1.6166,0.7968,14.17,70.64,-1.5484,1375,A,economy,day,west,0
-0.3807,0.8772,1.1456,-1.3528,9.6857,63.56,-1.4852,-0.6693,-0.9161,1.65,73.44,-2.1698,7838,D,premium,night,north,0
0.0019,1.1859,0.7457,1.4012,1.7345,73.53,-1.6352,-0.4177,0.1737,12.84,61.96,0.147,2045,B,premium,day,south,0
1.9317,-0.877,1.8286,0.8015,6.6873,11.49,0.9982,0.8697,0.3513,14.11,55.77,-0.4734,4186,B,standard,day,south,1
0.4117,-2.3533,-1.4463,-0.3811,7.864,,0.7488,-0.0038,1.5892,11.63,65.56,-1.1827,1347,B,economy,night,,0
-0.8335,0.2687,-0.916,-0.3357,5.1291,84.34,-1.0244,0.1553,-0.2656,32.7,83.29,1.8196,1078,A,economy,day,north,1
2.273,0.4298,-1.1938,-0.4535,8.3518,74.14,-0.3448,-0.1174,2.4155,24.79,72.0,-1.1667,3391,B,economy,day,south,1
-1.95,-1.0019,-0.1354,-1.5271,8.2069,26.19,1.3167,0.5116,,10.79,64.18,0.9673,5386,C,standard,swing,east,0
-0.7812,0.0598,0.3465,0.0656,0.5838,27.86,-0.8504,-0.463,0.4024,27.46,64.89,0.7134,6814,A,economy,day,east,0
-0.2344,-0.332,0.5654,0.307,6.8247,43.64,0.1616,-0.8917,0.4268,8.43,53.58,0.9199,8058,C,premium,night,south,0
-0.3886,-0.2826,0.0488,1.698,1.7253,47.14,0.4078,0.5009,0.8298,10.88,58.46,0.8295,2992,A,standard,night,west,1
0.5108,0.2119,1.0849,-0.4944,3.4048,52.21,-2.0644,2.4567,1.0759,14.21,62.66,-0.2351,3779,C,premium,night,east,0
-1.3721,0.5288,0.3169,0.2828,,24.55,1.5628,-0.4917,1.0819,19.14,74.9,-0.1254,6159,B,standard,day,south,0
1.0901,-1.5246,-0.1796,0.7945,6.4688,33.26,-0.0977,-0.097,-1.5555,22.32,40.55,0.1337,3736,D,standard,swing,south,0
0.3941,-0.5356,0.4829,-0.1615,6.226,74.3,-0.7413,-0.3597,0.5571,18.28,85.09,0.0768,1396,C,standard,swing,north,0
0.3052,-0.9766,,-0.1857,6.5972,69.78,0.3544,0.6869,-0.511,12.33,68.33,0.4591,7833,B,standard,day,east,0
-1.4624,1.7018,-0.4443,0.8481,5.1964,33.29,1.9077,0.1276,1.0616,11.51,69.09,0.2163,6328,C,,day,east,0
1.9842,0.5934,0.8322,0.79,2.2789,56.31,-0.168,-0.8974,2.3544,18.96,67.09,-0.8299,9939,A,premium,day,east,1
-0.1566,1.2003,0.015,0.9281,1.5443,51.41,0.7927,0.1704,-0.9062,26.07,60.13,-0.7454,8021,A,economy,night,south,0
-0.1523,-0.5615,2.0574,-0.2612,6.3027,69.19,2.1662,0.7168,-0.0282,14.53,88.39,0.8121,6141,A,,day,north,1
1.0815,-0.4014,-1.0482,2.7785,4.4591,41.36,-0.0221,0.0428,-1.4536,31.0,62.92,1.6497,6794,D,premium,day,north,0
0.7827,-0.8112,-2.2549,-0.096,3.2493,90.62,-0.1021,-0.1079,0.0619,9.97,82.39,0.0265,5967,B,economy,swing,north,1
-0.3995,-1.1472,-0.835,-1.2224,4.4726,47.04,0.1253,1.0776,-0.712,17.08,76.79,0.2492,2949,C,standard,swing,east,1
-0.6291,,-0.5746,0.6692,4.2641,45.35,1.0259,-2.5949,0.8438,14.31,60.88,-1.0284,5487,D,,night,north,1
-1.1184,0.7387,-0.8583,-0.132,7.7033,50.87,0.4407,0.3771,-1.3887,39.82,70.33,0.0777,7226,B,standard,day,north,0
-0.4542,-0.6635,1.9816,-0.3642,9.8176,47.4,-0.6215,-0.1745,1.114,18.2,64.23,-0.2784,5167,D,,night,west,1
1.5144,0.6837,0.5242,-0.4823,5.2594,23.63,-0.1914,-0.4357,-1.6351,31.99,75.04,-0.1069,2917,A,standard,swing,west,0
-0.6228,-0.0761,-1.7119,-1.0054,0.2824,85.69,0.1706,0.437,-0.3856,14.54,78.9,-0.2789,4646,C,premium,swing,east,0
-1.6833,0.2023,-1.4451,-1.6435,5.1661,63.73,0.0002,-1.4423,-0.5253,19.8,85.79,0.7412,3132,A,standard,night,south,0
-0.9172,0.8059,-0.4823,0.8129,7.8922,19.48,-0.1291,-0.2496,-1.2912,9.27,76.15,-0.8898,6125,C,economy,swing,east,0
0.3494,-2.2655,1.0535,-0.7069,7.6811,38.74,1.2005,0.3776,-0.5595,6.86,67.36,-0.2326,8016,D,standard,swing,,0
0.8068,0.9404,0.3424,0.6376,0.3703,10.11,-0.2562,-0.3743,0.0592,11.71,57.15,0.8486,5661,C,,swing,south,1
0.6833,-0.2887,-0.2941,-0.1011,4.8531,20.97,0.2954,0.5235,0.9625,22.74,60.89,-1.1624,6494,B,standard,night,north,0
0.9193,-0.5943,1.4933,-0.6954,6.6614,28.48,0.2334,1.9845,-0.1791,9.89,75.12,-1.4426,4184,A,standard,night,south,0
0.6072,-1.2851,1.2201,-1.4082,7.4803,42.31,-1.8692,-0.2339,-0.259,23.54,71.02,0.9193,4286,A,standard,day,east,0
0.3358,1.8487,0.7496,-1.0216,9.4906,64.5,-0.6761,-0.8464,-1.0956,26.44,67.67,0.5687,3000,B,premium,swing,north,1
-1.46,-0.9434,0.9695,1.297,6.887,53.55,-1.2172,0.8642,0.488,17.17,67.23,0.8571,1305,B,premium,night,north,0
0.975,-3.5103,0.2246,1.4005,8.9986,64.99,-0.0679,0.5422,1.4405,13.55,85.56,-1.071,1323,B,standard,day,south,1
0.648,-1.2223,-2.0696,-1.3315,5.0569,,-1.2175,-0.0078,-0.5266,7.47,60.73,0.6959,9905,A,standard,day,west,0
-0.5045,2.2755,,-1.2738,,61.7,-0.3846,-1.0673,-2.539,38.13,64.62,1.3172,3268,A,standard,night,west,1
-0.9896,0.3485,0.5081,-0.9933,7.5558,74.25,-0.1201,0.3198,-0.1179,16.21,63.41,0.4611,2403,B,premium,swing,south,0
0.0797,2.0865,-0.8241,0.2164,9.9907,,-0.4288,1.2872,1.0348,26.75,62.74,1.4558,3362,B,premium,night,south,1
-0.7267,3.6386,,1.208,5.2347,72.34,-0.2409,-0.7502,-1.7812,20.94,66.29,2.0078,9570,D,standard,day,north,1
0.3567,0.0897,-0.459,1.1576,1.266,57.05,0.3566,0.9347,0.3757,7.03,70.89,1.3403,8953,A,economy,swing,north,0
-0.9273,-0.0381,-0.0691,-0.0329,4.3304,17.66,-0.5432,-1.1538,0.0999,11.68,64.95,0.9528,1740,A,economy,swing,west,1
-1.4421,-0.5814,-0.003,0.9087,0.8568,20.24,-0.5297,-1.1861,-1.4379,4.93,73.14,0.5962,8586,C,standard,day,east,0
0.3505,0.6244,-0.3317,0.7163,,37.03,-0.0598,-1.1221,1.3354,21.92,72.22,-0.1167,4928,D,premium,swing,west,1
-0.0899,-0.2346,-1.3044,0.0764,,78.93,-1.8355,0.334,0.7574,7.49,70.01,1.311,3381,C,economy,day,west,0
2.6559,1.1107,-1.471,-0.0499,8.8183,65.1,-2.5912,0.4966,,51.25,73.51,-1.2892,9919,C,standard,day,west,0
-0.8988,-0.5922,-0.9253,0.5699,0.9489,64.48,-0.1562,2.3453,-1.0502,23.67,60.31,1.5217,9830,A,economy,swing,west,1
2.0572,3.3085,-0.1447,0.1497,5.6413,,0.7818,-1.1376,0.7577,13.98,58.64,-1.2946,6419,B,standard,swing,,1
-0.4689,1.219,-0.3003,-0.0767,5.7156,54.0,-1.6004,-0.284,0.3013,18.75,73.36,-0.1175,5358,B,standard,swing,north,0
0.0572,0.4608,1.3599,1.0746,,27.49,-1.0201,0.3482,-0.545,14.54,44.43,1.1495,1276,C,standard,day,north,0
-2.1812,-0.255,-1.5053,0.9203,2.3175,72.13,-1.6568,-1.3368,-0.2448,21.95,71.84,0.6906,7991,A,premium,swing,east,0
0.7588,1.6983,-0.7471,0.1506,8.1568,51.22,-3.2319,-0.8541,-0.0879,16.96,49.3,-1.5961,2135,C,standard,day,east,0
-0.7831,-0.839,0.285,0.3995,3.8633,65.77,0.0692,1.2103,0.8851,24.81,69.32,0.2266,7323,B,economy,day,east,0
1.4578,-1.1412,-2.2713,0.034,6.2573,68.07,-0.3713,-0.7895,1.1528,5.9,69.27,-0.7171,2471,A,economy,day,east,1
-0.4049,-1.2801,1.3832,1.272,2.2119,35.77,0.2346,-1.3408,-1.1845,6.82,62.22,0.7943,1065,B,economy,night,north,1
1.1125,-2.054,0.6009,1.9285,2.1962,34.14,-0.1051,-0.911,-0.4202,15.12,73.65,1.4221,4297,C,standard,day,west,1
0.0419,-0.1292,-0.0909,-0.3486,2.5995,16.81,-0.2712,0.7523,1.0796,30.07,80.77,-0.4172,2099,B,premium,swing,north,0
0.8038,0.0159,-0.0964,2.096,1.9202,91.31,-1.6888,-0.9575,0.2168,8.82,66.55,-0.8076,7167,D,standard,day,west,1
0.0764,1.7503,-0.4232,0.303,2.6898,20.24,-1.9089,0.6111,0.5837,9.92,64.09,-0.4365,6158,D,standard,day,west,1
1.4354,,0.9138,1.9343,2.646,45.18,0.9337,-0.9764,-0.5026,44.25,70.38,0.7351,3741,A,standard,day,east,1
-1.3933,-1.4856,0.4152,-0.6381,1.9149,29.53,0.3121,1.2192,-0.3119,19.94,61.0,-0.1401,7977,B,premium,night,south,0
-0.9943,-0.7125,-0.1801,0.8108,1.6717,50.02,0.4357,-0.8729,-1.3371,26.68,53.98,-0.125,3596,C,premium,day,east,0
-0.0704,0.1954,-0.2311,0.846,2.5797,38.66,-2.2307,0.174,-0.7265,11.11,66.18,0.9277,4817,B,standard,night,south,0
0.0803,-0.061,-0.1322,0.9331,4.3269,63.05,0.3791,-1.7177,-0.8919,7.54,73.05,-0.0033,7203,D,,swing,south,1
0.7135,0.0258,0.8134,1.4365,3.5062,9.02,-0.7946,-0.1462,-0.3507,21.03,82.48,-0.3446,4371,C,economy,night,south,1
-1.6121,-0.0591,-1.2364,0.3274,1.6411,15.39,-0.0603,-0.2485,3.3728,14.14,82.96,-1.094,6078,B,standard,day,west,0
-0.0098,1.3996,-0.7571,1.4041,4.3861,45.32,1.0352,-0.3735,1.8597,15.25,63.8,0.6495,4014,D,,swing,north,0
-0.9079,-1.0006,-0.5322,0.0004,8.6552,38.37,-0.7959,-2.048,0.3252,9.73,57.38,-1.384,3673,A,economy,swing,east,0
-0.9157,-1.4133,-0.8224,-0.1473,9.0857,8.64,-0.7359,-0.4032,-0.3529,15.95,75.37,-1.8687,9485,B,premium,day,east,0
-0.075,-0.168,-1.1032,2.5517,7.1052,52.07,-0.6929,-1.1832,,6.15,76.6,0.7174,4884,B,standard,night,north,0
1.1898,-1.2455,-1.0854,-0.7021,3.3064,,0.3128,0.0715,0.5562,25.13,77.94,-1.3543,5618,C,premium,swing,north,1
0.439,0.9002,-0.463,1.0358,3.7617,39.29,-1.7788,-0.4646,-0.0048,9.15,51.78,1.3647,4919,C,standard,swing,east,0
-0.8197,0.4097,-0.4644,-0.2265,,70.34,1.5966,0.0662,-1.9755,40.52,83.98,-0.0899,4497,A,premium,swing,east,0
1.2762,0.2599,0.4042,0.7042,7.9186,46.35,0.9801,0.3057,-0.039,31.68,50.66,0.1113,6906,A,premium,night,west,1
-0.1315,0.5109,-0.58,-0.1255,2.4772,,-1.4878,1.1715,-1.657,18.55,73.97,-0.7176,4563,D,standard,swing,north,0
-0.861,-2.6918,0.9154,-1.629,5.3769,80.55,0.7348,1.1506,-0.9337,2.53,80.26,0.1723,5703,C,premium,day,south,0
1.3034,-1.024,0.937,-1.9644,5.6117,41.87,-0.6506,0.0344,0.7453,6.72,62.69,0.7646,9026,D,premium,swing,west,0
0.991,-0.0402,-0.4699,-0.2714,8.4155,23.59,0.7066,-0.4163,-0.6463,6.16,84.99,-2.061,9630,D,premium,day,west,1
-0.7872,2.2716,0.2806,-1.4267,9.4101,34.5,-1.5769,-0.3875,-0.7316,33.44,84.54,-0.0843,1858,B,standard,day,east,0
-2.0811,0.1533,,-0.9742,0.5774,27.99,-0.0231,0.3514,-1.5382,21.74,57.56,0.6443,2553,A,economy,swing,west,0
0.2498,2.2981,-1.6519,-0.6906,0.4736,60.04,-0.2206,0.6535,1.8386,13.35,75.29,0.4854,4376,B,standard,swing,east,0
-0.8924,-0.6971,0.0726,-0.3038,0.3573,46.83,-0.1211,0.1264,0.8852,24.61,61.53,0.8346,9109,A,economy,swing,east,0
-0.8985,0.4344,0.6525,-0.6052,4.9967,75.74,-0.1005,-0.3451,-0.8367,11.26,45.72,0.2938,9862,A,standard,day,south,0
0.9793,-0.293,-0.5894,-1.1083,5.6822,12.39,1.4337,1.4171,0.7782,11.84,74.64,0.3356,4637,D,standard,day,south,1
0.1016,-1.1517,-0.1639,-0.3815,,86.56,0.8338,1.6357,-0.3875,39.59,77.54,0.1189,1392,C,standard,swing,west,0
0.2127,0.0638,0.8284,-0.4227,6.2982,14.36,-0.122,-1.7956,1.7785,18.35,80.16,0.2781,1369,B,standard,swing,east,0
0.295,-1.6022,1.3858,0.2137,1.1356,50.04,1.1567,-0.8488,-0.055,10.43,56.53,1.7881,4003,A,,day,,0
0.3125,-0.0667,,-0.6708,,77.5,-0.3374,-2.0769,-0.718,14.73,82.44,-0.6745,7583,A,premium,swing,north,0
-0.4805,-3.212,-1.1917,0.652,5.6406,48.9,1.0853,-0.1484,0.7487,13.25,81.52,0.8139,6204,D,premium,day,south,0
-0.8904,-0.6217,0.5424,-1.3419,2.5382,58.61,-1.5417,0.9175,0.2916,32.63,75.54,-1.243,8943,A,economy,swing,east,0
-1.085,0.2502,1.0325,0.0697,8.4452,31.56,-1.3465,2.0207,-2.1467,12.01,73.62,0.6893,8309,A,,day,west,0
0.8883,0.2496,0.5553,-0.9135,4.689,,1.8284,1.8154,2.6391,18.31,76.04,1.5491,8682,D,standard,day,west,1
0.1544,,0.2824,-0.3846,3.4426,66.53,0.5275,-0.4391,-0.8133,11.89,80.71,0.7215,9228,A,economy,night,north,0
1.4312,2.0057,-0.3601,-3.2798,3.8917,90.76,0.0108,0.1101,1.514,28.78,49.48,1.5419,9643,C,premium,night,west,0
0.9502,-0.8616,1.9076,0.9835,1.2024,71.01,-1.486,0.547,0.8995,15.53,66.65,0.504,7382,C,premium,day,west,1
0.1906,-2.0637,0.7129,0.0806,6.8436,,0.8274,0.0067,-0.8089,42.09,50.44,-0.8083,7375,B,premium,swing,west,0
0.1644,0.9169,1.5467,-0.9921,8.7382,33.67,-0.7722,0.1333,1.5258,5.94,61.65,-0.8336,2161,D,standard,night,east,0
1.1379,-1.4634,,-0.3455,9.0334,82.42,-0.9629,1.1909,0.4499,34.2,67.1,0.7915,8084,B,economy,swing,east,0
2.704,-1.0128,-0.2765,0.3306,1.1946,39.75,0.5558,-0.6271,-0.1092,50.8,64.67,1.5788,2453,A,standard,swing,east,0
-0.5315,,-2.2262,0.4807,7.6691,,-0.9109,-0.5612,-0.0939,14.79,69.31,-0.5916,1734,C,,day,east,1
-0.6346,-0.6082,0.2056,-0.3922,8.795,,0.738,0.6678,1.8386,7.47,57.51,0.5433,1286,B,standard,day,north,1
-0.996,-0.2171,-0.9713,0.822,9.2428,44.76,0.2947,-0.2143,-0.525,9.18,71.48,1.8943,6581,B,standard,swing,west,0
-1.6949,-2.1271,-0.2107,0.9587,3.9493,72.56,-1.0813,-0.2119,,19.42,78.87,1.6047,2843,D,economy,night,south,1
-0.1368,1.7814,-1.1032,0.5764,1.7601,34.77,0.1583,-0.9028,-1.6472,7.96,68.39,-0.0266,2591,A,standard,night,west,0
-0.6216,,1.3019,-0.7313,6.8693,,1.9996,-1.56,-1.8235,3.47,48.78,1.7724,3903,A,standard,swing,south,0
-0.4254,-0.1532,-2.1906,0.3115,5.5452,,-0.2123,1.1902,-1.0778,24.2,61.36,-0.064,6060,D,standard,day,south,1
-1.7057,0.1916,-0.6393,1.8109,,21.13,-0.3627,-1.1799,-2.315,10.23,63.64,0.4562,8007,B,premium,day,south,0
0.3255,-0.2741,-0.41,-1.0228,3.9964,36.1,0.3304,0.199,0.0723,17.42,67.07,-0.1575,9822,B,standard,swing,west,0
-0.4533,0.5568,0.3495,0.2462,9.5718,24.48,-0.1281,-0.0833,-1.6715,31.94,67.91,1.3277,5056,B,standard,day,east,0
-1.941,0.5058,-0.7179,-1.8398,4.4036,31.2,-0.5341,-1.1158,-1.5256,21.13,69.5,2.5094,4901,B,premium,night,west,0
-1.1444,0.1689,-0.9449,1.0817,4.9961,77.98,0.3176,-0.5054,-0.2853,44.9,37.52,0.4845,4238,B,,swing,east,0
0.4116,-0.5283,-0.4734,-0.0988,8.803,23.82,-0.9957,0.4387,-0.5083,10.31,83.97,-1.8415,5200,A,standard,day,west,0
-1.2615,0.3587,1.6967,-0.3439,9.0085,29.01,0.8053,-0.8362,,12.12,75.54,-1.6914,7879,A,standard,night,north,0
-1.1072,2.2682,-0.186,0.6524,2.0842,54.62,-0.5223,-0.2514,-0.4612,21.73,88.82,0.0085,4568,D,economy,day,,1
-0.7731,-0.5046,0.9158,-0.2105,1.3022,23.2,-0.0272,-0.1898,0.0118,7.14,65.9,0.574,8661,A,economy,swing,east,0
0.0279,1.1041,-2.1816,1.327,5.0356,51.8,-0.8112,-0.7628,0.4324,7.33,65.46,1.0926,4755,D,standard,night,east,0
1.1684,-0.5691,0.5194,-0.0841,7.9376,55.11,-2.7658,-1.8225,1.7048,13.88,66.93,-0.6493,5156,A,economy,day,east,0
-1.4026,,-1.022,0.4852,0.9442,58.03,0.1147,-0.0737,-0.05,1.2,55.11,1.2928,5409,B,economy,day,east,0
-0.5735,-0.8474,0.0909,-0.5605,0.6227,53.04,0.933,1.307,-2.5372,23.83,67.33,1.1214,1016,D,premium,night,north,0
0.8994,0.7498,0.5729,-0.9162,7.8529,41.36,0.1162,0.1078,-0.3005,9.61,75.61,-2.4964,7901,D,standard,night,west,0
-0.4257,-1.3635,-0.3748,-1.6114,,88.23,0.8882,0.8308,0.2055,30.36,50.15,-1.4232,7576,C,,night,east,0
-0.3699,-0.6832,0.2215,-0.371,7.1575,57.49,0.7785,-0.2918,-0.718,16.59,63.72,1.3122,7452,A,economy,day,south,0
0.5544,0.1706,-0.2981,1.2639,7.4968,23.41,0.9052,1.2373,1.1949,12.11,72.29,-0.2879,3058,C,economy,day,west,0
0.2612,0.7853,-0.2751,1.3892,9.6594,40.89,0.356,0.8914,0.6104,17.04,57.33,-0.4272,1962,B,standard,swing,west,1
-0.6109,0.6418,0.8526,-0.7217,6.7156,74.78,-1.765,-0.6493,-0.2049,44.17,69.9,1.5389,4389,C,standard,day,east,0
-0.2109,-0.8181,-0.4171,-1.9974,2.9406,22.53,-0.7984,0.3818,-0.5314,14.37,76.69,-0.1259,6241,A,standard,day,west,0
0.87,-0.1819,2.3397,0.2723,8.6557,40.31,-1.2845,1.0787,-0.5397,2.91,68.04,1.2135,6528,C,standard,day,south,0
1.1191,1.9456,0.9586,-0.6622,5.3861,56.63,0.019,1.5169,-0.6659,15.84,67.48,0.157,7759,A,economy,day,east,0
1.829,-0.9641,-1.4823,0.7537,3.1509,,0.4769,0.2054,1.8391,20.95,73.85,0.4194,6462,D,economy,swing,west,1
-1.1809,-1.0616,0.6593,-0.7714,2.9626,78.4,1.674,-0.7585,0.3718,41.06,74.14,-1.3932,4217,C,premium,swing,east,0
0.6797,1.7876,-1.5844,0.2486,6.6809,28.83,-0.9546,-1.7905,-0.8256,23.07,84.96,-0.9049,2153,A,premium,swing,west,0
0.1326,-1.6096,-1.0878,0.7445,4.0266,63.2,2.15,0.7762,0.2872,13.9,81.74,0.962,7809,D,premium,swing,north,0
0.4394,-0.9766,1.4826,1.0301,4.0961,79.77,-1.5465,-1.1971,-1.2966,12.99,55.96,1.3128,4888,A,standard,day,south,1
-0.8067,1.0797,-0.3672,-0.0519,3.8639,,-0.9108,0.6297,-1.7312,14.83,68.03,0.5746,2480,A,economy,swing,south,1
0.1309,-0.4952,-0.5555,-1.4849,7.6719,52.53,0.858,-0.6524,,14.41,72.37,-1.631,2702,A,standard,day,south,0
0.0223,0.8833,0.5672,-0.033,5.0583,51.69,-1.9233,1.2948,-3.1779,6.44,63.14,2.9428,2278,C,standard,night,south,0
0.0806,,,-2.2114,8.0535,60.54,-0.1192,-0.3823,-0.1313,5.79,64.93,1.6028,4922,B,standard,day,north,1
0.8175,0.7078,1.3975,2.0892,9.3019,49.73,0.5059,-0.458,,5.94,65.52,-1.3979,5573,A,premium,swing,south,1
-2.5262,1.3717,-0.6301,0.0682,1.8891,72.36,-1.484,0.5186,0.151,22.09,82.83,-0.2903,9693,D,standard,swing,south,1
1.3608,-0.8775,0.8019,-1.4674,0.0592,66.31,-0.6269,1.4442,,16.66,69.35,0.4008,8627,D,standard,night,,1
-0.7077,-3.1965,-1.9414,2.0327,8.4855,86.33,0.0725,0.5317,0.4401,21.12,72.68,-0.4937,7828,A,premium,swing,west,1
0.9532,1.4351,0.8951,2.0476,8.0338,40.98,-0.4733,0.7365,-1.3826,45.21,80.78,0.0112,2448,A,economy,day,east,1
1.5664,0.6287,0.3246,0.3245,7.5152,70.37,0.0385,1.7528,0.2138,31.41,52.44,-0.8402,2906,D,standard,night,north,1
-1.1272,-0.6909,-0.1701,0.475,8.8753,70.58,0.3386,1.0322,-0.122,27.99,57.6,1.601,5777,A,standard,day,west,0
0.8821,0.0406,1.4791,-0.6494,5.4182,77.91,-0.3812,0.0339,0.5584,22.08,63.58,-1.0172,9671,C,standard,night,east,0
0.04,0.286,0.8386,-2.0172,6.8167,40.71,0.4392,1.9547,-0.0154,15.89,54.41,-1.3294,8092,C,standard,night,east,0
-0.696,0.6567,-1.4848,2.5489,8.3455,72.43,-1.3468,0.4591,0.3981,13.4,69.11,-0.2807,1773,D,economy,day,west,0
0.6616,-0.72,1.2767,0.0796,7.6001,76.44,0.1849,0.2317,-0.5627,3.1,78.99,-0.1697,6887,C,economy,night,east,1
0.1582,0.1665,1.2421,0.9738,8.4129,75.22,-1.5189,-2.1813,-0.7349,10.93,74.35,-0.3635,5910,D,economy,day,,0
-0.1369,0.0346,-0.0441,1.1698,2.825,83.66,0.5313,1.3735,-1.8147,4.68,71.97,0.5648,9188,C,standard,swing,east,0
1.6619,-0.1025,0.1515,0.3295,9.3687,,-1.3572,-0.5909,0.903,7.73,78.55,-0.2242,1531,B,economy,swing,south,0
-0.8199,-1.0163,-0.5626,-0.1029,3.7765,32.65,-1.3003,-0.7108,0.3356,10.31,72.04,0.1414,3481,A,standard,day,west,0
0.2016,2.8584,1.2649,-0.0706,7.6296,48.0,1.8388,1.1682,-0.9964,10.42,78.18,0.1479,9854,D,premium,night,east,0
-0.3179,1.0367,-0.3046,0.7797,5.6956,19.96,0.9501,-0.8219,-1.164,14.01,66.36,1.2654,9766,D,standard,swing,north,0
0.6918,0.0302,-0.694,1.0904,8.8016,29.46,1.3043,-0.0407,-0.4521,13.24,65.24,0.323,4844,B,premium,day,west,0
-0.9678,,0.5934,-2.0898,8.2394,14.39,0.2651,0.4066,-1.339,17.38,78.65,-1.4806,1730,D,premium,day,west,0
-1.4459,-1.6639,1.7352,1.8803,8.1213,,1.183,-0.5362,-0.0868,25.83,71.44,-0.6941,8044,A,standard,night,north,1
0.7841,-0.5723,0.4286,-1.3925,6.8668,32.83,1.3529,0.5399,0.9003,12.76,60.5,-0.5918,6168,D,standard,day,north,0
-1.743,1.3137,0.8817,-0.9015,1.9619,65.64,-0.0156,-1.3876,-0.5423,39.48,65.18,1.0653,9468,D,economy,day,north,1
-2.9784,0.1399,0.2597,0.2717,2.9935,24.92,0.6967,1.2209,-1.3209,34.05,52.28,-1.2441,3058,D,standard,day,west,0
-0.3673,0.733,0.1543,-1.7845,,23.57,-0.9894,0.0759,-1.1536,37.75,71.88,0.6972,9905,C,economy,night,west,0
1.6725,-1.5148,-0.442,-0.8764,5.4316,44.83,1.0715,-0.3994,1.9911,39.17,78.15,1.0665,8384,D,standard,swing,north,0
-0.7499,-1.2722,-2.1942,2.4522,5.8176,55.41,-0.8221,-0.687,0.2998,31.67,57.21,-0.3206,9194,A,economy,day,west,0
0.4538,0.3445,1.7263,0.6171,2.424,2.41,0.7335,-0.5194,1.2116,15.18,64.87,-0.4793,9703,B,,swing,west,0
1.0495,-2.7152,0.1687,0.8349,5.3959,4.64,1.1446,0.1735,-0.7696,46.02,60.63,0.7306,3363,D,standard,day,south,1
0.7837,-0.6129,-2.4188,-1.3985,7.3727,28.67,-0.4331,0.6953,-1.1881,21.34,68.06,1.8463,2785,A,,day,east,0
1.916,-1.4747,-0.1245,0.2549,9.1301,61.54,0.5985,0.503,1.5918,15.22,60.81,-0.9198,2668,C,standard,swing,east,1
-0.7088,1.6365,0.4997,2.0918,6.0316,24.34,2.326,0.4122,-2.2097,36.49,55.37,0.3674,7433,A,premium,day,south,0
-0.7379,0.4074,-0.1419,-0.259,8.4596,15.07,-1.2997,0.0809,-1.866,24.28,65.63,0.4693,3955,B,economy,swing,west,0
-0.608,0.6758,-0.2527,-1.0721,4.8722,68.77,0.4783,0.1907,-1.38,13.29,84.45,0.5706,5207,A,premium,swing,east,0
-0.6447,0.2463,-0.8741,0.2946,5.0737,30.52,1.343,-0.2416,-1.9353,11.19,88.05,2.0893,9695,D,standard,swing,north,0
-0.5958,0.2909,1.2173,0.2473,6.4024,61.28,0.948,0.3449,,10.52,63.95,2.862,9099,A,premium,day,south,0
-0.3606,-0.2877,0.0293,-0.6043,4.8476,67.71,-0.3859,0.297,-0.7643,15.63,58.35,1.2697,5957,B,economy,day,south,0
-0.6042,-0.6069,0.3193,-0.8759,7.9893,28.43,1.1699,1.5693,-4.3805,11.79,58.62,-0.4323,7530,C,economy,day,east,0
1.0733,1.4353,-0.2771,2.4231,4.732,35.19,-1.3992,0.3274,2.1709,13.19,88.73,-1.2567,8236,B,standard,day,east,0
-1.4487,1.7226,-0.0362,2.5742,2.8554,54.97,0.3093,0.8458,-0.4742,36.7,68.19,1.4935,6546,A,economy,swing,west,1
0.209,-0.7512,0.6591,-0.2337,3.9437,50.22,1.6928,1.984,2.5288,18.01,65.33,-0.234,2525,B,standard,night,north,1
-2.4594,-0.8283,0.0781,-0.9963,3.7619,54.04,-0.57,-1.5411,0.1309,4.34,66.75,0.4566,9016,D,standard,day,,0
-0.4424,-1.0639,-0.6417,-0.1867,8.2497,73.26,-0.4108,0.5,1.8088,21.36,67.52,0.4065,6033,A,economy,swing,west,1
0.9957,-0.021,-0.1227,-1.0694,5.5017,61.42,-1.0872,-0.8447,1.6812,21.75,71.15,1.6084,3302,D,standard,day,east,1
2.3976,2.5223,0.213,-1.3932,4.5252,46.24,0.6671,-1.4781,1.1027,25.16,65.39,-0.9925,5883,C,standard,swing,east,0
0.2089,1.3328,-0.3332,-1.0074,5.6597,28.85,0.5811,-0.5895,-0.4719,14.13,87.33,-0.9647,1524,A,standard,swing,south,0
-0.7172,0.4333,-1.9314,0.3433,7.1062,35.83,-0.9402,0.0028,-0.6374,10.67,58.91,0.9198,2007,D,standard,swing,west,0
2.2973,-1.9603,-1.7862,0.3112,0.3187,,1.6877,1.5252,0.9494,44.07,68.92,-0.2531,2662,C,standard,day,south,0
0.386,-0.8893,1.7512,-0.714,6.3965,77.37,0.713,0.8409,1.3429,10.31,69.3,0.826,9503,B,standard,swing,west,1
-2.6081,,-0.7781,-1.6568,9.7052,41.61,-0.1147,1.3041,1.4378,3.35,61.06,-0.8396,7868,A,standard,swing,south,0
0.3103,1.6414,-0.9233,0.4665,9.3678,41.59,-0.1591,0.2389,1.3839,26.5,57.22,-0.8858,7094,A,standard,day,north,0
1.4143,0.2593,1.5602,0.3454,0.8702,65.94,0.767,-1.1491,-0.0045,22.82,56.56,-0.4362,9664,B,premium,night,north,1
-1.7195,-0.1278,-0.6094,0.4819,9.2034,37.86,0.3229,0.102,-0.2496,38.92,64.85,0.3008,5305,C,economy,swing,north,0
2.0279,,0.1343,0.1941,9.959,34.87,0.1737,0.7027,-0.4687,7.65,63.3,-0.076,8795,D,standard,swing,east,0
-0.1046,-0.3158,0.0485,0.6273,3.7275,46.9,-0.8117,-2.0064,-1.1052,29.6,63.18,-0.6247,2307,A,economy,day,east,0
0.3143,-0.0535,-1.1272,2.0536,3.0249,93.56,0.1694,-0.8426,-0.1816,39.4,62.3,0.9379,8073,D,economy,day,east,0
0.0138,-2.0533,-0.3442,-0.6757,5.0089,72.47,1.1685,0.011,-0.7429,39.67,56.64,0.0452,4362,A,premium,night,west,0
-1.2692,-0.039,-1.0342,-0.282,0.842,82.48,0.2728,1.9087,1.3274,8.0,82.61,-1.734,9008,A,standard,swing,west,0
1.5362,0.4124,,0.0519,5.9192,12.2,-0.6764,-0.1147,-0.8752,19.31,75.01,0.2848,5832,B,premium,day,east,0
-0.7116,-0.3932,0.3228,0.1239,5.8143,,0.6891,0.1997,1.2713,15.32,72.66,0.5874,9486,B,economy,swing,north,0
-1.1426,1.3185,1.2163,-0.6287,8.3791,,-1.6561,1.3599,-0.4413,15.67,51.27,-1.5466,9933,B,economy,night,north,1
-0.8253,-0.7366,-0.1903,-0.5014,0.0766,32.99,0.8862,-1.5706,-1.5767,17.15,69.62,1.4147,3737,A,standard,day,south,0
0.651,1.2906,2.4437,-0.3785,3.479,41.61,-1.7948,-1.7216,-0.4823,8.76,66.77,-1.055,1531,A,,swing,north,0
-1.0546,-1.0741,1.4091,-0.5854,6.907,94.91,0.7007,-1.0308,0.016,5.14,85.41,-1.1013,2127,A,economy,swing,north,0
0.2892,0.1211,0.8093,-2.3385,6.2826,56.22,1.088,0.653,-1.4896,16.99,58.25,0.5066,7543,B,standard,swing,south,0
-0.8928,1.4357,-0.5388,-2.0825,8.0447,65.55,0.5459,-0.3862,-0.1483,14.16,80.6,0.6861,9120,B,economy,night,west,0
-0.706,-0.5033,-0.8125,2.3834,9.9383,28.68,0.4097,-0.226,,11.19,57.87,0.0634,5336,A,standard,day,,0
0.7095,-0.1711,0.6762,0.1974,8.4155,28.24,-0.1462,1.3798,-0.3937,64.91,68.55,1.3746,3384,D,standard,day,east,0
0.6294,0.3611,0.315,-0.2311,7.8113,47.35,1.6522,-0.3686,1.3943,26.02,84.45,1.5455,1637,D,standard,day,north,0
0.232,0.448,0.3741,0.8663,1.7188,37.62,0.3441,-0.9134,-1.1803,9.9,66.75,-0.8592,6080,C,economy,day,west,0
-1.4485,0.1457,-0.3383,-1.6322,1.7097,58.46,0.6083,0.7176,,15.6,66.67,0.4929,8163,B,standard,day,west,0
-1.2203,-1.4975,-0.493,-0.5161,3.7174,53.43,-0.8915,0.9354,-1.3065,21.6,61.55,0.7532,4641,D,standard,swing,east,0
-0.2201,2.7622,0.6245,-0.048,8.9642,47.7,-0.9521,-0.1765,0.9599,17.85,72.33,0.5924,1047,A,economy,swing,west,1
-1.1519,0.8312,-0.6465,1.8166,7.8316,46.97,-0.145,0.5031,0.2625,30.63,66.71,-0.3559,6117,B,economy,swing,north,0
0.5399,-1.0726,-0.7218,0.8594,0.4532,7.38,-1.1957,0.8923,0.9774,7.31,68.23,-1.0116,1270,C,standard,swing,north,0
-0.29,0.1865,-0.4141,-0.2116,7.1426,86.02,-0.3621,1.1201,-0.2306,21.76,76.93,-0.2391,4264,C,premium,day,west,0
0.3254,-0.8989,0.1879,0.0593,3.2533,21.96,-1.6254,-1.2035,1.0053,10.72,61.96,1.0021,7034,B,standard,swing,north,0
0.9204,0.857,0.5731,0.0151,1.1664,88.99,-0.1687,0.7927,1.0284,32.38,74.43,-0.2923,3483,A,premium,swing,north,1
0.0679,-0.6387,0.5368,0.8859,5.8994,21.35,0.2976,0.3537,-1.4611,10.19,76.4,0.3234,8605,C,standard,day,west,0
-1.0271,0.3197,-0.3574,1.0399,8.3695,33.3,-2.9774,-0.8264,-1.5594,4.64,66.96,-0.0537,2965,C,standard,swing,west,1
-1.52,0.9166,0.0805,-1.1818,3.0159,68.8,0.2465,-0.6928,-0.9092,34.13,65.74,-0.4558,9739,A,standard,day,west,0
0.6989,-1.4635,0.7473,0.2723,,59.8,-0.2858,1.5242,-0.2317,25.55,70.92,0.8163,9376,D,premium,night,east,0
-0.2724,1.2003,-1.1934,-3.6177,4.7104,62.59,-1.7872,1.4677,2.3053,23.52,74.63,0.0698,7198,A,standard,day,south,0
-0.1517,-1.0916,-0.736,-0.5504,8.4582,58.74,0.4451,-1.2257,0.3605,32.26,75.29,1.1335,4815,B,premium,night,south,1
-0.535,0.9469,-0.9444,0.5069,1.8164,89.46,-0.5747,-1.4684,0.3264,24.05,64.06,0.2755,4021,A,standard,night,east,1
-0.0867,-1.2228,1.2206,-0.3914,9.6388,22.73,1.203,1.3727,-1.1774,30.88,82.91,-0.3788,6669,D,economy,swing,north,0
-0.0562,1.4618,-0.5899,-0.7957,4.1571,22.41,0.4268,0.0076,,5.84,84.02,1.4476,5575,C,economy,night,west,1
0.284,-1.1718,0.0541,0.5845,0.7789,,0.0157,-0.2345,,11.87,62.14,1.2041,5878,D,standard,day,east,0
-3.0542,-0.4755,-0.2,-0.9724,6.8183,69.08,1.9885,-0.4633,0.5786,16.5,66.31,-0.4878,2861,C,economy,swing,south,1
-0.2365,0.074,-0.0465,0.6263,9.3773,,1.4646,0.8775,0.4576,9.63,59.29,-1.0253,9326,D,,night,west,0
0.7343,-3.0898,,2.2937,2.5253,35.82,0.0961,1.2322,0.3661,26.32,72.0,-0.5598,4235,D,standard,night,south,1
0.186,-0.7006,0.6173,-0.0507,8.9986,12.36,2.0994,0.026,0.6057,31.63,53.67,-1.4241,2832,D,standard,swing,south,1
-1.2835,0.7167,0.665,-1.358,2.3924,47.65,0.1862,-1.0842,-1.429,8.85,62.32,-0.592,6980,A,premium,day,,0
3.2611,0.7518,-0.2224,-1.1458,9.1851,74.28,-0.7214,-0.787,0.9561,9.24,83.08,-1.0215,2762,A,economy,day,east,0
0.7051,0.4545,0.4886,-0.999,8.6394,68.78,-0.921,-1.3939,0.4817,5.38,83.73,-0.5765,8787,C,standard,swing,south,1
-0.7618,1.0292,-0.021,0.2763,9.1214,22.11,-0.2077,0.463,-0.6202,30.75,73.89,0.4192,7802,C,premium,day,south,1
0.4419,2.8666,0.7973,0.3803,4.0869,45.13,0.9142,0.643,0.0213,25.0,60.74,0.6965,1240,A,standard,swing,,0
-0.5878,-1.581,-0.6984,1.8187,1.9368,42.12,-1.2835,0.1203,0.3596,14.6,51.53,-1.786,8214,A,economy,day,south,0
-0.5687,-0.6111,-1.4787,0.2362,6.04,59.59,-0.4847,-0.237,1.5828,21.38,60.56,-0.9865,6773,D,,swing,east,0
0.9473,1.4346,0.6993,0.273,2.8296,36.47,-1.4139,-0.3274,1.4304,8.16,76.24,2.3697,1880,A,,swing,south,1
-0.5038,-1.7973,-0.3268,0.1198,0.2296,19.0,3.1719,0.4266,0.3507,56.07,63.24,0.3576,4406,A,standard,swing,north,0
0.2948,0.5125,-0.3125,0.6213,1.6867,50.12,1.9489,-0.4792,1.7947,10.92,75.1,0.397,8621,B,premium,swing,west,0
-0.1672,1.1305,-0.4418,1.2577,7.6144,59.58,0.5839,1.1917,-1.7741,4.68,66.66,0.2592,3821,B,standard,swing,south,0
-0.3556,,0.1013,-0.9063,1.5599,14.9,0.2729,-0.6898,-1.9003,13.97,60.51,-1.0905,2188,D,,day,north,0
-0.6263,0.8216,0.2683,-0.0725,9.5416,30.63,-0.801,-0.273,-0.5213,34.36,64.04,0.3466,2359,A,standard,swing,east,0
0.1961,1.895,-0.2338,1.2692,9.3539,52.49,-0.8128,0.5935,-0.1242,32.66,77.06,0.4242,2933,C,standard,day,south,0
0.7196,-0.0787,-1.2543,-1.9076,5.6203,,-0.0737,-1.8682,0.6477,7.04,74.07,0.459,5321,C,premium,day,north,0
0.3435,-1.4277,-0.1181,-1.7162,2.0054,86.47,0.004,-1.2064,1.1437,11.1,73.45,0.9368,8591,C,premium,day,south,1
1.8441,-0.0902,0.0314,-2.6404,7.2746,58.94,-0.6979,-0.784,1.0367,17.82,65.94,0.6795,5200,D,standard,night,south,0
-0.8938,-1.0495,0.3169,1.2539,3.9187,83.05,1.9949,0.2821,-0.476,4.83,83.46,0.9944,9550,B,standard,swing,south,0
-0.7132,-0.4514,-0.1419,0.6761,3.3353,88.91,-0.4859,0.3918,1.2626,64.95,69.88,-0.7222,3212,C,standard,swing,north,0
1.0737,-1.8561,0.6512,-1.1219,0.1937,70.33,-1.806,0.9333,0.4439,8.82,72.79,1.7126,4737,A,premium,swing,east,1
1.08,1.5298,0.833,-3.0899,5.326,91.02,0.805,0.7613,0.9714,15.89,89.92,-0.1033,1059,D,standard,night,north,1
0.0146,-1.3819,-0.6467,0.6594,4.6292,48.1,-0.9943,0.6511,1.3483,28.42,55.87,-1.0201,4753,C,economy,night,north,0
-0.5111,-0.2025,0.6109,-0.1635,9.6532,,1.0266,-0.6765,0.6533,30.46,70.52,0.8576,6740,C,economy,day,west,1
0.9717,-0.3446,-0.6518,0.2202,,66.48,-0.1469,-0.5671,0.3824,15.25,61.04,2.032,6482,A,standard,night,east,1
1.1196,0.4297,1.4851,-0.2137,8.511,85.7,1.3668,0.5205,1.6647,30.27,58.11,0.1379,2859,A,standard,day,north,1
0.2135,0.6777,-2.6646,-1.3469,1.4408,51.33,-0.2583,-0.4649,-1.0599,16.58,59.33,-0.0387,8799,B,standard,day,east,1
-0.5011,0.4767,-0.5945,0.5342,5.254,52.02,-0.4673,-0.4305,-1.8981,10.16,78.25,-0.2958,5164,B,standard,swing,east,0
-1.3654,-0.5914,0.5778,-0.1055,8.2585,24.06,-0.0509,0.748,-0.8873,9.69,66.98,0.9658,4528,D,standard,night,north,0
-0.362,-1.8253,-0.312,1.5452,8.9015,75.7,-0.9128,-0.2896,0.4423,15.78,67.11,0.8908,9440,D,standard,day,north,0
1.6158,0.6897,1.5688,0.6685,6.5505,,-0.2232,-0.2416,-0.9025,19.14,73.1,0.4067,7531,B,,night,west,0
0.4408,1.8938,-0.6463,0.4153,7.8803,43.15,-0.8858,0.9675,-0.6546,14.93,74.0,1.7243,2984,C,standard,night,east,0
-1.7533,-0.1695,-0.2092,-0.1498,1.6857,36.4,-1.2389,0.4817,-0.0722,16.25,68.47,-0.4109,3380,B,economy,night,east,0
0.1466,-0.6386,1.0045,-0.3274,5.1631,47.09,0.3749,0.0643,0.1843,12.92,41.26,-1.0898,7305,B,,day,east,1
-0.292,2.7177,-0.7368,1.094,4.431,49.31,0.0052,-1.158,1.525,8.35,80.41,1.8188,1937,D,economy,swing,north,0
0.6243,0.3914,0.1675,-0.1715,0.0922,73.57,0.8108,-0.4973,0.1392,12.08,67.13,0.0636,2512,D,premium,day,west,0
0.9949,-0.9382,-2.74,-0.3183,5.1557,57.67,-1.2835,-0.708,-0.3241,40.68,60.41,0.8986,6916,D,economy,swing,north,0
-1.1745,-0.4432,1.0025,-1.4799,1.2329,59.36,-1.4946,0.7925,0.3503,23.97,68.84,-0.087,9061,D,economy,day,west,0
-0.3161,0.4465,0.4456,-0.3109,1.7197,60.69,-0.0941,0.0778,-2.6705,38.86,56.63,-0.3084,1182,D,standard,day,west,0
2.3343,0.2045,0.4131,0.9379,3.7262,34.32,0.6282,2.0107,0.0754,6.25,61.43,0.1153,8757,D,standard,day,west,0
0.2366,-2.3477,,0.8679,7.2953,52.49,0.3199,2.1207,0.6739,42.22,51.0,0.084,5927,B,,day,north,0
0.6202,0.8477,0.2177,0.1506,7.9846,19.98,0.7319,0.6279,0.9161,17.94,62.13,2.1496,4292,D,economy,day,east,0
0.5184,0.9051,0.1615,0.543,8.2883,83.66,0.0279,0.1528,0.0116,31.84,60.56,-0.121,1728,D,standard,swing,west,0
0.0021,-0.0035,-0.5106,0.235,1.9824,30.16,1.5157,0.2129,0.5729,23.13,70.61,-0.5756,7486,D,premium,swing,east,0
1.2388,0.82,-0.8131,-1.4647,8.3532,61.63,-0.9291,1.3271,,3.37,63.02,1.5616,9414,D,standard,day,south,0
0.8433,-1.1308,0.3343,-0.5405,5.527,18.56,-0.1368,-1.0423,0.2982,18.21,61.17,-0.0777,5511,C,standard,day,east,0
-0.3085,0.8762,-0.7792,1.6036,7.738,21.54,1.1466,-1.2932,-1.9544,14.11,76.74,0.6236,6752,D,standard,swing,south,0
0.0406,-0.9788,1.2466,-0.5271,9.5809,29.31,-0.6442,-1.1099,-1.545,12.6,72.63,-1.0944,4940,D,standard,day,west,0
-1.3549,-0.9108,0.7444,-0.3781,9.9134,32.48,-0.1963,0.7136,0.569,7.08,71.78,0.3031,3876,C,premium,night,south,0
-0.4488,1.0372,0.1017,-0.6076,6.3351,17.59,-0.4396,0.1869,-1.3122,8.45,66.59,0.8953,6733,A,standard,night,north,0
0.5995,-0.0447,0.3431,-1.1377,7.0681,39.46,0.6298,0.0967,-0.4346,27.34,75.01,-1.8018,6657,B,economy,night,north,0
-1.093,0.1592,-0.6066,0.0755,7.0237,,-0.026,1.2738,0.226,12.36,67.65,-0.2883,7251,C,standard,day,west,0
-0.1588,2.9478,-1.2014,-0.9769,1.6988,,-0.064,-0.5197,-0.3039,14.51,68.01,1.4386,6081,C,premium,night,west,1
0.3221,,0.0469,-1.5527,9.6267,,1.5789,-0.3044,-0.5902,7.73,69.28,0.6191,9731,A,standard,day,south,0
0.5553,0.131,-0.4522,0.8898,7.8959,59.29,0.6931,1.4469,-3.1155,12.81,75.86,0.8208,9448,D,standard,swing,east,0
-0.0326,0.4513,,0.5962,5.8951,,0.5031,0.2857,0.3402,34.33,58.11,-0.3299,7940,C,standard,night,south,1
1.107,0.2928,1.1153,0.1682,8.2528,41.29,0.2084,1.0723,1.3091,13.87,76.19,-0.264,7412,A,premium,swing,west,1
-0.2975,-0.0395,-0.7244,0.1746,7.1187,87.47,2.0744,-0.6373,-2.6945,10.45,81.86,-0.2663,8114,B,standard,night,east,0
2.5568,0.2267,0.6154,1.1821,4.0365,23.67,0.455,-0.9967,1.7626,14.5,88.51,-0.5979,8631,B,standard,day,north,1
-1.4216,0.6901,0.3072,0.779,4.5233,42.1,-0.503,0.4005,-0.7924,22.48,49.91,-0.4443,3240,D,premium,swing,north,0
-0.6342,0.2836,-1.5884,-0.0298,1.2972,41.59,0.4968,0.743,-0.9051,21.59,76.06,-0.6173,9220,C,standard,swing,north,0
1.0794,2.1222,-1.0516,0.5087,1.9651,53.0,-0.8471,-0.3232,1.8242,17.44,64.43,2.0039,5019,A,economy,day,north,1
0.3466,-1.0973,1.3491,0.3741,2.0859,50.37,1.2561,0.0536,-0.7602,15.52,77.77,1.2889,6466,B,economy,day,east,0
0.7587,1.0379,0.6233,0.1022,,19.35,0.1217,-1.1026,0.3248,74.07,66.08,0.9052,3585,C,standard,day,,1
-0.2819,0.3396,-1.2145,-1.6447,6.8234,37.9,-0.1797,1.0994,1.3493,17.86,75.01,-0.318,8142,B,,day,north,0
0.2013,1.5926,,0.5423,2.3399,58.62,0.3408,0.3863,0.7637,18.43,52.48,0.062,2763,D,premium,day,north,0
-0.6089,-1.2902,0.3246,-0.7693,8.279,18.27,0.695,0.0094,-1.6319,17.74,62.06,1.1906,7956,D,premium,day,east,0
0.9774,-0.9561,-0.1976,0.2526,9.2045,30.19,-1.4254,0.0007,,10.59,76.05,0.9226,2196,A,standard,swing,,0
0.2028,-0.6641,-0.9277,0.3774,4.8914,75.13,3.0412,-0.6365,1.7638,33.6,61.52,0.3725,8300,A,,swing,west,0
-1.0408,0.0302,,-0.3426,6.8265,43.3,0.2686,0.2677,0.2339,6.54,66.89,0.1376,9554,D,standard,day,north,0
0.6905,2.4399,-0.3271,1.8922,3.0551,45.17,-0.2235,0.2481,0.4823,13.26,76.88,0.2597,2522,D,standard,swing,east,0
1.1291,-0.258,0.8747,0.5631,8.8059,56.99,-0.0649,0.5442,0.0903,17.45,66.22,-0.1569,3729,C,economy,day,south,0
-0.4381,0.163,0.7587,-0.6312,0.4423,42.9,-0.0541,-1.0782,-0.1139,16.55,66.75,0.842,5834,B,standard,day,east,1
-0.6968,-2.3769,-1.6777,-1.7702,7.5309,79.51,-2.4337,-0.0523,-2.5503,20.83,61.34,0.8009,1478,B,premium,swing,west,0
0.2451,2.0195,-1.5979,0.3599,4.0161,40.08,0.5414,-0.3652,-1.131,10.07,66.08,1.1329,9827,C,standard,day,east,1
0.7589,0.4097,1.1385,-0.4013,2.9278,10.92,0.2375,1.2959,,7.35,51.76,-1.2798,6295,D,premium,day,east,0
-1.2436,2.1584,0.2404,-0.4692,2.3391,,-0.4111,1.6026,-1.8879,10.27,66.28,0.0987,3564,A,economy,day,east,0
1.5034,1.1886,-1.8499,0.2532,5.735,50.44,-0.1032,0.1378,,15.68,69.38,1.1086,3444,D,economy,swing,east,0
0.5525,0.1159,0.5939,-0.5711,4.6482,44.18,0.8332,0.5457,0.5729,8.41,72.67,-0.0489,5454,B,standard,swing,south,0
0.8948,0.5466,0.9765,1.7029,8.9336,18.27,-0.7058,-0.4627,0.2565,4.55,77.2,0.8746,3352,C,premium,swing,west,1
1.2793,,1.6146,1.0165,1.5285,44.34,0.0163,1.2289,0.411,29.82,69.75,0.9353,5805,D,premium,swing,west,1
-0.175,1.5048,1.3252,0.81,3.1201,35.87,-0.0202,1.3327,1.2442,6.98,77.99,-0.4559,3795,C,,day,west,1
-0.6605,0.5593,-0.5012,-2.1351,2.878,61.68,0.2921,1.3678,-1.5451,22.2,60.49,0.1628,2797,D,premium,swing,south,0
0.7487,1.1081,-0.8874,1.4085,0.0278,60.2,-0.5116,-0.8565,-0.2793,19.39,95.81,0.8161,3750,D,standard,swing,north,0
1.149,0.6576,1.7194,0.608,5.4383,26.84,-1.406,0.397,-2.1122,30.56,73.73,-0.1909,3466,D,premium,day,north,1
0.5808,0.0296,0.5278,0.4455,1.4252,77.54,0.729,-0.886,-0.9084,10.5,71.08,-0.4458,5849,B,premium,swing,east,0
1.3326,0.2037,-0.3121,-0.6665,2.4544,31.1,1.3721,1.3937,0.0045,13.65,46.96,-0.9057,1804,C,standard,night,west,0
1.38,-0.665,-2.3162,-0.9142,,44.03,-3.2148,0.4829,,50.24,66.87,1.852,4675,C,standard,day,south,1
-0.1685,,0.2,0.7512,3.3936,24.19,-0.359,1.1026,0.2963,11.32,54.17,-0.7367,2480,D,economy,swing,east,0
-0.1294,-0.8689,0.1774,0.1926,6.2749,,1.5938,-0.6541,-2.0358,20.26,77.52,-1.0436,6501,B,economy,swing,west,0
0.4612,-1.6385,2.5829,0.5815,8.7997,45.28,0.6961,-0.2614,-0.0179,11.79,66.64,0.0908,2806,B,standard,swing,east,0
-0.9734,-0.3798,0.1466,-0.5511,1.7693,50.18,1.089,-0.0565,1.1348,15.23,67.96,2.1319,1396,C,standard,swing,south,0
1.135,1.3807,0.2538,-0.5349,0.0844,50.84,1.3502,0.6324,,7.06,65.3,-0.7492,3316,A,premium,night,north,1
-0.4989,-0.4347,0.4305,-0.0838,,73.59,-1.1592,1.2577,1.3922,17.82,78.16,-0.1473,8365,B,premium,swing,west,0
-0.6411,-0.2329,-3.0165,-0.4613,6.1916,,-0.2478,0.8472,,9.09,62.72,1.4284,6732,C,standard,night,south,0
-0.3019,0.9298,-0.6883,-0.6705,8.2292,98.16,-0.1816,-1.3586,-0.5874,15.23,69.06,0.4916,2493,B,standard,night,south,0
-1.5645,-0.7567,0.3406,-0.2349,5.114,61.02,0.9898,1.147,0.9806,31.63,68.7,-0.1448,3299,A,economy,day,north,0
-0.3382,0.2511,0.6034,0.2936,5.0,26.89,-0.5338,0.9861,-1.7771,6.15,55.08,-1.0865,5274,B,premium,swing,west,0
-0.2472,-1.194,-0.1748,-0.0495,4.807,71.34,1.4101,0.1413,2.7037,21.64,83.08,1.6913,6310,B,standard,swing,west,0
0.1436,0.132,0.603,-0.9654,4.82,46.22,0.4265,0.4477,-0.3688,11.48,69.92,-1.0743,8178,B,premium,swing,north,1
0.8326,2.1902,-0.3981,-0.0481,3.9582,66.59,1.2051,0.6834,-0.0076,22.96,53.43,-0.3371,8447,D,standard,night,south,0
-0.1699,0.1966,0.8381,-0.8677,2.7322,48.6,-1.0705,-0.8128,-0.916,0.97,71.9,-0.8325,2798,B,standard,day,north,0
-1.2222,0.1925,-0.6889,1.7487,7.9375,49.64,-1.9287,-0.0695,-3.4679,10.88,55.45,0.749,6856,D,,swing,north,1
1.8748,,2.0994,-0.2579,7.314,28.68,0.0993,-0.4332,0.1285,26.27,74.48,-1.7955,2671,B,standard,day,west,0
0.4777,0.0608,-1.2989,-0.9299,3.2122,68.76,1.1641,1.4715,1.486,10.79,61.9,-1.1353,9356,B,economy,day,east,1
-0.0707,,1.1918,-0.8622,9.39,62.2,-1.0753,-0.6741,,4.98,65.48,-1.2465,2054,A,premium,swing,north,0
1.4983,0.1093,0.1925,1.2725,8.1341,22.44,0.0796,-1.1196,1.8821,15.84,78.74,-2.0686,8408,C,standard,swing,south,1
1.0674,,-0.0111,1.0496,4.5759,,-0.481,1.7621,0.3581,36.2,70.05,-0.7388,8395,A,standard,night,north,1
-0.7908,0.5126,-0.3285,0.5476,3.0217,47.86,0.8074,-2.6805,,21.68,69.43,-1.3492,5103,B,premium,night,north,0
-0.696,,-0.6039,1.8592,5.3885,16.19,-0.3405,-0.8819,0.2383,24.08,75.26,0.2907,4649,B,standard,swing,north,1
1.1746,0.3422,-0.4031,0.3707,1.5954,57.47,0.3827,0.5942,1.7225,11.58,84.14,-0.8776,4887,C,standard,swing,south,0
-0.7358,,0.4294,0.3921,0.2557,,-0.1741,-0.7863,-2.2585,10.03,70.05,-0.0873,3506,D,standard,night,west,0
-0.2981,1.3754,1.0362,-0.3303,2.6224,53.07,-0.5838,0.5995,,23.16,76.22,-0.6933,9091,B,economy,swing,north,0
-1.9497,-0.4515,-0.3777,-0.0636,4.3528,52.63,0.9666,0.9197,1.8215,32.27,80.04,-1.6557,2206,D,standard,day,west,0
0.9383,-0.712,-1.7694,-1.2767,0.4773,61.09,-2.8754,1.4228,-0.3089,11.53,67.89,-0.3193,5161,D,economy,day,west,0
0.9798,-1.0771,0.5001,1.2077,5.6835,54.08,-2.4076,-0.1355,3.0425,44.39,70.77,-0.2901,6424,A,premium,night,north,1
-0.5634,1.5963,1.8039,0.2424,1.1586,21.92,-0.4174,0.1374,-1.4273,8.81,58.14,2.8527,1685,A,premium,night,east,0
-1.3069,0.746,-0.4623,-0.6613,9.8538,26.21,-0.564,0.1994,1.5491,33.0,70.02,0.1668,8990,C,economy,swing,south,1
-1.4019,-0.2337,-0.9082,1.7511,7.1632,24.95,-0.7862,-0.5556,-1.7099,7.91,67.32,-0.5695,7428,A,premium,day,west,0
0.3237,-0.507,1.1145,-0.0853,8.4918,42.29,0.8922,0.5087,-0.8637,19.88,63.87,-0.0795,7923,A,standard,swing,east,0
1.6931,0.1411,-1.6024,-0.4732,1.5427,17.18,-0.0327,-1.4791,-1.2441,51.83,69.96,0.3991,2489,D,premium,swing,east,0
-2.1984,0.9112,0.0844,0.4263,3.8015,85.13,-1.2817,0.5587,-2.6108,4.35,67.55,-0.7927,4484,A,standard,night,,0
0.7693,-0.4159,-2.8173,0.132,9.7671,11.38,-1.2911,0.346,-0.178,7.43,48.65,0.1911,3369,A,economy,day,west,0
0.4443,-0.1917,0.2376,-2.9455,6.96,33.32,-0.7846,-0.2615,1.573,23.92,66.52,-0.9687,9217,C,economy,swing,east,1
-1.1417,-1.488,-1.0517,0.2561,1.5928,42.53,-0.3582,0.2414,0.2018,11.68,78.1,0.0398,2490,D,premium,swing,north,0
0.5466,-0.691,0.084,0.3566,3.0731,77.96,1.6103,-1.0395,-0.6124,12.71,55.89,-0.0691,9085,A,standard,swing,west,0
0.0783,-0.1659,,0.4346,4.9704,74.52,0.9963,0.5341,0.0994,3.74,75.65,0.8549,6959,C,economy,night,south,0
-0.0024,-0.7053,0.6043,0.6095,0.443,17.03,0.1083,1.5861,1.4864,27.03,94.21,-0.6012,1656,D,premium,day,,0
-1.1118,-0.4955,1.6134,0.3457,3.949,59.8,-0.8442,0.3929,1.0,60.13,76.51,-0.6867,9430,D,standard,night,north,0
0.4701,2.9942,1.0749,-2.1525,2.0786,16.52,0.6448,-0.3392,0.0999,32.73,77.29,1.7666,7777,C,standard,swing,south,0
-0.8185,-0.3439,2.3893,0.5952,6.8189,,-0.1862,0.278,-0.1633,17.49,63.53,0.843,6042,C,premium,night,south,1
0.4807,-0.5409,2.5795,-2.0542,9.612,51.1,0.403,-0.1249,-0.6962,9.04,62.06,0.0856,8806,D,economy,swing,south,0
1.3316,1.0578,-0.4211,-0.1687,9.8178,38.11,0.1618,-1.1411,1.3926,32.56,88.92,-1.1639,5530,C,economy,night,west,0
-1.5489,1.8781,,2.2034,8.3245,35.38,0.3098,0.852,1.4656,22.6,55.04,0.4694,7055,D,premium,night,west,1
0.3839,-0.1681,-1.2272,0.4459,4.2366,19.61,-1.441,-0.1541,-1.1092,16.6,56.49,1.2259,8554,B,economy,day,east,0
-0.3315,-1.3023,1.8303,1.6941,8.5404,54.14,-0.7927,-0.4466,0.6589,19.8,74.86,-1.2789,8800,C,standard,swing,north,0
-0.8165,-1.6154,-1.4209,-0.2162,2.6957,49.02,1.9368,-0.1932,-0.1549,27.89,61.4,0.4313,2649,A,standard,night,north,0
0.3067,0.4449,-1.1384,-1.3829,5.1199,65.06,0.1056,0.0469,1.5556,11.73,71.26,1.7945,7698,A,premium,day,north,0
-0.267,,0.1325,0.2894,2.1163,78.06,-1.8301,-1.0248,-0.1729,21.93,62.45,0.2741,5658,D,economy,swing,north,0
1.0896,0.9419,1.1404,0.6246,0.7489,59.75,-1.2018,0.2265,,36.59,72.87,2.4836,1312,D,standard,swing,west,0
-1.4807,0.4889,-0.7811,0.64,5.6145,48.99,1.8939,-1.1106,-2.2766,26.0,87.59,-0.5027,5983,C,economy,day,,1
-0.5076,0.5191,0.6154,0.5734,4.7878,53.53,0.115,0.0731,1.643,17.52,50.71,1.7259,1151,A,standard,day,west,0
0.2647,0.0536,-0.8393,-0.5881,7.8882,71.28,0.4041,0.4176,-0.4433,36.58,53.22,-0.0159,9406,D,economy,night,east,0
-0.0902,,0.3723,-0.072,7.1781,37.67,-0.4796,-1.7328,-0.3351,59.84,57.36,-0.1937,9876,B,standard,swing,west,0
0.658,-0.0677,0.2179,-0.2764,3.3627,87.98,0.6062,0.1258,0.592,5.96,67.93,0.0725,8451,C,premium,swing,east,1
1.2121,-0.1885,-0.77,0.4159,2.7337,10.5,0.7717,0.0329,-2.3304,20.8,45.42,1.3832,1859,A,economy,day,west,0
0.3202,,1.053,1.2028,6.8205,37.87,-0.6663,1.1816,1.5819,15.47,72.0,0.4601,4531,C,,swing,west,1
0.092,0.552,1.908,1.2341,8.135,49.95,-0.573,0.2278,-1.1416,16.34,71.19,-0.2764,6391,A,economy,night,south,0
-0.0941,-1.4407,-0.2389,1.7138,4.8666,53.4,-0.3029,-0.2209,-0.6234,41.53,59.29,-0.4055,2963,B,economy,day,east,1
0.6354,-2.0434,-1.1298,0.0448,4.7666,27.1,0.4283,-0.7439,1.857,22.53,63.6,-0.0259,6317,A,economy,swing,south,0
-0.3977,0.3229,-0.5579,1.4465,9.1968,25.21,0.2452,-1.7977,0.194,20.68,63.01,0.6032,9989,A,standard,swing,east,0
0.1256,0.211,0.5011,0.3576,1.6537,27.69,2.8875,-1.1305,1.016,19.97,64.99,-1.2521,2002,D,standard,day,east,0
0.0658,,0.9624,-1.1447,8.169,63.6,0.679,-1.748,1.0482,2.81,86.51,0.6062,5093,B,economy,night,west,1
-0.564,0.2437,,-0.9556,4.1028,71.25,-1.0351,1.4773,-0.836,45.16,70.8,0.1834,9014,D,premium,night,north,0
-0.1395,-0.0792,-0.284,1.0082,7.8407,83.24,-0.8508,0.0044,2.2934,18.51,69.32,-1.1044,5629,D,premium,day,east,0
0.2385,0.1097,-0.202,0.9286,6.0083,50.03,0.094,-0.5586,1.3331,20.56,60.96,-0.7523,6879,C,economy,swing,west,1
-0.5928,,-0.3662,-0.9025,3.8491,28.73,-1.2421,-0.003,0.0921,7.28,56.09,-0.4748,8068,C,economy,night,south,0
1.5632,-1.2207,1.0504,-0.0455,1.3629,31.18,-0.8366,-0.194,0.6514,10.34,49.42,0.7896,8597,B,standard,night,east,0
-1.6463,-1.4189,-0.4204,0.1758,7.5471,55.36,-2.2484,-0.6921,-0.0198,13.37,71.1,-0.1463,5199,A,economy,night,north,0
1.9019,-1.8878,-1.3717,2.3549,5.6492,17.15,-0.2723,-0.5922,-0.6291,8.16,60.72,1.9877,3715,C,standard,night,east,1
-1.2435,-1.6203,0.6773,-0.1058,4.3201,86.01,1.7328,0.1989,-0.6169,23.53,63.82,0.8771,3661,C,standard,night,north,0
-0.6271,-0.4977,0.1172,0.513,2.2603,71.42,0.5357,2.207,-0.0375,19.23,74.43,0.2472,8879,B,standard,day,south,0
-1.3642,0.4143,-2.8358,-0.1544,0.1252,81.89,0.9332,-2.011,-1.0502,1.96,66.01,0.5428,8736,B,economy,day,north,0
0.3786,-0.7942,,-0.6958,6.689,73.8,1.6465,0.375,1.953,40.57,59.42,-0.9111,4546,B,standard,swing,east,1
1.7875,2.4746,-0.4445,1.029,3.5791,,1.5617,0.1975,,15.13,78.01,1.0991,1245,B,standard,swing,south,0
-0.1015,1.6845,1.7802,-0.0411,5.2889,30.51,-0.6138,-0.3108,-0.0868,12.5,58.01,-0.6443,7306,C,standard,swing,south,0
0.5833,0.9092,-0.6745,-0.884,0.816,82.15,1.1972,-0.5101,1.3544,6.53,75.13,0.4274,8366,D,premium,swing,south,0
2.3404,-0.2592,0.5625,-0.2663,7.1401,30.53,0.0741,-0.7524,-0.0214,27.89,58.33,-0.6736,5430,B,standard,swing,north,0
-0.3884,-0.0526,0.1434,0.7478,3.4154,25.29,0.9383,0.3699,-0.4682,30.23,56.81,0.1343,1826,D,economy,swing,west,0
0.7869,-0.5005,-0.3018,-0.3979,5.0936,6.12,1.1973,1.5782,-0.6818,21.57,83.57,-0.8191,7592,C,economy,night,west,0
1.7854,1.7404,,0.3979,0.4944,7.82,0.3668,-0.1134,1.5025,40.27,77.28,0.0719,5829,A,premium,night,south,1
1.0428,1.0915,-0.895,0.3809,1.9633,,0.6798,-0.5381,1.6953,28.25,66.26,-2.0944,8092,A,standard,swing,west,0
-0.6944,-2.0048,-0.1085,0.1133,2.7866,43.42,0.0079,0.94,-1.8933,24.67,79.65,0.7707,4635,C,standard,night,,1
-0.3251,1.1006,-0.4857,1.4838,,77.75,-0.3458,0.8304,-1.8649,21.07,51.35,-0.0975,3897,A,standard,day,north,0
0.1615,-1.6738,0.0094,0.8987,2.1241,21.91,-0.0735,1.9573,2.2224,12.08,73.53,-0.5234,8972,B,standard,swing,west,1
1.1156,-3.2839,0.5997,0.6155,4.8045,59.7,1.1884,2.0008,,2.05,87.57,-0.2931,4280,D,standard,swing,north,0
0.3475,0.4857,-0.0726,-1.5429,5.7824,71.64,-1.2177,0.6085,-0.771,30.75,64.27,1.4514,4051,D,economy,day,north,0
0.3531,1.5618,0.2071,-0.0654,3.5466,39.48,-0.3144,0.6453,,13.47,63.77,0.8404,5888,D,,night,north,0
0.3032,0.2077,0.595,1.8649,6.6746,3.3,-0.5318,0.5956,-0.3924,11.06,75.47,-1.0309,6451,C,economy,day,west,0
0.2815,0.9961,-1.574,-1.4296,2.6904,39.51,-0.4785,1.1873,-0.2009,19.1,69.28,-0.1939,2103,B,standard,night,north,0
-1.2035,-1.0576,3.3346,1.1648,1.4623,82.39,0.0717,-0.1864,-0.8915,17.63,55.03,0.9327,1729,B,economy,night,south,1
0.1564,-0.6491,,0.9888,1.2327,48.61,-0.123,-3.3446,0.4488,14.32,73.87,0.9294,9595,A,economy,day,north,1
-1.1668,-0.9574,0.8338,-0.1147,6.3066,49.33,0.9953,-0.6391,-1.2184,7.89,72.37,0.7678,6204,C,standard,day,west,0
-0.8927,-0.6059,1.9645,-0.7717,4.8595,14.28,2.1063,0.4006,-0.4135,7.14,81.21,-1.9571,8321,D,premium,day,north,0
-2.5507,-1.4412,0.0665,-0.7142,4.9012,30.28,-0.1732,1.7549,-0.1989,29.75,75.15,-0.6417,4198,C,standard,night,north,1
-0.272,-0.2672,1.187,0.8638,8.4894,22.42,-1.0935,0.3425,-1.8582,7.91,72.02,-1.0897,2005,A,standard,day,south,1
-0.1695,0.5708,-0.1729,-1.1568,8.9282,69.43,-0.8179,-0.2988,0.2198,6.0,67.17,-0.8198,8209,B,premium,day,south,0
1.8648,0.602,0.198,0.6034,6.2803,30.25,1.6153,1.0243,0.186,60.26,86.11,-0.4019,5497,B,premium,day,north,1
-0.9067,-1.219,-0.6182,0.286,4.1555,,0.5171,-0.6975,2.5806,26.49,50.53,-1.7336,2140,A,premium,night,north,1
0.1464,1.0988,-1.2437,0.1854,2.8046,19.97,0.9015,1.4344,2.8053,27.26,62.34,1.3315,4856,B,standard,swing,west,1
0.1252,1.7594,0.1493,0.2184,3.5002,49.43,1.2976,0.664,-0.124,11.94,52.66,1.3369,9996,B,economy,swing,south,1
0.1962,-1.6705,0.6452,2.5536,3.7693,50.92,0.5294,-0.6808,,40.88,67.27,-0.1131,9908,C,standard,night,east,1
-1.8207,0.1946,0.2302,-0.6266,4.8222,54.31,1.7301,0.0401,-1.2661,10.27,64.1,-0.5101,4003,C,standard,swing,north,1
0.6439,-0.0701,-0.2295,0.3311,8.5157,88.56,-0.4084,1.076,1.6159,10.25,79.71,-0.0181,8012,B,standard,swing,south,1
1.1065,1.6508,0.8967,0.221,1.3272,,1.5528,0.1268,1.2207,3.35,70.72,0.5725,8920,A,standard,swing,west,1
0.2291,-0.1055,0.4385,-0.233,7.4738,,0.7416,2.6335,1.6705,26.86,67.62,0.9648,4157,A,economy,swing,east,1
-0.3791,0.0141,0.1978,-1.2963,9.6403,95.02,-1.2407,-0.6759,,10.07,67.77,0.6158,5289,B,standard,day,north,0
1.2193,1.2317,-1.6158,-1.0052,4.6978,73.63,-0.7775,-0.8632,0.8519,38.17,70.37,0.9063,2863,A,standard,swing,east,0
1.213,-0.6138,-1.1888,0.6464,8.9549,29.53,1.4622,-0.8612,1.9541,37.32,59.4,0.326,8977,C,standard,day,west,1
1.0428,-0.2765,-1.1961,-0.753,1.7021,,-2.4852,1.0728,0.6348,11.44,59.71,-1.1932,5676,B,economy,day,south,1
-1.3167,1.5165,-0.5787,-0.0996,4.098,52.1,2.846,-0.7396,1.4497,64.96,65.44,-1.3977,3918,A,premium,day,east,0
-0.8049,-0.9076,1.8293,-0.4899,2.5804,39.06,-0.656,0.5139,1.2994,5.1,59.09,-1.0528,9543,D,standard,swing,,1
0.9983,0.8607,-1.1564,0.3094,4.9725,87.1,1.8212,-1.6052,-0.6273,4.63,63.89,-0.5328,4002,C,premium,night,south,1
0.9045,1.3945,0.741,0.512,0.986,,0.4294,0.6333,0.4231,2.68,47.94,-0.7163,6406,A,standard,night,south,1
0.3203,-2.9074,1.8507,-0.756,9.3223,48.05,-0.4126,0.9914,1.0938,39.87,54.3,-2.0378,7109,C,economy,swing,west,1
-1.8418,-0.9614,-0.7509,-0.3566,6.3195,76.75,2.0703,-1.0866,0.1677,9.78,58.25,1.1649,3869,A,standard,day,,0
1.9118,,-0.8791,1.1554,,67.28,2.4495,-0.6945,0.2082,58.46,72.58,-0.9462,6626,A,standard,swing,west,0
-0.5966,0.5236,0.8856,0.0572,0.5346,64.44,0.5639,-0.0785,1.972,76.95,52.58,1.3801,6672,D,economy,swing,south,1
0.2557,-0.8138,-0.6159,0.986,4.1863,83.73,-0.688,0.4307,-1.585,9.71,53.09,-0.186,2256,C,standard,day,north,0
-0.0416,1.0155,-0.5647,-0.2978,6.3034,83.87,1.5292,-1.4668,2.1109,29.27,81.6,-0.0098,5681,A,economy,swing,north,1
-1.1984,-0.3621,1.2277,0.2867,8.1515,72.56,0.0838,-0.0037,,38.81,76.69,-1.1497,4036,A,economy,night,west,0
-0.2863,-3.2075,-1.2163,-0.0007,6.8866,,1.5118,0.8184,-1.5836,26.44,66.39,0.9724,3090,B,premium,night,north,0
-1.1195,-0.2654,0.9487,-1.7109,9.3836,76.78,-0.8537,-0.1587,-0.4326,21.7,66.5,0.8847,9441,C,standard,night,north,0
-0.6752,-0.8737,-0.0272,-0.4138,4.1239,72.31,-0.6799,-1.2766,0.5496,14.3,69.79,0.4202,6043,C,standard,day,east,0
-0.3561,-1.7459,-1.6823,-0.0225,2.7515,23.98,0.9165,-1.2383,-2.6203,23.88,62.5,-1.2799,2427,C,premium,night,west,1
-0.1678,1.8067,0.0128,-0.39,8.7635,39.58,0.0004,-1.0655,,39.34,76.69,-1.6934,4692,D,economy,day,south,0
0.5414,1.8251,-1.2725,0.7823,6.1164,66.89,-2.5672,-0.6564,-0.1426,3.57,68.86,-0.5989,9365,A,economy,night,north,0
1.043,-1.3891,,1.0611,4.2631,11.17,0.3513,-0.2817,1.2467,24.96,57.77,-0.591,1252,B,standard,swing,west,0
-1.081,-2.1991,-1.9557,1.0966,9.2291,66.67,0.1453,0.4944,-0.8694,21.69,53.83,1.6714,5156,C,standard,swing,north,1
0.7938,0.2317,0.6247,-0.0963,9.0313,10.62,-0.8424,0.2903,-0.24,21.65,71.66,-1.2997,7322,A,,day,east,1
0.6305,0.4124,-0.3838,1.6898,2.9521,45.51,1.0774,1.547,0.3814,35.58,66.06,-0.4631,4563,B,premium,night,north,0
-2.6953,0.0271,,-0.7707,3.318,21.55,-1.6771,0.6294,-1.9417,18.26,66.07,-1.3292,9879,A,economy,day,west,0
0.8286,-0.9928,-1.3333,1.053,9.6626,45.32,-0.7669,0.8579,-0.2271,41.33,73.36,0.3503,4166,A,standard,day,east,0
0.6863,4.0147,-0.203,1.0812,5.428,27.55,0.2287,0.0741,0.8585,39.24,68.3,-1.2343,6199,D,standard,day,east,0
0.4586,-0.0747,-0.7221,-1.0875,2.1939,57.55,-0.307,1.4644,0.4505,18.39,69.03,0.5337,2860,D,standard,day,west,0
0.8651,0.3985,1.6197,-1.4881,1.4659,60.46,0.3942,1.5884,0.5539,3.69,74.63,1.01,4977,A,standard,night,south,0
0.1691,1.4161,0.8087,-0.4323,5.7402,52.27,-0.1536,-0.4401,-1.0117,18.61,52.9,0.3991,6284,B,premium,day,east,1
1.6547,-0.1178,-0.619,0.149,5.009,24.87,0.4999,-1.6272,1.9746,22.41,64.79,0.0343,2456,B,economy,day,north,1
0.0701,-0.2144,1.6026,0.1457,6.2024,37.51,-1.5716,0.3456,0.2299,8.73,76.44,0.3528,8131,A,standard,day,west,0
-1.4784,1.2056,0.2424,0.6567,1.4106,62.59,1.1385,-0.2618,0.9394,37.06,65.56,-0.3484,4995,A,premium,day,south,1
-0.6954,-0.7349,-1.113,0.563,3.0655,,-1.5074,-1.277,-0.3213,15.85,85.67,-0.4425,9150,B,premium,day,east,0
-1.4774,0.5828,0.8856,1.7154,7.7365,30.2,1.0676,-0.1703,-3.5629,21.45,64.7,0.7377,2457,C,premium,swing,north,0
-0.0262,-0.2169,-0.783,-1.6642,9.349,31.14,-0.8216,2.7535,-0.3121,25.97,77.78,1.4345,6230,A,standard,night,,1
-0.2417,-0.6287,0.311,0.185,6.8636,20.47,-0.3532,-0.0713,-0.4049,13.15,64.85,-0.0882,3306,C,standard,day,south,1
-1.7524,,-1.3939,0.2355,4.5096,20.5,-1.0056,-0.8149,,28.66,73.2,2.8152,7919,D,economy,swing,east,0
0.5549,-2.6124,1.3866,1.4401,4.783,23.06,1.9573,0.6447,-0.0796,22.88,48.26,0.0698,6580,D,standard,night,north,0
-0.7512,1.9033,-1.8601,-0.3624,5.177,8.96,-0.2071,0.3026,,14.13,87.74,1.0249,2820,B,standard,night,south,0
-1.5755,-0.5843,-1.005,-1.2322,1.57,,-0.3074,-0.4027,0.1859,27.91,71.24,1.1234,7249,C,premium,day,north,1
-0.9317,-1.0436,-0.164,-0.8652,5.106,52.23,-1.3155,0.1744,0.224,39.5,72.39,0.3276,3276,B,standard,day,east,0
2.1224,-1.1033,-0.8398,0.4684,5.4446,19.38,-0.579,-0.1284,1.2531,16.62,56.28,-0.8022,3693,D,standard,day,north,1
-0.5522,0.0437,-0.2773,0.2337,8.4297,42.98,-0.2876,0.4798,0.0893,4.96,59.96,-0.6853,6783,C,premium,night,south,0
0.3963,0.2494,-0.1632,-0.5439,6.0043,86.27,-0.6834,0.3045,,6.91,58.19,0.9449,1281,A,standard,swing,west,0
0.7893,-0.5492,-0.6471,-0.318,2.1339,,0.6123,2.2872,1.3692,8.26,63.5,1.3731,8775,D,standard,night,east,0
-1.3913,-1.7909,-0.4564,-0.9615,7.4188,9.34,-1.469,1.0178,0.9223,19.35,63.86,0.4015,2522,C,standard,night,north,1
-0.4519,-0.1234,-0.9082,0.1966,4.2436,38.62,0.0481,0.0054,0.8725,26.23,69.25,2.1931,9078,B,standard,day,north,1
1.2225,1.0758,0.2856,-0.7145,0.8474,,-1.874,-0.2166,-1.2249,11.27,64.92,-0.9281,5352,A,economy,day,south,0
1.0024,0.1903,0.2439,-0.254,1.4675,73.83,-1.7101,0.3707,0.9889,30.62,74.85,1.4262,2548,D,standard,night,west,1
-2.1369,0.8794,1.733,2.0801,2.5983,34.6,1.0149,1.4573,,51.6,71.86,-0.037,9127,B,premium,swing,west,1
0.7153,-0.7682,0.3135,0.5888,6.1403,76.66,-0.3599,1.4372,-0.8233,18.6,82.64,0.0754,6815,B,standard,swing,south,0
0.6297,,-0.5249,1.0281,1.2969,50.8,0.3364,-0.3707,0.1494,16.1,72.73,0.469,3382,B,standard,swing,west,0
-0.5082,-0.1167,2.0307,0.0301,7.3724,52.24,-0.8267,-1.0358,1.9282,28.96,59.69,0.3319,4000,D,,night,south,0
0.7408,-0.1272,1.1285,0.4616,9.7671,35.68,-0.5376,-0.7155,1.1313,33.44,74.13,-0.5095,1032,C,premium,day,south,0
0.3483,-1.209,-1.6995,-0.4146,9.7445,29.86,-0.3823,-1.7709,-0.3116,23.7,56.7,-1.3566,6711,C,standard,night,north,1
1.2401,-1.9309,0.6607,1.0404,6.4898,21.07,0.9578,0.1518,0.9558,19.8,76.22,-0.5237,4076,A,standard,swing,west,1
-2.655,1.4009,0.1686,-0.3296,0.9068,79.88,-0.9319,-1.5612,-0.8473,18.91,52.43,-0.356,7025,B,economy,day,east,0
1.2989,1.1318,0.6453,-0.86,4.8132,76.25,0.0129,-1.2658,1.382,10.31,62.92,2.2679,6364,B,standard,night,south,0
-0.7085,-1.597,1.8613,-0.0918,3.7728,66.32,-1.229,1.4458,1.4138,37.06,83.34,-1.3351,5942,C,standard,day,north,0
-0.8736,1.0035,2.4694,-0.3208,7.9211,19.66,-0.3639,0.661,,10.58,57.02,1.2707,5791,C,premium,swing,east,1
0.5569,-0.4182,0.3839,-0.4799,8.0073,55.91,0.1659,-0.1193,-0.4312,10.49,46.85,0.4607,4694,C,economy,swing,west,0
0.0511,1.3069,-0.3272,-1.4028,0.7955,47.74,-1.0596,0.0662,0.5093,22.29,81.61,0.9028,9777,C,standard,day,north,0
-0.0171,-0.0728,-1.3392,-0.5303,5.8961,43.93,0.908,0.0028,0.9099,22.41,65.38,-0.1882,9519,D,standard,swing,east,0
0.1857,1.8216,0.4574,0.386,1.0401,16.46,0.5921,-0.308,0.2498,16.43,71.65,-0.3829,7486,D,economy,swing,east,0
-0.3105,1.8163,-1.4544,0.3189,9.8882,54.15,0.9534,0.8,-1.8064,44.77,58.96,0.9943,5006,B,standard,swing,east,0
-1.7238,0.9532,-0.1686,-0.1115,7.6788,53.21,0.8622,-1.0157,-1.6885,19.01,63.75,0.3257,2167,C,standard,swing,south,1
1.1002,-0.4041,-0.5962,1.2442,6.651,73.65,-0.1233,-0.1111,1.1848,58.25,62.06,-0.4711,4251,A,standard,swing,north,0
0.1882,-1.8326,-1.6793,-0.6245,4.0741,21.92,-0.8377,0.695,-0.1135,13.63,80.25,2.0377,2768,A,standard,day,south,1
-1.9537,2.9643,0.2211,0.0746,5.5544,78.09,0.004,1.0078,0.4055,12.28,67.75,-0.7409,6553,B,standard,swing,north,1
0.3158,0.1739,-0.8065,0.7636,0.1907,82.21,-0.1663,0.5025,-0.8328,15.19,74.35,1.2127,3482,C,standard,night,north,0
-1.4419,2.3264,-0.7045,-0.225,5.9436,,-0.6357,-0.8105,-1.1049,35.47,69.78,0.1551,2418,B,standard,night,east,0
-1.1939,0.4019,-0.2156,-0.1266,1.8889,97.59,-0.9541,-0.0691,1.6688,4.42,66.21,1.6965,8646,C,,swing,north,0
-0.7996,-0.4564,-1.4995,-0.2043,5.4724,33.64,0.059,0.6735,0.451,25.66,57.08,-1.2642,4233,D,standard,night,north,0
0.0796,-0.6828,-0.678,1.0218,8.395,,-0.3653,0.2686,-0.2505,22.16,65.69,-1.9289,3725,C,economy,swing,east,0
-2.4221,1.0165,-2.3018,0.6997,2.9478,69.49,0.1833,-0.6518,-0.4188,27.64,47.51,0.3901,4914,C,standard,day,,0
-0.0345,-0.4416,1.8085,0.6311,4.9705,31.03,-1.3812,-0.6848,-1.6776,15.84,84.68,0.549,4777,C,premium,day,south,0
1.5756,0.8773,0.7895,0.0618,7.2437,27.92,-0.7166,0.9821,-0.9601,45.9,48.4,-0.2361,7630,C,economy,day,south,0
2.3896,0.2967,1.8981,0.0298,7.2005,35.42,0.6371,-0.7955,1.4119,7.74,71.47,1.6858,3658,C,economy,swing,west,0
0.0078,-1.6762,-1.2323,0.8227,6.9857,44.85,1.1839,-0.6129,,29.16,84.8,-1.2784,8319,C,premium,day,south,0
0.7013,0.0022,1.0119,-0.4521,2.8162,13.25,-3.2362,0.7498,-1.0515,35.73,59.69,1.4951,6668,A,premium,night,west,1
0.2363,1.6858,-0.306,0.8662,7.0606,68.88,0.6506,0.9263,-1.9803,14.88,84.55,-0.2293,6707,A,standard,swing,east,0
0.6202,3.5539,-0.7851,-1.1622,0.0417,63.48,-0.0319,0.4516,0.4386,44.57,73.74,0.1966,5554,C,standard,day,south,1
-0.3586,-1.5363,-0.4255,1.1404,1.6965,63.44,-0.0227,0.7406,0.1105,18.37,82.49,0.0258,9230,B,premium,swing,east,1
0.4948,-0.8511,0.0569,-0.1443,6.165,22.34,0.2625,-0.4402,-0.1551,15.94,69.33,-1.4576,8504,C,standard,swing,south,0
2.7546,-1.1831,-0.7881,-0.8974,4.2593,53.34,-0.4711,-1.2466,2.5225,31.98,58.01,0.8818,9313,A,standard,swing,north,1
-1.4218,0.4351,1.0513,-0.4238,0.1217,42.14,1.3691,-0.4797,0.2153,7.35,77.37,-1.0007,2557,B,standard,night,west,0
-1.0624,0.4942,-1.2172,1.4505,8.8651,,0.0517,-0.1967,0.5925,17.24,72.15,0.0515,2867,B,economy,day,east,0
-1.1372,-1.6332,-0.521,0.076,2.5797,67.05,1.0713,1.2058,-2.225,4.99,81.89,0.9559,1564,A,premium,day,west,0
0.1672,-1.1749,-1.4692,-1.1249,6.3444,27.84,1.082,-1.2898,0.7006,23.02,70.78,0.089,5345,D,standard,day,west,0
-0.2493,0.0002,0.8882,1.2147,1.3563,49.38,-1.8316,0.2422,-2.5222,2.11,51.91,-0.6112,8724,D,standard,day,west,0
0.4133,1.2938,-1.1677,-2.143,7.3865,29.2,0.19,-0.4635,-1.7492,14.28,75.56,-0.2932,9502,D,standard,day,east,0
0.1505,0.7355,0.3408,0.2695,5.1481,92.49,0.9215,-0.336,2.1604,23.86,71.23,0.6518,9995,C,premium,night,north,1
2.755,1.1198,-0.9848,-1.1959,,70.42,0.3927,-0.0099,2.1499,0.48,79.1,0.7262,5092,A,premium,night,north,0
-0.3827,-1.7283,0.3154,-0.0381,3.2072,11.68,-0.0453,-0.4481,0.0702,9.79,62.57,-0.0615,4157,B,,swing,east,0
-0.4655,-0.2406,-1.0622,0.5577,3.2778,89.91,-0.3626,0.4209,-0.283,50.98,81.96,1.4121,8074,A,premium,day,east,0
-0.219,-2.9543,2.1246,0.9281,3.5436,10.91,1.4196,-0.6799,-0.797,5.97,80.92,0.1626,8269,A,standard,swing,south,0
1.0033,1.7431,-0.1295,0.0838,4.1665,18.72,0.4795,0.199,-0.4375,15.91,48.95,1.6285,5068,C,standard,day,north,0
0.2323,-1.6985,0.1847,1.2717,1.5731,,-0.0256,0.3798,,22.39,84.53,-0.0206,8600,D,premium,day,south,0
-0.3808,,0.6696,-1.6679,6.3932,61.96,-1.0006,0.3429,-0.2845,14.4,74.66,-0.6023,6489,D,premium,day,west,0
0.999,-1.471,0.2265,-0.8315,4.9051,30.31,0.9115,-1.0432,1.9969,18.66,68.92,-0.6693,7717,C,premium,swing,north,0
0.6017,-1.7492,2.512,0.7457,,2.45,-1.3127,0.633,-0.334,15.43,85.35,0.3973,4770,B,standard,day,east,0
-0.6668,-1.7126,0.8503,-0.3138,8.9045,79.75,-0.3017,-0.5291,,17.6,67.39,0.8756,4075,C,premium,day,west,0
-0.4852,-0.8737,0.0285,0.9705,3.589,44.52,1.4613,0.5811,1.6702,6.69,73.01,0.0391,5370,A,economy,night,east,1
0.2107,1.2371,-0.2178,0.2801,5.2054,95.05,0.5569,-1.4594,1.833,14.1,77.71,-0.2488,6492,A,standard,swing,north,1
0.4398,0.3641,0.5348,-0.9087,9.1987,45.31,-0.145,0.2338,-0.672,71.35,70.65,-1.1129,3472,D,standard,day,south,0
0.5821,0.4073,-1.1268,-2.2837,3.5035,37.63,0.5703,-1.2626,0.4927,5.01,81.42,1.8714,3640,C,standard,day,north,0
0.8369,1.1835,-0.4542,2.3581,9.7878,36.26,0.3238,-0.036,-0.6618,44.19,42.8,1.0022,4307,D,standard,swing,south,0
-1.3936,0.7709,-0.5777,-1.3663,6.622,83.77,0.538,-0.5288,-0.3786,31.16,57.58,-0.8601,4347,B,,day,,0
-1.1098,-0.4422,1.423,0.6933,5.3851,26.19,-0.1784,-0.8452,0.1371,8.18,73.84,0.9248,8849,C,standard,swing,east,0
0.5457,0.7362,0.3583,-0.5981,3.9034,36.82,0.4022,-0.4168,0.3279,27.01,72.05,1.5789,2757,D,standard,night,south,0
-1.0386,-1.0343,0.1517,-1.1325,2.8213,61.06,-0.3181,-0.6558,-1.0703,10.49,64.72,-0.0378,1340,C,premium,swing,east,0
0.214,1.6183,1.1598,-0.639,6.0052,53.64,-0.3995,0.819,,21.5,78.87,1.302,2500,B,standard,swing,north,0
2.5138,0.9164,0.1155,-0.6365,3.3006,35.25,1.093,-0.5784,2.0786,14.22,69.35,-1.2468,5224,B,standard,swing,south,1
0.5906,0.6043,0.2549,-2.4322,7.1079,35.35,1.1971,-1.7687,-0.2868,10.62,73.23,-1.0416,4746,B,,swing,north,0
-0.7099,2.3988,-0.5189,-0.3201,9.2274,93.6,-0.4232,1.3924,-1.6654,12.02,72.51,-0.7063,2205,A,premium,day,north,0
-1.2003,-0.5323,-0.1244,0.4975,,59.71,-0.7052,1.0541,0.5218,12.11,67.76,0.8661,3822,B,standard,day,,0
-0.0149,0.1593,0.9865,-0.4405,2.5121,72.16,0.5271,0.6699,2.3593,17.66,66.37,0.1618,3203,A,standard,swing,west,0
0.8072,-2.7591,-2.4978,1.3248,8.5343,21.36,0.555,1.0944,-0.5237,22.9,81.58,0.1324,4885,C,economy,swing,north,1
-1.9467,-0.4075,0.5142,0.4392,4.1926,58.8,0.7314,-0.723,2.1704,17.83,94.86,0.126,8950,A,standard,swing,,0
-0.5521,1.9018,-1.0175,-0.3277,1.0347,38.53,-0.4162,-0.8742,0.2931,35.22,72.95,-0.0637,1600,A,standard,swing,north,0
1.4527,0.5647,1.245,0.2996,2.2258,15.01,-0.4038,-0.6458,-0.4234,41.59,74.7,0.5998,2744,B,premium,swing,north,0
-0.7347,1.0588,0.6756,-1.599,1.0814,60.52,0.5648,-2.4383,-1.1544,30.94,70.77,-0.9839,9740,B,standard,swing,west,0
-0.6228,-1.126,-0.4268,-1.3287,8.3781,58.27,0.4733,0.15,-2.0778,26.92,64.6,0.5013,8723,A,,swing,south,0
0.1328,-0.4467,-0.808,-0.7899,8.2086,,-0.5952,0.1349,0.1917,17.91,77.5,0.7661,9121,D,standard,night,north,1
-0.102,0.2577,1.1783,1.8369,5.6355,31.18,0.1892,-0.335,-0.5451,11.83,68.2,1.8246,8125,C,economy,day,west,1
-0.0756,1.4732,0.3202,-1.7842,9.6511,50.3,1.1267,0.0792,-1.0901,22.49,73.48,1.6959,9673,C,economy,day,south,1
1.1204,,-1.9685,-0.8687,6.5043,25.91,1.0589,1.1765,-1.0365,20.97,79.02,-0.2363,7897,C,standard,day,east,0
0.0223,-1.1546,1.5064,0.915,4.9783,48.09,-0.3587,-1.6364,0.4503,29.19,74.81,0.7872,6041,C,premium,night,west,0
1.0704,2.0572,0.7284,1.0003,0.7202,48.67,0.5235,0.3791,1.4964,7.56,72.13,1.4068,1067,D,standard,night,north,1
0.7274,-0.1971,-0.8232,-1.3228,5.2076,29.57,-0.4657,-0.094,-0.0628,13.68,65.68,-1.5853,2040,B,standard,night,south,0
0.791,0.3656,-0.2924,0.2859,3.4775,58.21,0.0621,0.1335,-0.1124,20.32,84.65,0.734,3777,C,economy,swing,south,0
1.4189,-0.6653,-2.2109,0.9469,0.9688,67.06,0.5962,-0.1595,-0.2111,22.19,69.48,0.4548,3512,D,standard,night,west,1
1.1274,,0.4848,0.0465,6.7918,29.94,0.49,-2.0113,-1.7827,8.01,72.4,1.195,6253,B,standard,day,west,0
0.4096,1.3967,-3.6762,-0.2592,4.654,47.24,-0.8336,0.4872,1.4128,19.27,52.56,-0.7545,5129,B,economy,day,north,0
0.0041,-1.9562,1.3071,0.4692,9.5206,46.52,0.1104,-0.7925,0.324,23.42,61.25,1.5369,1043,B,standard,night,south,0
0.6491,,1.514,0.4994,7.9857,47.59,-0.0558,-0.2214,2.1213,1.84,68.18,-1.0265,3592,D,economy,day,west,1
-1.6298,1.3053,-0.6246,0.3066,,72.86,-0.969,1.1246,0.4517,19.15,69.33,-0.0207,7786,C,standard,day,east,1
0.9712,,2.9353,-1.0167,3.462,11.36,0.4195,-0.7775,2.06,47.74,77.86,0.1485,2976,B,standard,day,north,0
-0.382,0.2038,0.2088,-0.0844,1.2408,4.06,0.6467,0.3564,-1.6476,8.4,63.89,-0.1662,3762,B,premium,day,south,0
0.5738,-0.5135,-0.9245,-0.7353,5.3441,20.27,0.1968,0.8949,,19.72,61.1,-0.4565,5990,A,standard,swing,east,0
0.3102,1.4065,0.2631,-1.7189,6.1444,11.46,0.5642,-2.6089,0.7543,37.45,49.31,-1.6119,1998,D,premium,swing,north,0
1.7068,0.5043,0.8599,-0.8615,9.74,33.3,-2.0199,-0.2287,-0.2872,17.2,87.09,1.4214,3605,A,premium,day,west,1
-0.8628,-0.4291,,1.792,6.4103,34.3,0.2928,-0.0689,-0.268,14.5,49.75,0.8363,7426,A,economy,swing,north,0
-0.1014,0.367,0.3675,0.9377,5.5534,41.76,-0.533,-1.3044,-0.5357,22.99,88.89,0.5022,5745,C,standard,night,west,0
0.3332,-0.2555,,1.1687,8.3485,39.08,-0.2634,0.7943,-1.2234,11.45,66.01,0.0401,5827,B,standard,day,west,0
-0.8179,-0.1332,-0.8149,1.2142,1.5847,18.68,1.1603,-0.0986,0.6584,35.32,61.35,0.4166,9608,C,standard,swing,north,0
0.4266,-0.4118,-1.0349,0.652,,49.7,-0.1582,-0.2056,-0.9489,16.72,58.64,-2.5907,2066,C,economy,night,west,0
1.0108,-0.948,-1.4898,-0.4172,1.8975,29.09,1.3645,0.3455,0.7196,29.26,73.18,-1.6548,2618,C,standard,night,west,0
-0.9211,-1.0285,-0.8138,-1.025,5.3845,35.45,1.8051,-0.706,-1.1625,15.96,64.66,0.5295,2946,D,standard,night,west,0
-0.28,-0.7844,-0.9758,0.6918,2.0076,56.64,-1.8361,-0.0047,0.9003,6.32,74.61,-0.6977,7869,A,standard,swing,south,0
-0.3836,-0.1773,-0.2762,0.7495,9.4117,37.31,0.6715,0.2279,-0.0523,15.12,71.29,-1.0009,2354,B,standard,day,east,0
0.1931,1.9559,0.1333,-1.5625,7.6031,18.39,-0.0586,1.9547,,3.8,63.09,-1.99,3202,A,standard,day,west,0
-0.7159,-0.7425,-0.5702,-1.2095,0.9068,62.17,-1.2363,0.5245,-0.8719,29.54,75.17,0.4646,4809,D,standard,swing,east,0
0.774,-0.8182,-0.4296,-0.1148,8.3942,77.64,0.2395,1.8787,0.4715,10.84,76.62,-0.4626,8663,B,economy,day,,1
2.0711,1.2964,0.197,0.3028,7.9918,,1.1458,-2.3327,-2.1699,36.34,85.6,-1.5922,8216,A,standard,night,north,0
-0.969,-0.0099,2.4597,0.2878,6.7404,,1.2387,1.0187,-0.4262,18.08,77.18,0.2349,2387,C,premium,night,west,0
-0.9557,-0.3562,-0.9207,-2.2633,9.9123,37.54,-0.0788,0.0718,0.6094,9.78,70.76,0.1353,8954,A,premium,swing,north,0
1.6427,-0.1931,2.3016,-1.8898,6.8693,90.39,-1.8144,0.5741,0.2642,1.99,75.53,0.3805,8851,C,economy,swing,east,0
2.5997,2.1884,0.6166,-0.5934,3.7532,36.36,-1.0636,1.4393,1.189,8.01,91.1,-0.4791,9031,A,economy,swing,west,1
0.7454,0.465,0.9046,0.1272,7.6657,95.38,-0.7692,-0.6921,,12.01,68.86,0.2004,6977,D,standard,night,east,1
-0.8544,,-1.106,-2.1542,,37.5,-0.902,1.0891,0.35,40.32,74.65,1.1024,4994,B,standard,swing,north,0
1.0086,1.8141,0.0945,0.1073,3.3173,56.42,0.7258,1.3082,0.624,18.79,79.59,-0.2928,3096,B,standard,swing,east,0
0.2358,-0.5296,0.5393,-0.1041,0.5101,23.28,-0.6977,0.2242,0.918,18.67,56.32,0.9773,9748,B,premium,day,west,1
1.2443,-0.9947,0.0372,0.0976,2.8209,12.63,-1.0683,0.5206,0.2904,18.02,61.07,-0.1828,5993,A,economy,swing,east,1
-0.0806,-0.8343,-0.746,-0.4588,1.3627,41.17,0.4301,-0.0373,-1.203,17.79,68.92,-0.8745,2929,B,premium,night,east,0
-0.8391,,-0.4017,-1.1706,0.8337,61.4,0.4654,0.9533,-1.3977,15.36,67.79,-0.1243,2487,A,economy,swing,west,0
1.1309,-2.943,0.3548,0.355,8.4675,31.59,-0.1202,0.6029,0.0949,16.04,77.17,0.9399,7021,A,standard,night,south,1
-1.7899,-1.4615,-0.6833,-1.9841,5.8147,48.79,0.5487,0.3053,-0.2148,22.45,61.78,2.2653,7551,A,premium,swing,east,0
-2.1502,-0.2595,-0.4532,0.6336,7.0427,21.68,-1.4055,0.1206,0.0701,12.14,68.15,-0.8584,4050,A,economy,night,west,0
-0.1469,0.6324,,0.3463,0.5359,32.92,1.7474,0.4785,-0.7687,3.54,52.25,-0.043,9047,C,premium,day,east,0
-1.2521,-0.5565,-0.9312,1.4082,5.2545,56.03,2.2359,-0.1071,-1.4781,8.39,65.54,2.645,8448,C,economy,night,west,0
-0.1298,-0.7736,-0.9348,-0.7906,,,0.7046,-1.0018,,4.41,66.14,-1.6856,3697,C,standard,night,north,1
0.4046,0.6973,-0.1208,-0.2717,2.7926,79.55,0.6167,-2.2454,0.264,4.86,74.96,-1.3326,3458,C,standard,swing,north,0
0.5373,-1.5591,0.0491,1.6062,4.0108,64.52,-0.704,-0.3369,-0.8679,8.7,65.79,-0.0335,8611,B,standard,night,north,0
-0.3379,,1.2489,-1.8751,0.6798,,-1.1646,0.0271,0.458,12.32,86.61,0.4017,6268,C,standard,swing,east,0
-0.2741,1.8466,-0.4757,-0.6701,9.8594,18.52,-0.9776,-0.3152,-0.9568,18.14,43.54,-0.4091,9961,C,standard,swing,east,0
-2.1231,,-1.2671,1.0873,0.856,41.2,0.3897,0.424,-1.2254,11.54,71.59,0.4396,1810,A,economy,night,south,0
0.157,0.4967,-0.0608,1.0039,7.3606,41.59,-0.2576,0.704,-0.9093,12.77,68.74,0.5014,3591,A,standard,swing,north,0
-0.929,0.2438,0.2059,-0.6381,3.0873,30.03,0.8019,-0.5868,1.2355,19.04,78.11,-0.5592,1554,C,premium,swing,west,0
0.4295,-1.1606,,0.4454,6.6837,12.27,-0.0719,-1.0287,-0.3646,8.3,56.54,-1.9217,4886,B,economy,swing,west,0
0.911,-0.4691,-0.1859,-1.3703,2.1578,77.65,-1.3381,0.0004,0.896,19.1,44.96,-0.2631,2255,A,standard,day,north,1
0.4275,0.994,-1.0448,1.5899,5.0611,56.06,-0.657,0.4453,-0.9555,23.82,65.95,-0.3436,1605,C,premium,night,east,0
-0.8557,0.5454,0.4224,0.175,1.8653,57.74,-1.2366,-0.5804,-0.865,13.73,55.87,-1.7415,1879,B,economy,day,east,0
-0.523,0.0846,-0.6264,-0.9963,9.6747,24.97,1.2192,2.3099,0.8084,28.75,54.34,-1.1329,5535,C,premium,night,west,0
0.8426,0.1861,0.9615,0.5132,0.4989,30.64,-0.8647,3.164,-0.9178,3.15,71.08,-1.3992,6146,C,standard,day,east,1
-0.4013,1.3624,2.7647,-1.022,3.4344,24.5,-0.0734,-0.0124,0.0382,20.29,81.47,1.7473,3713,C,standard,night,west,0
-0.3524,-1.1911,-0.252,0.6632,2.3844,84.63,0.4573,-0.3174,-0.4024,21.11,73.58,0.3387,3504,A,standard,day,east,0
-1.8428,-0.3993,-0.6884,1.1328,3.5344,83.54,0.6913,-1.6247,-0.2598,36.68,78.02,-0.3322,7478,C,standard,swing,south,0
