customer_id,age,annual_income_k,tenure_months,monthly_orders,avg_basket_usd,discount_share,app_sessions_per_month,website_minutes_per_month,support_tickets_6m,returns_6m,days_since_last_order,delivery_distance_km,satisfaction_score,ad_exposure_score,account_balance_points,preferred_device,region,membership_tier,primary_category
100001,28.5,121.4,32.6,4.59,121.6,0.134,5,74.6,0,0,13.4,10.4,5,46.9,2216,desktop,West,basic,home
100002,40.1,68.4,21.6,7.73,22.75,0.578,10.8,53.9,1,0,19.5,9.3,5,51.5,1422,mobile,South,basic,beauty
100003,47.4,66.8,34.2,7.11,44.07,0.701,11.9,102.7,1,0,3.4,8.4,5,58.8,1447,mobile,South,basic,groceries
100004,35.3,33.9,8.4,7.22,28.45,0.247,13.9,83.4,2,1,13.8,1.3,5,45.5,1495,desktop,Midwest,plus,home
100005,54,49.2,34.1,5.22,125.21,0.15,5.4,56.7,1,1,24.9,10.4,5,47.2,3287,,West,premium,electronics
100006,32.9,124.5,49.5,6.48,106.15,0.225,3.7,82.3,2,3,24.7,2.9,,53.1,2554,mobile,South,basic,home
100007,40.4,46.1,17.4,8.35,41.28,0.733,12.2,50.4,0,1,6.3,6.5,,59.1,1336,desktop,Northeast,basic,groceries
100008,45.3,153.2,18.2,5.6,118.65,0.296,6.8,55,0,0,23.5,10.6,5,32.2,3182,desktop,South,premium,groceries
100009,44.5,79.7,21.8,3.92,78.31,0.458,8,72.1,3,2,4.4,5.5,4.65,56.9,1886,desktop,South,basic,home
100010,39,65.6,18.6,2.89,100.3,0.277,26,35.3,1,2,13.7,8.5,4.93,60.7,2547,mobile,Midwest,basic,home
100011,37.9,86.2,41.5,9.34,44.23,0.482,8.3,15.2,2,4,6.9,11.2,5,35.7,1958,mobile,Midwest,basic,home
100012,23.3,80.3,11.7,7.37,65.19,0.375,9.7,91.6,3,8,22.6,9.2,4.84,55.7,1867,mobile,West,basic,electronics
100013,27.8,78.8,2.5,12.64,64.7,0.597,11.6,53.3,1,1,7.6,11,5,49.5,2424,mobile,Midwest,premium,groceries
100014,54.4,106.1,42.6,4.8,108.99,0.115,7,76.1,1,2,12,12,5,53.9,2123,tablet,Northeast,basic,beauty
100015,49.5,115.3,42.2,5.15,118.63,0.346,4.2,74.5,1,1,20.2,12.7,5,31.1,2212,tablet,Midwest,plus,home
100016,36.9,,17.4,7.83,32.23,0.815,19.8,39.9,2,2,11.6,0.3,5,48.6,1364,mobile,South,basic,electronics
100017,49.9,134.4,37.3,6.62,104.62,0.146,9.5,74.6,1,3,23.1,3,,54.8,3089,,West,premium,electronics
100018,47.8,,27.8,6.03,80.13,0.187,8.5,99.1,3,4,23.9,15.8,5,60.6,2195,desktop,Northeast,premium,electronics
100019,31.5,118.4,21.7,2.58,91.84,0.027,6.8,27,1,2,13.6,9.1,5,62.9,2482,mobile,West,premium,beauty
100020,31.8,94.7,20.8,3.29,60.19,0.273,17.6,121.1,2,1,42.1,3.1,5,75.9,1612,tablet,South,premium,beauty
100021,25.7,88.9,10.5,3.65,70.8,0.212,11.6,99.1,1,1,22.7,6.5,4.97,60.9,1835,mobile,Midwest,basic,home
100022,51.9,76.6,45.1,6.54,17.9,0.631,6.4,,2,0,16.4,6,5,64.6,1384,mobile,West,basic,home
100023,39.2,59.2,24,5.81,40.21,0.368,15.3,68.9,2,1,5.6,2,5,65.8,1318,desktop,West,plus,
100024,48,61.6,1,5.6,52.34,0.471,7.6,35.2,2,0,0.2,11.8,5,47.8,1358,tablet,South,plus,groceries
100025,42.7,71.6,16.4,6.97,25.89,0.526,12.4,80.8,2,1,22.2,9,4.99,67.2,1392,desktop,South,basic,
100026,40.4,53.2,16.6,2.87,22.63,0.664,17.6,60.8,0,1,9.4,10,4.68,67.6,1653,mobile,West,premium,electronics
100027,31.7,52.8,20.7,7.55,37.19,0.618,5.6,48.3,1,2,16.1,12.5,4.52,48.7,1554,mobile,Midwest,plus,groceries
100028,45.3,,13.8,5.11,33.29,0.61,7,53,1,1,6.5,0.2,5,38.8,1335,mobile,South,plus,home
100029,55.8,89.2,2,6.23,99.66,0.093,2,81.2,1,1,2.4,7.6,5,37.4,2043,mobile,South,premium,electronics
100030,30.2,96.2,27,6.83,39.63,0.657,8.2,44,0,2,3.7,7.2,5,41.3,1120,desktop,West,basic,home
100031,59.8,92.2,28.4,5,58.34,0.593,16.4,73.5,2,5,2.2,13.9,3.82,65,1625,tablet,West,basic,groceries
100032,36.5,165.2,58.5,9.03,74.08,0.227,8.5,36.2,1,1,1.6,11.9,5,66.3,2675,mobile,Northeast,premium,home
100033,48.8,74.6,19.4,3.89,80.99,0,24.8,70.1,4,2,16,4.4,4.87,66.4,1920,mobile,West,basic,groceries
100034,25.5,88.9,16.2,4.18,59.71,0.108,13.7,101.8,3,2,17.6,13.4,4.97,57.1,1890,mobile,South,basic,groceries
100035,26.9,79.6,35.8,6.58,61.28,0.317,9.8,71.5,0,1,17.8,17.1,3.91,46.4,2080,mobile,South,basic,groceries
100036,27.4,70.2,31.7,4.87,53.83,0.115,12.6,34.1,1,1,0,7.4,5,49.3,1629,mobile,Northeast,plus,home
100037,45,132.8,40.7,4.31,126.47,0.058,1.9,69.7,2,3,13.3,5.4,4.97,41,2837,mobile,West,premium,beauty
100038,30.4,52.9,12.9,6.36,30.07,0.744,11.1,41.4,2,0,7.6,4.6,5,47.3,1588,mobile,South,plus,beauty
100039,22.6,111.4,15.5,2.99,92.88,0.265,8.2,56.9,1,2,22.3,10.5,5,48.8,1813,mobile,Midwest,plus,electronics
100040,57.8,89.1,30.6,9.63,68.54,0.249,2.6,45.7,3,0,12.4,7.6,5,57.8,2188,desktop,Northeast,basic,home
100041,23.9,102.2,8.4,3.93,84.64,0.385,17.7,46.9,2,1,14.2,5.1,5,75.7,2022,mobile,South,basic,home
100042,29.4,57.3,10.6,11.65,48.65,0.782,8.9,20.1,1,1,7,18.8,5,50.4,1919,desktop,West,basic,groceries
100043,35.2,61.5,22.2,8.87,36.53,0.717,21.2,50.7,4,3,20.9,0.2,5,64.5,1818,tablet,West,premium,electronics
100044,32.8,77.1,21.3,8.14,63.86,0.613,10.8,,0,2,13.5,4.9,5,57.2,1895,tablet,West,plus,beauty
100045,42.4,77.4,31.1,7.4,66.43,0.49,0.1,35.2,0,2,4.8,5.2,5,39.2,1876,desktop,West,plus,electronics
100046,38.2,96.2,46.4,5.78,85.12,0.059,4.3,64.7,0,1,14.4,11.8,5,59.4,2395,mobile,Northeast,premium,beauty
100047,32.4,66.4,30.9,4.25,26.9,0.691,9.9,25,1,0,0,4.8,5,39,1606,mobile,Midwest,plus,beauty
100048,34.9,91.5,11.3,5.62,29.43,0.548,11.7,62.2,4,0,28.3,2.3,4.26,57.4,1447,tablet,South,basic,groceries
100049,23.3,,34.3,4.6,82,0.16,6.1,56.3,2,0,17.6,11.5,5,54.7,1799,mobile,South,plus,beauty
100050,37.3,68.7,25,10.38,64.69,0.788,14.1,,3,2,0,20.5,5,52.4,2003,mobile,South,plus,electronics
100051,36.8,80.2,14.3,6.77,115.23,0,7.4,77.7,0,0,12.5,10.4,5,68.1,1421,mobile,West,basic,
100052,40.2,66,12.8,6.4,23.63,0.889,1.1,29,2,0,28.5,8.6,5,48,1179,mobile,Northeast,plus,beauty
100053,40.6,80.6,27.1,9.15,46.94,0.403,20.3,38.8,0,2,10.1,23.5,3.27,54,1711,desktop,Midwest,basic,electronics
100054,54.8,61.3,23.9,8.83,67.65,0.445,14.5,67.9,1,1,4.2,17.1,4.77,49.2,2178,mobile,West,plus,groceries
100055,28.3,95.3,7.3,4.75,91.85,0.561,21.3,60.9,2,0,23.1,8.9,,60.3,2304,mobile,Midwest,basic,groceries
100056,39.7,97.7,9.3,8.14,56.32,0.294,8.1,11.6,4,1,8.5,14.2,5,55.8,1789,,Midwest,basic,groceries
100057,51.6,95.3,33.2,9.05,71.57,0.413,9.1,46,2,1,8.3,6,5,57,2094,desktop,West,basic,groceries
100058,48.5,51,32.2,4.33,22.7,0.793,19.4,47.3,1,1,17.4,7.3,4.76,43.2,961,mobile,South,plus,beauty
100059,41.7,,26.4,5.67,97.93,0.306,6.6,34.8,0,2,12.5,10.4,5,62.1,1392,tablet,West,plus,home
100060,43.9,77.7,3,9.83,64.43,0.508,6.7,32.4,0,1,3.1,18.9,4.12,40.5,2422,desktop,Midwest,basic,home
100061,34.3,82.1,39.5,7.11,44.07,0.458,9.5,38.2,1,5,4.9,6.9,,66.6,1599,desktop,Midwest,basic,home
100062,24,58.6,15.9,6.57,40.54,0.479,12.7,60,2,1,17.7,11.4,5,45.5,1847,desktop,Midwest,premium,home
100063,48.3,86,10.7,7.62,30.94,0.492,20,,3,3,15.5,13.7,5,53.8,1531,mobile,Northeast,plus,groceries
100064,33.8,65.6,14.1,3.78,80.28,0.294,18.4,,6,5,31.7,12.9,4.02,66.1,1921,mobile,Northeast,basic,beauty
100065,43.4,,22.8,4.14,29.72,0.462,16,61.1,3,0,4.2,0.4,4.76,58.7,1479,mobile,Northeast,basic,groceries
100066,40.8,,28.6,3.45,105.47,0.129,4.2,,0,0,11.7,8,4.35,41.5,2185,mobile,Midwest,plus,beauty
100067,29.1,72.2,47.1,5.3,41.73,0.57,11.5,61.2,2,1,16.7,6.5,5,44.9,1103,mobile,Northeast,basic,home
100068,39.6,118.3,45.7,4.83,128.55,0.17,6.4,101.3,0,2,14.1,14.4,5,62.4,3254,mobile,West,premium,electronics
100069,47.7,65.6,22.3,5.11,35.62,0.692,13.3,90,0,0,8.3,6.5,5,63.3,1376,tablet,South,plus,home
100070,47.2,,31.6,4.9,27.54,0.549,10.8,66.9,0,1,0.3,5.7,5,52.1,1411,tablet,Midwest,basic,groceries
100071,41,67.7,16.3,5.3,54.58,0.592,20.6,106.5,1,0,11.4,4.8,3.99,61,1153,,South,basic,home
100072,30.7,89.1,20.1,4.39,82.29,0.388,24,137.5,2,2,22.9,4,4.86,58.7,1680,desktop,West,basic,electronics
100073,45.5,71.7,41.6,11.34,52.92,0.733,10.8,57.6,1,2,0,0.2,5,45.2,2430,mobile,Northeast,plus,groceries
100074,45.1,126.9,39.8,5.59,69.91,0.054,8.5,35.8,0,2,21,14.6,5,36.4,2296,,West,premium,beauty
100075,37.5,,7.5,6.15,38.39,0.428,9.5,46.6,0,2,0,8,5,42,1924,desktop,South,basic,home
100076,39.7,97.2,29.3,4.69,83.67,0.177,7.4,124.7,2,2,35.4,4.5,5,65.2,2144,desktop,Northeast,basic,
100077,36.5,,29,4.51,44.42,0.767,17.3,59.5,2,1,12.3,9.5,3.99,48.4,1219,desktop,West,plus,beauty
100078,31.5,87.4,9.7,4.02,89.36,0.253,12,121.2,3,4,41.9,1.5,5,44.5,1577,mobile,West,plus,groceries
100079,20.1,,3.7,7.19,33.5,0.346,13.3,,5,3,30.6,9.2,5,48.9,1443,mobile,South,plus,electronics
100080,42.9,81.7,17,8.32,49.87,0.356,5.4,39,3,4,14.6,15.2,5,25.7,1626,desktop,Midwest,plus,electronics
100081,29.7,112.1,20.2,3.7,90.53,0.233,25.1,117.1,1,2,10.4,5.2,4.62,64.5,2175,mobile,Midwest,basic,electronics
100082,55.6,,25.4,8.79,57.4,0.525,8.3,40.8,1,1,5.4,12.4,5,57.1,1982,desktop,South,plus,home
100083,30.7,95.2,31.1,2.86,117.98,0.113,12.5,82.4,2,2,6.3,13.8,5,55.5,2723,mobile,Northeast,plus,beauty
100084,37.8,98.5,34.3,7.1,83.59,0.222,9.1,67.1,3,3,28.6,15.9,5,62.4,2371,mobile,Midwest,plus,home
100085,41.6,74.7,28.5,6.82,51.56,0.363,7.7,26.1,2,0,3.8,14.5,5,47.6,1607,mobile,Northeast,plus,groceries
100086,37.7,33.1,6.2,9.68,66.9,0.624,14.2,,3,1,9,5.9,5,49.8,1655,,Midwest,plus,groceries
100087,43.7,90.9,17.1,6.89,74.34,0.405,12.5,62.7,2,2,6.7,12.1,5,55.5,2472,mobile,Midwest,plus,beauty
100088,32.8,108.1,21.4,2.59,83.54,0.168,1.2,,3,1,4.5,7.4,4.6,53.5,1846,mobile,West,basic,beauty
100089,35.2,94.4,34.4,4.71,55.21,0.598,13.8,67.9,2,6,12.4,10.8,4.84,49.6,1642,desktop,Midwest,basic,home
100090,18,53.9,10.5,4.06,40.86,0.572,13.7,28.8,1,0,6.3,1.8,5,56.8,1974,desktop,South,basic,groceries
100091,28.6,19.2,21.3,4.08,18.33,0.612,11.1,60.9,1,2,2.3,8.2,4.64,57.3,824,mobile,West,basic,electronics
100092,32.5,90.9,22.4,6.28,38.11,0.52,6.3,35.5,1,2,10.4,9.3,5,38.6,1365,desktop,South,basic,groceries
100093,31.6,58.4,22,8.76,34.38,0.725,11.8,48.2,4,1,16.4,2.8,5,54.6,1828,mobile,West,basic,home
100094,45.4,85.4,41.8,8.5,81.67,0.322,15.8,12.4,4,0,0,7.6,5,60.6,2557,mobile,West,premium,groceries
100095,54.4,89.6,28.7,8.91,77.48,0.34,1.1,48.1,5,3,0,13,5,57,2696,desktop,South,plus,electronics
100096,47.2,71.7,28.9,7.84,69.71,0.418,6.8,63,1,2,20.7,17.5,5,53.5,2209,desktop,Northeast,plus,groceries
100097,41.3,78.9,25.3,10.48,29.09,0.491,8.2,27.1,2,3,14.8,6,,49.8,1706,mobile,Midwest,basic,groceries
100098,39.5,111.1,24.7,4.21,95.27,0.255,4.3,52.2,1,1,4.2,15.5,5,45,2298,mobile,Northeast,premium,home
100099,23.1,46.7,33.3,0.54,65.91,0.266,22.8,75.6,1,3,22.1,8.9,4.8,65,1541,mobile,West,plus,beauty
100100,37,91.4,35,7.52,78.27,0.379,14.9,24.9,4,1,18.1,17.2,4.99,66.5,1787,mobile,South,basic,home
100101,33.4,45.2,9.7,1.98,62.94,0.42,5.3,119.6,2,6,6.3,10.4,,61.6,1586,mobile,South,basic,groceries
100102,43.3,99.5,37.7,4.04,53.81,0.498,9.2,49.5,1,0,9.8,6.7,5,45.9,1651,tablet,West,basic,groceries
100103,43.6,53.1,35.5,8.68,45.25,0.3,6.6,53.9,2,1,6.9,5.2,5,49.3,1862,desktop,South,premium,groceries
100104,26.9,48,27.7,7.14,25.98,0.402,14.6,58.7,0,2,24.1,6.8,5,66.1,1307,mobile,West,premium,groceries
100105,33,124.2,37.6,4.02,131.93,0.179,6.4,16.8,1,3,12.3,13.1,4.73,48.3,2921,,Midwest,plus,home
100106,23.2,68.9,29.4,4.26,39.11,0.367,7.4,73.3,2,0,30.7,9.1,4.97,65.6,1633,tablet,South,basic,groceries
100107,36.7,64.1,11,7.62,30.24,0.654,4.2,34.1,1,1,17.3,1.5,5,44.4,1329,mobile,Northeast,plus,groceries
100108,44,,9.8,12.38,50.8,0.483,10.5,31.8,0,2,8,18.7,4.42,54.5,2317,mobile,Midwest,basic,groceries
100109,43.9,54.2,4,6.22,38.49,0.684,9.4,64.5,2,1,0,2.3,5,57.7,1972,mobile,South,premium,groceries
100110,40.1,85.9,49,7.2,28.11,0.323,2,63.7,2,1,19.1,15.1,5,49.7,1205,desktop,South,plus,groceries
100111,40.1,53,30.7,8.43,59.58,0.395,9.7,61.1,0,1,6.6,11.7,5,34.2,2081,desktop,Midwest,basic,home
100112,32.1,79.5,27.3,8.04,38.72,0.766,16.8,75.7,2,1,4.7,8,5,63.9,1387,mobile,South,basic,electronics
100113,46.5,146,39,4.51,143.74,0.198,6.1,41.3,3,2,36.5,19.9,3.95,52.2,2910,desktop,South,premium,electronics
100114,25.5,58.6,25.8,5.66,31.28,0.666,9.2,54.5,5,3,11.8,7.1,4.84,48.5,972,mobile,Midwest,plus,home
100115,48,100.7,23,7.25,116.74,0.26,4.9,,1,0,5.4,11.2,5,58.1,3151,mobile,Northeast,premium,groceries
100116,36.2,85.4,26.6,11.12,64.06,0.44,11.6,32.3,3,0,5.7,15.2,5,55.7,1903,tablet,South,plus,groceries
100117,50.1,60.4,25,4.29,42.03,0.679,10,73.9,2,4,21.4,7.7,4.56,70.5,1453,,South,basic,electronics
100118,23.8,49.8,17.3,7.84,26.81,0.541,14.9,32.4,3,2,7.8,11.9,5,47.5,1448,mobile,South,basic,home
100119,35.9,80.2,24.5,7.71,56.8,0.292,10.3,34.8,3,3,17.3,14.3,5,50.8,1909,tablet,Midwest,basic,groceries
100120,23.9,90.9,28,8.09,63.99,0.478,9.8,49.5,1,1,12.6,10.9,5,65.9,1999,desktop,Northeast,plus,home
100121,34.4,46.5,2.5,2.58,19.19,0.684,7.8,39.9,3,0,22.3,4.5,4.34,56,991,mobile,South,plus,home
100122,24.1,103.1,14,2.79,96,0.164,19.6,101.1,2,0,24.3,3.2,4.39,48.3,2447,mobile,Northeast,basic,groceries
100123,43.4,53.2,23.3,1.93,36.44,0.812,12,65.6,2,0,16.7,7.4,4.31,41.2,1071,desktop,Midwest,plus,beauty
100124,41.2,112.8,32.6,4.89,148.04,0.232,6.6,81.1,0,1,0.9,14.9,5,50.2,3415,mobile,South,premium,groceries
100125,46.7,117.1,13.9,2.62,109.51,0.038,5.9,23.7,0,0,15.4,6.9,5,52.9,2874,mobile,Midwest,premium,groceries
100126,40.2,46.5,35.9,6.64,72.84,0.64,9.6,53,0,1,14.1,4.3,5,52.9,1720,mobile,Midwest,basic,groceries
100127,53.6,93.3,63.1,4.97,86.8,0.211,8.5,71.2,1,4,12,8.5,5,65.3,2485,mobile,Midwest,premium,electronics
100128,35.1,81.8,29.5,5.54,29.9,0.684,6,94.4,0,0,5.4,4.4,5,74.3,1581,desktop,South,premium,home
100129,54.9,78.6,11.4,4.72,38.36,0.541,5.6,38.1,0,2,5.6,13.4,5,54.3,944,desktop,South,basic,groceries
100130,38.8,28.5,17.1,3.55,20.74,0.725,11.6,85.5,0,1,9.7,5.6,4.23,55.7,943,desktop,Northeast,plus,home
100131,41,89,3.5,5.54,84.14,0.112,20.4,,5,2,7.1,9.8,5,67.2,2991,mobile,West,premium,electronics
100132,52.8,86.8,52.3,4.81,104.53,0.18,8.7,103.5,4,3,4.9,15.6,4.7,52.2,2760,,West,premium,electronics
100133,29.6,77.7,27.3,5.57,46.21,0.564,20.1,56.7,2,1,23.7,9.7,,59.1,1413,mobile,West,basic,groceries
100134,25.9,99,21.4,4.9,62.76,0.089,15.4,110.9,1,4,19.9,6.5,5,65.5,1616,mobile,Northeast,basic,beauty
100135,40.7,74.7,28.4,7.91,66.05,0.373,14,,4,1,5,10.9,5,56.3,2022,mobile,South,plus,home
100136,45.5,74.2,40.7,6.53,42.48,0.722,11.8,,1,0,1.3,4.1,5,42.9,1156,mobile,Midwest,basic,groceries
100137,54.1,89.2,33.2,9.08,61.35,0.332,3.7,40.4,1,3,11.1,14.9,5,47.3,2294,desktop,Midwest,plus,groceries
100138,21.5,83.3,18.7,0.34,98.23,0.456,11.5,114.1,2,0,19.6,9.3,4.58,55.1,1807,mobile,West,premium,home
100139,33.6,55.8,13.5,9.39,59.79,0.451,3.8,60.8,4,5,0,12.7,5,36.8,1894,mobile,South,basic,electronics
100140,42.1,81.8,42.9,7.18,59.47,0.321,9.7,55.8,2,2,16.4,13.9,5,66.7,1401,mobile,Midwest,plus,home
100141,40.5,46.7,11.5,6.41,28.24,0.402,9.1,32.5,4,4,8.3,10.3,5,37.2,1699,desktop,Midwest,basic,groceries
100142,43.6,92.2,8.2,6.77,32.58,0.459,11.8,57.5,0,1,3.1,8.3,5,52.5,1194,tablet,West,basic,home
100143,42.1,78.4,21.7,2.02,84.5,0.206,4.9,89.1,3,1,25,14,3.43,60.2,1645,tablet,Northeast,plus,home
100144,28.6,79.2,32.9,5.19,35.84,0.504,13.6,23.4,2,2,8.6,8.9,5,57.1,944,mobile,West,plus,
100145,41.5,36.3,1,5.31,46.6,0.487,11.3,52.2,0,1,9.6,11.7,5,61,1333,mobile,Midwest,plus,groceries
100146,34.7,121.9,8.7,4.42,102.51,0.03,10.3,90.2,2,5,17.6,8.5,5,68.1,2723,desktop,West,plus,groceries
100147,44.7,73.2,13.2,8.77,67.36,0.388,12,37.5,4,3,12.1,7.3,5,41,2490,desktop,Northeast,plus,electronics
100148,32.4,115.8,29.6,1.57,108.7,0.258,11.3,67.2,1,1,7.1,9.4,3.93,60.3,2533,mobile,South,plus,electronics
100149,18,26.9,22.6,5.91,99.31,0.341,6,42,0,1,18.9,14.6,5,47.2,1073,tablet,West,premium,groceries
100150,45.6,125.5,12,6.11,97.27,0.275,7.2,,1,1,17.7,9.3,5,59.5,2529,mobile,Midwest,premium,groceries
100151,18,84.3,32.2,6.08,28.47,0.268,11.5,77.4,2,1,9.1,15.8,5,60,1311,mobile,Midwest,basic,groceries
100152,39.1,,26.4,6.4,46.48,0.596,13,67,2,1,18.6,18.8,3.63,50.6,2041,desktop,Midwest,plus,home
100153,26.7,63.6,34.6,2.32,116.33,0.062,0.6,36,2,1,15.4,11.7,5,57.3,2715,mobile,West,premium,groceries
100154,51.7,96.4,25.6,4.13,24.89,0.558,6.8,95.2,1,0,9,8.6,5,60.8,848,desktop,West,plus,groceries
100155,43.2,106.5,43.1,6.79,126.13,0.369,5.4,74.4,2,4,13.7,14.3,4.96,56.8,3327,tablet,South,premium,electronics
100156,27.8,92.6,5.2,5.42,68.02,0.242,17.7,80.5,1,1,20.5,13.8,4.67,42,1899,mobile,South,basic,beauty
100157,41,127.1,25.7,5.7,102.03,0.081,6.3,53.4,2,0,8.4,5.3,5,44.7,1866,mobile,Northeast,basic,groceries
100158,34.8,109.6,5.6,3.98,74.22,0.342,31.6,95.5,2,1,0,9.5,5,70.5,1774,mobile,West,plus,
100159,34.1,135,28,5.54,90.46,0.371,9.9,56,0,2,15.9,15.3,5,47.3,2154,mobile,West,basic,groceries
100160,40.9,101.1,49.9,6.15,87.47,0.045,6.3,93.5,0,1,9.2,2.7,5,43.8,2118,mobile,West,plus,beauty
100161,42,95.1,18.3,6.57,32.94,0.572,13.1,57,1,1,7.3,8.8,5,68.3,1613,mobile,South,plus,beauty
100162,44.5,91.2,30.5,5.25,83.73,0.177,8.2,77.6,1,0,11.9,8.6,5,57.1,2809,mobile,Midwest,premium,home
100163,40.5,56.6,34.7,7.44,14.38,0.594,12.7,49.5,0,0,11.7,5.6,5,47.3,1339,tablet,Midwest,basic,beauty
100164,49,64.5,17.3,6.57,31.37,0.581,12.4,23.2,0,1,21.3,16.5,4.93,58.6,1450,desktop,West,basic,beauty
100165,54.7,94.1,16.1,4.93,76.75,0.216,0.1,30.6,2,0,12.4,8.4,5,49.1,1910,mobile,West,plus,home
100166,37.3,84.6,15.2,4.26,40.06,0.592,3.1,56.1,2,0,12.4,3.9,5,41.9,1221,desktop,South,plus,groceries
100167,44.5,65,12.5,3,57.67,0.298,18.5,119.6,3,3,16.7,9.1,3.82,50.4,1266,,Northeast,basic,groceries
100168,34.1,107.4,1,4.9,86.1,0.466,19.2,,2,2,49.9,12.4,5,59.4,2106,tablet,South,basic,groceries
100169,43.5,46.6,28.6,4.86,27.15,0.523,16.7,,1,0,6.7,13.7,4.73,56.8,1120,tablet,Midwest,basic,groceries
100170,24.4,92.2,8.4,2.98,85.66,0.051,26.7,84,5,2,26.5,18.2,4.52,61,1955,desktop,West,plus,groceries
100171,28,42.7,10.9,7.32,29.77,0.548,9.1,67.1,1,1,25.5,11.6,5,61.9,1589,mobile,South,basic,groceries
100172,29.1,50.2,32.8,5.08,51.84,0.777,8,81.4,1,1,5.9,6.5,4.58,55,1412,desktop,West,basic,home
100173,39.4,78.8,1,9.55,58.2,0.462,13.5,46.8,6,2,16,6.1,5,54.2,2252,mobile,Midwest,premium,groceries
100174,35.3,56.2,24.1,5.17,24.15,0.373,6.5,56,1,0,0,5.1,5,54.9,1497,mobile,West,basic,beauty
100175,37.6,66,30.6,2.48,32.04,0.723,17.7,47.8,3,3,7.1,10.1,4.36,55.4,1455,,West,basic,groceries
100176,48.3,87.1,22,3.34,98.05,0.143,4.7,38.5,1,1,32.9,12.3,5,55.3,1920,mobile,Midwest,plus,home
100177,43.6,52.1,42.6,7.92,73.06,0.385,10.2,57.7,2,2,14.5,7,5,48.5,1987,desktop,South,plus,electronics
100178,37.4,76.7,22.2,3.15,91,0.346,16.2,30.9,3,5,40.3,13.3,3.38,45.8,1947,desktop,Northeast,basic,groceries
100179,42.1,109.7,17.5,11.27,54.25,0.555,14.4,32.7,1,1,0,11.4,,41.3,1729,mobile,South,plus,electronics
100180,39.1,69.7,23.9,8.01,65.03,0.303,9.6,48.5,1,2,12.3,7.5,5,74.1,2239,tablet,West,premium,beauty
100181,37.4,43.4,34.6,4.96,34.78,0.792,14.1,17.6,1,2,0,9.6,5,48.3,1266,mobile,Northeast,basic,groceries
100182,37.7,74.5,19,5.22,21.8,0.736,10,63.1,2,1,19.5,8,4.7,54.1,1270,desktop,South,plus,groceries
100183,44.7,,13.4,6.31,70.06,0.34,12.1,34.8,0,1,0,5.1,5,39.6,1875,desktop,Midwest,plus,beauty
100184,27.6,,2.1,4.02,79.7,0.275,13.6,104.6,3,5,26.5,6.7,5,61.6,2302,mobile,West,premium,groceries
100185,36,101.7,21.5,2.14,112.11,0.292,22.9,131,0,1,13,10.2,5,49.8,2346,desktop,West,plus,beauty
100186,33.1,128.2,27.2,6.1,110.46,0.077,3.2,63.1,1,1,5.3,9.1,5,54.7,2649,tablet,Northeast,plus,groceries
100187,53.7,101.8,9.5,6.77,83.66,0.275,18.4,,2,2,21.2,9.6,5,62,2320,mobile,Northeast,basic,beauty
100188,25.1,75.1,14.2,4.74,88.14,0.149,32.9,96.8,5,4,14.8,9.2,,75,2237,mobile,Northeast,basic,groceries
100189,34.7,58.1,21.7,5.4,27.05,0.686,8.9,53.9,0,2,17.6,7.2,4.6,57.3,1099,tablet,South,plus,groceries
100190,22.4,69.3,27.9,6.61,25.08,0.472,11.6,60.3,0,0,4.7,3.8,5,51.2,1394,mobile,Northeast,basic,home
100191,46.7,95.3,41.8,3.99,90.8,0.028,1.7,30.8,1,1,16,12.8,5,50.7,1627,desktop,West,basic,home
100192,23,70.3,17.6,2.81,39.01,0.238,17.8,98.3,3,6,8.1,10.5,4.66,64.5,1343,mobile,Northeast,premium,groceries
100193,22.7,92.2,13.4,6.39,103.42,0.584,18.7,78.9,1,1,6.8,9.9,5,56,2459,mobile,Midwest,basic,groceries
100194,39.4,67.8,20.5,6.96,35.63,0.605,14.8,68.5,1,0,13,6.6,5,47.9,1597,desktop,South,plus,beauty
100195,42.5,77.4,45.8,7.52,24.59,0.5,0.5,30.4,3,1,3.8,5.7,5,39.6,1265,mobile,Midwest,plus,electronics
100196,42.9,74.7,33.4,3.24,41.86,0.332,21.5,,0,2,23.6,7.9,,57.2,2647,mobile,West,basic,home
100197,34,,12.1,6.21,37.78,0.465,15.8,105.8,2,5,42,7.4,4.28,43.1,1079,desktop,Midwest,basic,
100198,27,129.2,13.4,2.4,150.11,0.223,0.7,68.5,1,1,14.2,16.4,4.9,51.8,3104,desktop,Northeast,premium,electronics
100199,45.8,64.4,14.8,4.8,29.4,0.587,9.3,47.7,0,0,15.5,12,4.18,51.8,990,desktop,Midwest,plus,home
100200,35.4,,5.2,3.67,59.61,0.342,15.9,68.1,2,2,53,6.9,4.26,56.6,1740,mobile,South,basic,groceries
100201,53.4,,11.7,5.34,17.54,0.544,10.2,77.8,1,1,11.7,7.8,4.84,58.6,1508,desktop,Northeast,basic,groceries
100202,37.7,101.2,6.8,6.82,33.52,0.368,14.7,72.6,3,3,32.2,4.7,5,54.5,1481,mobile,Midwest,premium,groceries
100203,44.3,66.3,34.4,7.39,56.34,0.512,11,32.3,3,2,6.1,1.5,5,46.4,1608,tablet,West,plus,home
100204,47,108.7,49.5,2.5,89.66,0.055,7.7,,2,2,32.9,18,4.21,59.1,1715,mobile,Northeast,basic,home
100205,32.7,,9,2.51,51.57,0.273,30.2,84.5,4,3,8.2,9.2,5,60.7,1503,mobile,Northeast,premium,groceries
100206,26.4,107.8,29.3,3.49,59.54,0.396,20.2,94,3,3,10.5,9.9,,55.9,1441,desktop,West,basic,groceries
100207,48.9,82.2,33.4,1.12,88.38,0.205,11.5,97,0,0,0,10.9,5,53,2112,desktop,West,premium,home
100208,27.5,,32.2,8.85,56.41,0.405,16,,2,3,6.5,12.9,5,62.4,1778,mobile,Northeast,plus,groceries
100209,40.7,160,27.4,4.45,106.33,0.061,10.4,63.2,1,2,22.7,12.7,5,50.3,3151,desktop,Northeast,premium,groceries
100210,43.6,86.1,27.1,6.32,44.01,0.352,8.4,106,0,1,5.2,8.9,5,47.1,1596,mobile,Midwest,premium,groceries
100211,49.3,94.8,33.4,6.69,74.49,0.594,3.1,71.3,0,1,19,13.1,5,48.2,2342,mobile,Northeast,premium,home
100212,47.3,84.7,16.4,10.05,60.71,0.587,7.9,54.9,3,2,11.5,8.7,5,45.2,2245,mobile,South,basic,home
100213,47.6,107.2,23.5,6.99,81.4,0.034,4.8,102.5,2,1,21.9,15.2,4.94,49.6,2167,,Midwest,premium,groceries
100214,35.5,98.1,26.2,9.87,60.9,0.345,2.1,41.5,2,1,0,18.4,5,40.7,1800,tablet,South,basic,groceries
100215,46.1,47.3,18.6,5.27,40.78,0.611,4.8,52.2,1,1,6.6,6.1,,63.9,1182,mobile,West,basic,groceries
100216,48.9,97.3,18.4,8.99,68.51,0.27,13.7,16.9,2,2,6.6,6.3,5,50.9,2181,mobile,West,basic,electronics
100217,48.5,98.4,24.5,5.69,53.92,0.28,5.3,48.8,1,3,11.1,4.8,5,51.2,1985,desktop,West,plus,
100218,49.5,112.6,36.5,5.18,65.4,0.72,9.8,46.5,2,1,0,11.9,5,57.8,1876,desktop,South,plus,groceries
100219,18,57.9,32.9,5.32,96.44,0.202,8.5,49.5,2,1,15.1,8.1,5,52.8,1939,mobile,Northeast,plus,beauty
100220,43.8,36.3,11.2,8.34,16.89,0.718,10.3,25.6,4,3,2,7.8,5,59.2,1297,desktop,Northeast,basic,home
100221,49.6,88,49.9,5.63,112.02,0.186,9.3,80.8,0,0,11.1,8.3,5,52.3,2769,mobile,Midwest,premium,home
100222,25.4,104.3,7.9,5.47,77.93,0.226,27.7,94.7,4,1,42.1,5.3,5,46.3,2034,mobile,South,basic,beauty
100223,51.7,99.7,41.4,7.97,67.15,0.485,10.4,23.1,3,2,2.4,10.4,5,47.8,2055,desktop,South,basic,groceries
100224,41.8,49,22,2.51,33.76,0.662,8.1,56.7,2,0,9.4,5.2,,49.6,1129,desktop,South,basic,
100225,18,62.1,23.3,4.59,70.02,0.208,21.1,88.4,4,2,53.2,9.5,4.72,60.4,1976,tablet,West,basic,beauty
100226,43.5,79.7,32.1,8.88,88.79,0.385,10.8,41.9,2,2,4.3,6.8,5,43.2,2697,desktop,South,plus,
100227,45.7,41.5,34.3,10.08,62.81,0.496,10.2,24.2,1,2,2.3,6,5,42.2,2141,desktop,West,basic,groceries
100228,47.3,73.5,44.8,7.84,86.87,0.232,13.3,37.9,1,2,4.6,13.9,4.82,53.2,2260,mobile,South,basic,groceries
100229,35,,10.9,4.75,95.01,0.314,7.1,90.8,5,4,19.9,5.1,4.04,53.4,2508,mobile,South,basic,home
100230,33.3,79.3,35.9,8.1,28.72,0.552,9.5,,1,2,5.6,22.3,,32.6,1399,mobile,Midwest,plus,home
100231,38.2,59.8,45.3,8.58,72.82,0.561,8.4,32.8,1,1,3.5,13.2,5,53.1,1971,desktop,South,basic,groceries
100232,35.2,56.5,37.6,7.31,34.28,0.832,8.9,20.5,1,0,9.4,4.7,5,53,1768,mobile,Midwest,basic,home
100233,39.8,64.8,56.7,7.54,60.32,0.461,10.4,42.1,4,5,0.8,2.9,,58.5,2186,desktop,West,plus,home
100234,34.2,72.3,31.7,6.74,68.44,0.349,8.8,32.9,6,2,12.7,12.4,5,44.2,2174,mobile,Midwest,basic,electronics
100235,41,52.2,20.5,4.69,36.78,0.516,23.5,77,0,2,18.5,7.7,5,65.7,1296,desktop,West,plus,groceries
100236,42.9,60.4,1,4.17,41.44,0.422,9.6,28.5,1,3,3,5.7,5,50.2,1595,desktop,South,basic,groceries
100237,43.3,98.9,10,3.53,49.62,0.58,19.7,85.4,3,0,13,12,5,51,1679,mobile,Northeast,basic,groceries
100238,25.6,94.2,15.6,8.07,83.44,0.439,10.1,76.1,4,3,7.5,16.5,,59.1,2088,desktop,Northeast,basic,beauty
100239,36,83.2,22.5,4.35,46.21,0.484,8.7,69.5,1,2,22.6,13.3,5,48.6,1411,desktop,West,plus,groceries
100240,19.7,67.5,19,3.42,27.37,0.609,15.4,53.4,0,1,11.6,0.2,5,59.8,1221,desktop,West,basic,home
100241,35.3,,28,4.74,34.11,0.45,18.8,17.2,0,2,5.4,10.1,5,36.1,1607,,Midwest,basic,
100242,47.4,107.3,44.1,4.36,94,0.352,3.8,,2,2,41.5,9.4,5,56.8,2474,mobile,West,premium,electronics
100243,44,46.2,9,7.36,35.74,0.447,10.3,21.8,2,0,11.1,6.4,5,46.3,1769,desktop,Midwest,basic,home
100244,52.3,56.1,22.7,8.24,30.51,0.724,5.6,51,3,2,6.5,9,5,50.3,1895,desktop,West,basic,groceries
100245,27.7,,1,8.12,48.48,0.283,10.8,64.9,2,2,13.4,12.5,5,43.8,1738,mobile,South,basic,groceries
100246,40.7,96,39.4,8,112.93,0.113,2.4,,2,1,28.4,9.9,5,54.3,3165,mobile,South,premium,groceries
100247,43,,1,7.45,75.09,0.83,11.5,41.7,0,2,9,2.4,4.85,51.1,1923,desktop,Northeast,plus,groceries
100248,46.5,164.2,45.3,2.89,121.31,0.193,7.5,79.8,2,2,25.9,8.1,5,57.1,2344,desktop,Midwest,plus,electronics
100249,22.2,,20.1,9.54,22.07,0.717,4.3,71.6,0,0,6.5,5.2,5,59.5,1469,mobile,Northeast,basic,groceries
100250,28,42.1,22.4,3.54,40.93,0.704,12.9,61,1,1,31,6.2,5,62.4,1173,tablet,South,basic,electronics
100251,38.2,125.3,46.5,7.44,74.67,0.16,6.6,116.7,1,3,3.3,8.6,5,55.2,1554,tablet,Midwest,plus,electronics
100252,24.3,76.6,32,1.83,64.09,0.236,20.4,71.4,4,5,26.4,7.6,3.8,44.7,1818,mobile,Northeast,premium,groceries
100253,50.8,56.4,38,2.08,112.57,0.075,3.3,85.1,2,0,16.6,7.5,5,48,2500,mobile,Northeast,premium,home
100254,31.5,74.5,28.8,2.69,129.09,0.278,9.4,49.6,2,0,24.8,15.2,4.16,52.4,3093,mobile,West,premium,
100255,26.5,89.3,1.5,2.95,117.59,0.25,12.8,95,4,3,50.8,13.5,4.44,57.9,2491,tablet,Northeast,basic,
100256,52.7,68.7,47.7,10.05,78.2,0.411,6.3,50.9,1,1,0,17.3,5,62.4,2275,mobile,South,plus,home
100257,39.1,110.8,60.4,6.92,91.15,0.037,13.1,,1,1,8.4,6,5,65.8,2532,mobile,West,premium,groceries
100258,42.2,41.4,13,7.81,25.27,0.476,9.4,28.4,1,1,0.9,5,5,48.1,1281,desktop,Northeast,basic,groceries
100259,41.1,67.1,42.4,7.69,62.8,0.501,11.9,40.4,7,4,15.3,14.9,5,55.4,2311,mobile,Midwest,premium,electronics
100260,34.1,76.3,24.7,9.22,68.26,0.382,6.7,70.7,2,3,3.5,9.2,,50.6,1978,mobile,West,plus,groceries
100261,41.5,123.4,31.9,4.45,133.51,0.321,0.1,,0,2,20.1,11.5,5,56.2,3404,mobile,Northeast,premium,
100262,30.3,85.7,30.5,11.32,61.7,0.484,9.2,43.1,2,2,9.9,10.3,5,34,2315,tablet,Midwest,plus,groceries
100263,34.3,57,19.3,3.54,32.85,0.596,14.9,71.1,2,1,6.5,6.1,5,47.3,1438,desktop,West,plus,home
100264,31.3,53.1,37.9,5.31,28.46,0.584,13,92,2,0,10,10.3,5,43.5,1170,tablet,Northeast,basic,beauty
100265,62.3,83.5,82.6,5.91,64.62,0.126,8.3,58.2,1,1,25.4,10.4,5,46.3,1862,mobile,Northeast,plus,
100266,23,73.3,22,0.3,62.68,0.294,25.3,127.8,4,2,13.2,15.6,3.58,60.5,1662,mobile,Northeast,plus,groceries
100267,49.3,76.9,57.9,7.42,74.4,0.561,14.6,38.5,0,2,11.1,5.4,5,59,1884,desktop,Midwest,basic,home
100268,55.1,,28.3,8.46,72.19,0.364,7.7,62,0,2,9.5,16.7,5,52.6,2163,desktop,Midwest,basic,electronics
100269,44,97.9,17.3,6.43,68.02,0.107,7,56.8,1,3,16.6,7.8,5,40.2,2281,desktop,Midwest,premium,groceries
100270,42,72.9,20.7,10.86,62.17,0.275,6.8,17.1,1,1,8.2,17.8,5,47.1,2118,mobile,South,plus,groceries
100271,55.9,74.8,36.2,6,85.93,0.322,8.1,55.7,2,1,16.7,16.6,5,68.4,2181,mobile,West,basic,
100272,33.6,134.1,14.6,2.76,76.74,0.304,4.9,,1,1,0.9,8.8,5,57,1844,mobile,West,basic,groceries
100273,38.9,71.5,40.2,5.95,66.99,0.556,13.5,86.7,3,3,17.2,5.6,,56,2252,desktop,Midwest,premium,groceries
100274,33.5,62.6,7.3,3.06,91.28,0.262,18.3,105.4,2,3,37.6,14.3,4.29,52,2014,mobile,West,plus,electronics
100275,49.1,90.7,42.5,3.18,115.91,0.002,8.5,43.2,0,2,16.8,16.7,4.43,30.9,2235,mobile,South,plus,groceries
100276,41.4,69.2,15.8,5.37,74.74,0.488,15.9,69.8,4,6,34.8,7.7,3.83,61.6,1962,mobile,Northeast,plus,home
100277,51.8,86.4,38.8,7.26,23.47,0.53,13.2,37.9,2,0,12.4,6.3,5,33.2,1331,desktop,South,basic,beauty
100278,24.2,71.4,40.1,5.95,29.2,0.73,11.2,75.8,1,1,14.1,5.7,5,58.8,1606,,West,basic,groceries
100279,21,59.9,22.7,5.58,25.54,0.566,12.5,,0,1,6.5,5,5,41.6,1646,mobile,Midwest,premium,beauty
100280,20.2,103.6,11.7,2.35,90.23,0.28,21.3,75.2,1,1,14.2,6.8,,64.1,2151,mobile,West,premium,groceries
100281,47.2,109.5,41.7,5.17,105.41,0.273,4.3,91.8,1,1,0.7,9.2,5,52.2,2346,mobile,West,plus,groceries
100282,39.8,,9.5,3.69,32.71,0.617,10.7,51.6,2,2,21.2,8.8,4.5,56.2,1174,desktop,South,basic,groceries
100283,39.2,75.9,38.9,4.66,31.28,0.662,10.2,44.5,1,1,21.8,4,4.71,61.4,860,desktop,South,basic,groceries
100284,37.2,64.6,14.5,4.78,28.83,0.329,10.8,96.2,0,0,13.1,12.1,5,70.3,663,tablet,Northeast,plus,groceries
100285,38.5,111.6,50.4,1.78,84.64,0.006,11.4,74.1,1,2,19.4,15.3,4.18,43.1,1566,desktop,Northeast,plus,home
100286,46.5,54.4,29.3,7.2,56.21,0.541,9.4,32.3,5,4,1.9,12.5,5,57.1,1934,mobile,South,plus,
100287,39.4,,5,11.02,50.74,0.461,7.2,60.3,2,2,16.9,17.5,5,58.4,2294,mobile,South,premium,home
100288,37.8,66.5,20.8,3.87,106.21,0.229,13.5,53.5,1,2,10.5,14.5,3.65,48.8,2695,desktop,South,premium,electronics
100289,44.7,88.4,25.9,3.59,29.63,0.433,13.3,36.1,1,2,23.5,7.9,4.64,61.3,866,mobile,South,basic,
100290,42.8,90.6,29.3,3.42,78.89,0.213,7.9,104.3,2,3,19,16.2,,64.1,1958,mobile,Midwest,premium,home
100291,42.9,60.6,18.1,5.34,16.09,0.332,5,,4,1,14.2,10.4,5,57.3,1007,mobile,West,basic,beauty
100292,56.4,104.6,46.9,4.55,133.85,0.032,8.8,69.8,3,3,14.8,7.7,5,55.3,3228,mobile,West,premium,electronics
100293,56.5,64.6,48.3,7.16,27.85,0.497,5.2,55.4,3,1,5.7,10.4,5,48.8,1347,desktop,Midwest,premium,groceries
100294,46.2,46.9,39.6,6.45,51.72,0.479,10.8,32.9,0,2,1.8,4.2,5,74.2,1423,mobile,South,plus,groceries
100295,47,110,35.7,6.31,102.6,0.207,11.2,,2,3,14,8.7,5,49.4,2622,mobile,Northeast,premium,groceries
100296,27.6,56.5,10.7,3.04,41.89,0.823,2.5,28.6,0,2,14,3.8,4.88,47.2,1339,desktop,South,plus,groceries
100297,50.5,,29.5,4.17,28.8,0.592,12.3,66.6,1,0,8.4,3.3,,61.3,1352,desktop,South,basic,groceries
100298,42.9,82.3,40.3,6.39,112.45,0.278,8.5,62.6,0,1,22,6.1,5,46.9,2756,mobile,West,premium,home
100299,42.1,103,14.4,2.32,92.55,0.345,12.8,48.8,0,2,18,10.6,4.44,56.5,2580,mobile,Northeast,premium,electronics
100300,26.4,145.9,21.8,6.14,76.68,0.134,5.2,76.6,2,3,26.4,10.6,5,58.8,2614,mobile,Northeast,plus,electronics
100301,37.1,95.1,21.7,2.73,61.61,0.049,29.2,125.4,3,1,0,6.2,5,67.2,1329,,South,basic,beauty
100302,21.8,67.4,1,5.47,35.04,0.639,11.9,47.1,2,0,0,9.4,5,40.6,1379,desktop,Northeast,premium,groceries
100303,44.9,136.8,34.7,5.03,89.06,0,16.1,58.6,1,4,7.1,7.1,,50.2,2182,mobile,Northeast,premium,home
100304,28.7,77,14.7,4.13,28.94,0.612,15.8,,5,0,20.5,12.8,4.96,76.8,1147,desktop,West,plus,beauty
100305,60.3,111.6,4,4.64,109.06,0.127,7.8,52.2,3,2,28.5,11.3,,48.8,2489,desktop,Northeast,plus,home
100306,44.7,42,21.4,6.09,26.8,0.681,12,,2,1,16.2,5.3,4.75,55.2,1325,mobile,Midwest,plus,groceries
100307,49.4,83.1,37.5,6.41,62.25,0.48,10.4,68.9,2,2,13.2,12.5,5,56,1868,mobile,Northeast,premium,
100308,27.1,59.3,38.1,2.28,27.82,0.63,10.7,55.3,2,0,7,6.5,4.79,49.7,743,desktop,West,basic,groceries
100309,43.9,,41.3,6.26,113.18,0.2,7.9,56.7,2,3,38,15.9,5,55.8,3435,mobile,Northeast,premium,
100310,55.1,33.6,19.6,4.16,21.52,0.784,11.5,55.9,1,1,12.4,5.7,4.53,49.6,1002,mobile,Midwest,basic,beauty
100311,43.1,85.3,40.4,4.57,107.42,0.136,11.4,36.6,2,0,22.6,14.9,5,50.5,2265,mobile,South,premium,groceries
100312,46.4,96,66.5,5.3,101.87,0.234,9.9,66.2,2,1,7.5,9.1,5,57.7,2475,mobile,West,basic,home
100313,33.1,105.1,25.1,7.26,60.19,0.404,15.3,52.5,2,1,2,6.8,,46.2,1931,desktop,Midwest,premium,home
100314,32.8,25.8,24.3,5.38,33.51,0.734,12.6,38.7,1,1,8.3,12.9,5,52.4,1412,mobile,West,plus,groceries
100315,48.6,42.4,25,6.21,16.7,0.619,5.9,48.3,4,3,0.6,2.8,4.9,56.5,832,desktop,Midwest,basic,electronics
100316,46.5,101.4,32.4,5.55,91.97,0.188,6.4,69.3,2,0,19,8.6,5,53.4,2352,desktop,Northeast,premium,home
100317,36.5,73.9,42.8,3.36,66.57,0.386,7.9,28.7,1,2,13.1,21.3,2.71,39.4,1473,tablet,South,basic,
100318,32.2,112.7,26.5,4.29,102.91,0.211,7.9,32.7,3,1,10.5,14.9,5,53.2,2602,mobile,West,premium,groceries
100319,36,83.1,25.9,5.98,71.74,0.217,13,48.9,3,3,16.5,9.8,5,62.3,2327,mobile,South,basic,home
100320,42.9,65.5,19,4.64,41.98,0.589,5.1,41.6,2,3,14.9,11.3,4.96,62.1,1463,,West,basic,groceries
100321,35.9,54.8,23.8,5.85,23.32,0.742,3.1,50.5,3,2,13.7,2.7,,56.4,838,desktop,South,basic,beauty
100322,42.2,88.4,14.3,6.45,51.72,0.479,10.8,32.9,0,2,1.8,4.2,4.65,51.9,1556,desktop,South,plus,electronics
100323,43.2,116.5,35.7,2.09,88.31,0.29,9.2,35.2,1,2,13.1,8.4,4.46,56.4,2155,mobile,Midwest,premium,home
100324,32.9,114.3,1.1,3.02,59.29,0.341,17.5,60.1,1,1,29.7,10.2,5,46.8,1499,mobile,Northeast,basic,home
100325,43.1,114.8,26.3,9.66,51.31,0.499,9.3,42.9,3,4,16.2,9.5,,31.4,1910,mobile,Midwest,plus,home
100326,42.5,71.1,31.7,8.36,60.24,0.565,13.9,27.5,3,0,0,14.9,5,52.6,1946,mobile,South,plus,home
100327,45.6,119.7,21.5,4.28,88.87,0.174,9.2,76.2,1,0,14.7,14.1,5,59.3,1918,mobile,West,plus,home
100328,31.1,100.7,38.4,3.7,126.74,0.194,1.9,73.4,0,1,18.4,20.8,3.54,44.9,2743,mobile,Northeast,premium,groceries
100329,44.9,111.2,35.2,3.99,147.77,0.116,7.7,33.4,2,3,20.1,11.1,5,49.7,2731,mobile,Northeast,plus,home
100330,31.4,56.1,37.7,5.23,118.21,0.008,0.8,,0,1,16.5,15.8,,48.5,2308,desktop,Northeast,plus,home
100331,49.8,84.4,42.5,4.04,80.96,0.177,6.6,72.9,1,1,4,5.6,5,52.6,1784,mobile,South,plus,electronics
100332,48.8,,39.5,12.7,67.25,0.341,14.2,26.4,0,1,5.5,16.7,5,60.6,2477,desktop,Midwest,plus,beauty
100333,56.3,95.8,32.5,4.58,85.39,0.099,16.6,98.9,1,1,12.4,6.2,4.86,56.6,2268,desktop,Northeast,premium,groceries
100334,50.7,,50.2,3.74,90.65,0.225,5.3,74.7,1,0,16.5,15.4,5,57.7,2682,mobile,West,premium,home
100335,42.1,88.2,31.9,5.34,92.31,0.139,4.6,83.6,1,0,14.6,6.4,5,46.6,2364,tablet,West,plus,beauty
100336,36.4,57.6,9.2,6.88,50.09,0.489,6,22.2,0,1,9,4.5,5,54.1,1654,desktop,South,plus,home
100337,51.4,40.2,28.8,1.05,20.54,0.784,4.2,11.7,1,0,0,9.3,4.26,50.1,767,mobile,West,plus,groceries
100338,49.1,51,24.6,8.07,89.47,0.287,14.4,33.9,0,2,14.9,11.8,5,66.7,2587,tablet,Midwest,premium,electronics
100339,47.9,81.5,16.7,3.59,19.04,0.45,8.9,66.5,3,0,17.9,11.1,5,57.2,865,desktop,South,plus,beauty
100340,37.7,91.3,18.7,4.25,114.23,0.015,14.5,64.9,1,1,13.5,13.1,,46.2,2483,desktop,Midwest,premium,home
100341,38.4,73.1,4.6,5.3,42.13,0.741,11.8,69.5,3,1,20.1,8.4,4.98,53.1,2733,mobile,Midwest,plus,home
100342,31.8,78.9,19.1,4.07,64.19,0.169,6.9,52.7,2,0,14,15.7,4.5,57.4,1625,desktop,West,basic,home
100343,41.9,89.9,28.6,4.22,115.16,0.325,11.8,113.4,0,0,21.5,4,5,50.2,2860,desktop,West,premium,
100344,34.8,70.6,12.8,4.23,50.59,0.149,13.1,69.2,6,3,26.4,15.1,3.6,44,1418,mobile,Northeast,basic,electronics
100345,51,98.2,40.7,9.02,63.61,0.296,18.2,49.5,2,3,1.9,9,5,46.9,1994,mobile,Midwest,plus,electronics
100346,37.1,81.5,15.9,2.93,49.54,0.138,18.5,60,2,7,37.2,6.3,4.18,40.4,1573,mobile,South,plus,electronics
100347,44.7,77.3,41.1,3.01,78.47,0.147,9.1,50.4,1,3,0,13.6,,43.2,1667,mobile,West,plus,electronics
100348,34.9,118.8,19.2,4.19,88.22,0.167,9.2,43.4,0,1,19.2,19.2,4.88,44.7,2366,mobile,Midwest,plus,beauty
100349,34.8,71.4,25.7,7.93,26.99,0.676,12.7,55.6,2,1,7.6,15.8,5,43.8,1381,mobile,South,basic,groceries
100350,35.8,61.6,14.9,5.55,83.55,0.155,23.4,129.2,3,5,14.2,1.8,5,55.3,2168,mobile,Midwest,basic,groceries
100351,48.8,97.1,22.3,7.17,59.2,0.333,5.2,20.2,2,2,11.4,15.2,5,54.7,1567,mobile,South,basic,home
100352,33.6,64.5,36.2,10.27,36.52,0.445,7.4,34.6,0,2,4,6.6,5,56,1786,desktop,Midwest,basic,electronics
100353,43.9,64.5,18.1,8.32,23.88,0.591,7.7,94.6,3,3,3.5,3.7,5,43.6,1253,mobile,Midwest,plus,
100354,18,76.3,35.8,7.15,19.78,0.797,21.3,62.8,0,1,0,11.2,5,48,1063,mobile,South,basic,groceries
100355,26.6,119.6,26.3,4.1,101.33,0.098,2.8,28.6,0,2,8.6,13.6,4.09,43.6,2544,tablet,South,plus,electronics
100356,45,62.4,29,4.2,99.28,0.225,8.1,21.3,2,2,14.9,4.4,4.51,48.7,2741,mobile,Midwest,premium,home
100357,44.9,,1.9,4.94,41.96,0.517,18,,0,0,18.1,8,4.85,45.1,1527,mobile,Northeast,basic,groceries
100358,22.4,63.7,17.9,2.08,29.12,0.783,14.8,,0,0,15.8,10.4,4.66,53.6,991,mobile,West,basic,home
100359,55.4,117.8,28.5,5.03,122.68,0.177,13.5,75.5,0,0,11.4,16.5,5,52.9,3030,desktop,Northeast,basic,groceries
100360,59.3,48.1,20,8.39,43.97,0.767,9.9,53.5,1,2,2.5,5,5,49.8,1691,mobile,West,basic,groceries
100361,32.3,37,23.9,3.64,21.6,0.586,10.8,49.8,1,1,20.4,10.1,4.08,47.7,902,mobile,Northeast,premium,home
100362,36.9,72.5,28.1,8.54,69.47,0.105,11.2,51.4,1,4,6.1,9.2,5,47.1,2003,desktop,South,basic,
100363,32.1,66.1,35,7.76,52.69,0.464,12,36.9,4,3,0,15.2,4.96,48.9,2141,mobile,South,premium,electronics
100364,29.1,89.4,31.7,7.41,70.71,0.276,2.7,,6,4,13.9,18,4.9,53,2158,desktop,Northeast,premium,electronics
100365,45.3,56.2,40.8,8.52,48.35,0.597,8.1,43.9,1,2,3.5,4.1,5,65,1985,mobile,South,basic,electronics
100366,23.7,77.1,4.7,3.5,65.64,0.258,27.6,62.7,4,3,29.9,11.1,5,55.5,1668,mobile,Midwest,premium,groceries
100367,32.6,70.5,29,6.02,45.61,0.312,15.2,53,4,3,9.9,15.9,,49.2,1765,mobile,Northeast,basic,electronics
100368,54,56.1,47.5,6.6,34.53,0.726,8.9,64.1,3,0,5.8,8.7,5,47.3,1622,mobile,Midwest,plus,groceries
100369,48.3,,30.8,4.88,34.74,0.672,18.3,66.3,2,3,6.9,12.2,,42.7,1027,mobile,South,basic,home
100370,32.7,,9.5,4.88,31.74,0.637,15.5,59.5,1,1,3.5,9.3,5,66.4,1098,mobile,West,basic,groceries
100371,32.9,,7.6,3.22,19.98,0.566,2.6,28.4,0,1,21.7,0.2,5,48.3,885,mobile,West,basic,groceries
100372,25.8,,5.3,7.54,25.48,0.531,15.6,,0,0,17.4,4,5,60.7,1458,mobile,West,plus,groceries
100373,57.8,48.2,26.8,3.72,68.93,0.281,3.5,44.9,1,2,18.8,12.3,4.99,38.8,1858,mobile,South,premium,beauty
100374,28.6,75.2,10.1,3.37,34.92,0.149,11.3,127.7,5,3,28.5,8.9,,45.9,1068,tablet,West,basic,beauty
100375,38.2,70.9,32.3,6.63,23.69,0.703,4,,2,2,20.1,6.4,4.73,59.5,1125,tablet,West,plus,groceries
100376,35.6,98.1,30.1,4.91,82.68,0.221,12.5,71.6,0,1,0,9.2,5,40.8,1947,mobile,Midwest,premium,home
100377,39.1,81.4,17.8,9.08,57.43,0.408,17.9,56.5,2,3,0,1.1,5,50.3,1890,mobile,South,basic,home
100378,38.7,105.5,19.7,1.83,117.32,0.027,3.3,72.7,0,0,17,8.1,5,63,2748,mobile,South,plus,beauty
100379,47.8,85.8,47.6,9.15,66.89,0.374,8.4,65.2,1,0,5.6,12.7,5,67.4,2008,tablet,Northeast,plus,home
100380,47.6,64.5,27.5,6.54,39.35,0.508,0.2,67.8,3,0,7.9,7,5,51.2,1431,mobile,South,basic,home
100381,44.3,96.2,8,9.26,74.58,0.306,12.8,57.2,1,3,8.2,8.5,5,55,2173,desktop,South,basic,electronics
100382,39.6,80.9,78.6,5.43,90.94,0.143,14.8,88.2,1,2,14,7.2,5,54.6,2186,mobile,Midwest,basic,electronics
100383,26.4,89.4,10.1,3.87,68.4,0.277,9.7,131.7,4,3,18.7,5.2,,63.8,1678,tablet,Midwest,plus,groceries
100384,19.5,127.8,24.2,3.7,86.25,0.369,15.2,100.1,1,2,15.1,8.1,4.86,54.1,2319,tablet,South,basic,groceries
100385,39.9,80.1,32.5,11.14,43.06,0.61,11,13.4,0,1,16,12,5,51.3,1767,desktop,Midwest,plus,groceries
100386,44.6,65.4,41,5.46,58.68,0.432,10.6,39.8,2,1,19.8,9.9,5,52.8,1839,desktop,South,basic,
100387,40,86.2,24.3,2.59,96.53,0.331,29.2,54.7,5,3,23.5,1.8,4.4,62.7,2090,mobile,West,basic,beauty
100388,50.8,81,31.4,8.7,71.73,0.641,11.3,52.1,2,6,5.6,2.3,5,62.4,2071,mobile,South,plus,groceries
100389,29.1,63,10.7,2,76.07,0.467,16,,3,5,36.3,12.9,,37.6,1687,mobile,Midwest,plus,groceries
100390,51.8,73.1,33.2,6.7,32.16,0.761,13,81.5,0,2,9.3,12.3,5,54,983,mobile,Northeast,basic,electronics
100391,32.2,79.7,6.8,9.03,74.08,0.227,8.5,36.2,1,1,1.6,11.9,,49.8,2425,mobile,West,premium,home
100392,34.3,,62.2,6.18,131.53,0.051,2.7,76.8,0,1,17.2,6.7,5,53,3137,tablet,Northeast,premium,electronics
100393,43.5,88.6,21.8,5.45,77.9,0.253,6.4,,2,0,16.1,7.4,,41.6,1804,mobile,Midwest,premium,home
100394,42.3,99.1,48.7,3.93,104.45,0.153,11.9,71.8,3,0,3,12.5,3.52,43.7,2816,desktop,Midwest,premium,beauty
100395,32.4,85.1,11.5,6.38,31.97,0.385,17.5,54.2,2,2,12.4,4.4,4.87,58.7,1407,,Northeast,basic,home
100396,30,53.3,25.6,5.18,25.89,0.509,11.9,,2,1,18.6,7.9,4.43,52.9,1372,mobile,Midwest,basic,beauty
100397,31.2,43.3,27.8,8.15,23.01,0.706,15.2,50.4,2,0,12.7,8.9,4.9,63.1,1529,mobile,Midwest,basic,groceries
100398,54.3,120,22.4,5.95,94.69,0.234,3.7,65.4,2,3,9.8,10,5,36.8,2524,mobile,Northeast,premium,home
100399,40.3,68.2,44.7,9.96,88.14,0.365,13.1,,2,4,5.7,14.2,5,46.8,2625,desktop,Northeast,premium,electronics
100400,38,76.8,16.2,4.83,43.32,0.527,6.6,65.5,0,1,16.5,12.8,5,41.3,1390,desktop,Midwest,plus,beauty
100401,27.9,73.1,14,5.11,111.34,0.34,19.8,83.7,3,4,25.3,19.6,3.53,53.7,2488,mobile,West,basic,
100402,34.6,,20.7,10.44,50.16,0.315,5,54.5,2,4,10.5,16.2,5,48.7,1913,desktop,South,plus,groceries
100403,38.9,105.4,26.5,8.33,80.23,0.533,14.3,51.3,0,2,8.7,9.5,5,54.7,2492,desktop,Northeast,plus,groceries
100404,24.7,56.5,5.6,6.63,32.9,0.468,8.3,40.3,1,2,20.3,10.1,5,49.6,2040,tablet,South,basic,groceries
100405,38,70,28.2,5.38,49.33,0.321,16.5,101.7,4,3,14.4,6.3,,56.8,1742,mobile,Northeast,basic,groceries
100406,45.8,64.2,22.4,4.78,26.62,0.705,7,97.4,2,0,27.9,8.9,,64.8,1567,desktop,West,premium,home
100407,43.8,77.2,8.7,5.67,51.75,0.386,10.7,42.3,0,2,6.7,9.6,5,48,1367,desktop,South,basic,groceries
100408,37.6,37.5,23.6,7.51,49.66,0.484,12.3,37.1,0,2,6.3,10.6,5,46.3,1727,desktop,Northeast,plus,electronics
100409,37.1,80.7,9.4,9.83,55.99,0.658,4.4,26.8,1,0,5,16.4,5,59.5,1998,mobile,West,premium,groceries
100410,29.2,64.4,41.2,4.21,33.03,0.712,8.5,,0,1,16.2,11.3,5,51.3,1109,mobile,Midwest,basic,groceries
100411,35.3,99.9,3.6,2.54,73.04,0.103,20.3,82,5,2,31.3,17.7,3.78,56.6,1677,mobile,Northeast,premium,
100412,28.1,54.8,32.8,6.44,37.04,0.573,5,61.9,0,0,8,5.1,4.85,63.1,1648,desktop,West,basic,groceries
100413,44.9,69.8,17.4,8.82,108.48,0.269,8.7,103.8,0,0,11.7,9.1,5,63.3,3119,mobile,West,premium,groceries
100414,38.6,103,20.2,3.59,96.78,0.33,9.2,13.7,2,1,36.6,11.2,5,54.1,2488,mobile,West,plus,groceries
100415,42.9,64.6,40.3,9.33,66.48,0.287,9.5,67.3,0,0,15.4,14,5,61.5,2107,desktop,West,basic,groceries
100416,47.7,88.1,10.7,2.91,62.61,0.426,9.9,94.9,3,2,7.3,8.5,4.79,51,2055,mobile,South,basic,electronics
100417,44.7,76.5,14.7,2.09,116.95,0.111,9.2,81.1,1,3,24.6,8.3,5,50.9,3066,mobile,Midwest,premium,beauty
100418,44.7,74.1,19.3,5.47,39.33,0.619,0.4,,2,4,8.8,13.8,4.01,53.6,1074,mobile,South,basic,beauty
100419,30.3,57.8,23.2,6.87,23.96,0.763,13.4,74.7,2,1,7,5.5,5,68.3,730,tablet,West,plus,groceries
100420,38.5,88.1,47.5,2.93,104.09,0.309,9.3,114,1,4,18.7,11,4.78,56.3,2380,desktop,Northeast,premium,electronics
100421,39.2,51.1,33.2,5.31,49.55,0.473,0.2,24.7,3,1,18,10.8,4.6,43,1477,mobile,South,plus,groceries
100422,36.9,27.5,14.8,6.23,17.2,0.441,13.5,87.4,1,1,11.4,8.8,5,50.2,1410,mobile,West,basic,home
100423,47,45.4,26.9,6.53,56.73,0.293,14.9,52.2,4,0,11.9,16.2,4.82,49.6,1723,mobile,Northeast,basic,groceries
100424,39.1,88.8,1,2.78,53.54,0.253,13.7,93.9,2,3,24.6,8.2,4.22,44.8,1507,desktop,West,basic,electronics
100425,34.5,40.2,24.8,5.79,24.32,0.633,5.9,49.8,2,1,0,4,5,46.3,1141,mobile,Midwest,basic,groceries
100426,54.3,67.2,29.5,7.39,48.33,0.436,11,27.1,1,1,10.8,12.8,5,40.5,1647,desktop,South,plus,
100427,57.2,69.1,19.3,2.94,47.94,0.597,15.7,48.4,0,0,8.2,6.7,5,51.2,1902,mobile,Northeast,basic,beauty
100428,36.1,122.5,23.1,3.08,97.71,0.13,6.7,65.4,0,0,19.8,10.2,5,51.1,1995,,West,plus,groceries
100429,51.9,,27.9,8.56,51.37,0.286,10.8,34.1,4,6,18.6,22.8,2.71,59.9,2146,mobile,Midwest,premium,electronics
100430,38.9,64.2,26.3,6.84,21.07,0.293,15.6,36.7,0,2,6.2,11.3,5,52.9,789,tablet,West,basic,groceries
100431,34.7,70.3,53.6,6.7,58.18,0.721,9.4,7.7,6,1,4.1,16.2,3.79,50.8,2077,tablet,South,plus,beauty
100432,62.6,62.6,13.5,8.11,14.89,0.567,18.3,69,3,1,26.6,6.4,4.83,49.9,1201,mobile,South,basic,beauty
100433,51.9,84.2,34.8,3.65,93.78,0.182,5.5,98.9,2,1,16.8,11.6,5,45.7,2279,mobile,Midwest,basic,groceries
100434,44.5,70.5,32.1,8.09,65.49,0.403,8.9,43,4,0,18.2,8.6,5,54.9,2000,mobile,South,basic,groceries
100435,43.1,42.3,11,6.23,25.4,0.762,4,30.9,1,2,26.4,5.3,5,44.6,1276,desktop,West,plus,beauty
100436,33.1,,12.4,6.86,21.62,0.655,11.8,,3,2,0,9.5,5,67.2,1202,mobile,Midwest,basic,
100437,39.5,84.4,14.5,2.79,30.91,0.123,19.5,121.4,3,4,27.1,8.7,5,50.1,721,mobile,West,basic,home
100438,43.2,76.1,5.2,7.75,70.78,0.434,4.3,39.7,5,3,5.6,11.7,5,49.4,2436,mobile,West,basic,groceries
100439,38.4,59.8,20.1,4.79,35.65,0.636,10.7,46.7,2,0,17.1,6.4,4.96,53.7,837,desktop,West,plus,home
100440,54.4,,55.1,5.96,59.78,0,3.6,71.2,0,1,10.7,14.7,5,52,2171,desktop,South,premium,beauty
100441,42.4,79.4,17,6.86,72.74,0.42,8.4,64.2,1,1,13.6,12.7,5,48.5,2248,desktop,West,plus,electronics
100442,59.8,,42.7,5.63,60.31,0.207,5.5,77.6,0,2,4.7,12.9,5,48.1,2141,mobile,Northeast,basic,electronics
100443,48.3,39.6,16.4,2.81,29.64,0.417,17.9,39.7,2,0,27.1,8.1,5,66.9,1267,tablet,South,premium,groceries
100444,52.1,114.3,7.7,6.05,88.94,0.273,1.2,29.4,0,1,17.9,17.3,5,59.8,1886,desktop,Northeast,plus,electronics
100445,32.6,,14.4,3.43,71.4,0.187,12.2,57.3,3,2,17,3.4,5,43.2,1853,mobile,Northeast,basic,home
100446,32.7,73.9,24.7,3.3,42.45,0.621,10.6,74,2,1,19.6,10,4.23,65.6,1197,desktop,West,basic,home
100447,28.4,79.9,15.6,5.15,78.18,0.277,15.7,90.4,5,4,31.7,3.9,4.74,60.9,1871,tablet,Northeast,premium,electronics
100448,52.1,71.3,9.8,5.81,28.27,0.299,3.8,47.3,3,5,10.6,10.4,5,39.1,1893,mobile,West,basic,groceries
100449,18,,36.2,5.24,34.75,0.578,11.1,57.2,1,3,14.4,5.9,5,43.3,1156,mobile,Midwest,plus,groceries
100450,35.8,99.2,27.6,3.67,50.89,0.385,24.6,101.5,2,3,5.6,5.7,,69.5,1562,mobile,West,basic,groceries
100451,25.4,66.9,25.4,9.01,42.33,0.424,16.1,72.5,1,1,15.5,7.9,5,81.7,2307,desktop,Midwest,basic,electronics
100452,27.5,55.5,11.6,5.23,44.84,0.704,8.4,82.8,3,0,8.7,6.2,5,60,1565,desktop,West,basic,beauty
100453,40.8,63.6,26.6,4.39,41.89,0.695,9.8,85.3,0,0,5.8,5.8,5,55.8,1256,desktop,South,basic,home
100454,45.7,100.2,6.1,9.26,77.96,0.361,6.4,57.8,1,2,3.7,6.8,5,55.5,2537,desktop,South,basic,beauty
100455,30.1,107.5,45.1,5.13,131.45,0.27,5.8,,2,2,19.6,8.3,5,50.9,3381,mobile,South,premium,electronics
100456,47.8,85.7,41.7,5.78,68.45,0.391,8.7,18.8,5,3,1.7,8.4,5,32.7,2277,mobile,Midwest,premium,home
100457,47.7,58.6,43.5,4.33,83.38,0.263,8,30.2,3,1,25.1,11.2,5,54.6,1903,desktop,South,premium,groceries
100458,41.5,20,42.7,7.42,38.23,0.572,13.3,42.5,2,2,8.1,10.9,5,72,1561,mobile,West,basic,groceries
100459,28.5,68.3,23.4,1.1,57.32,0.501,16.2,59.1,4,6,39.9,10.2,3.3,53.6,1947,tablet,West,premium,groceries
100460,43.7,88.8,13.7,3.23,24.72,0.742,17.3,38.4,2,0,12.3,0.2,4.7,56.7,1204,mobile,South,plus,
100461,30.9,,6.9,5.94,36.54,0.343,14.2,52.3,1,4,20,13.5,4.21,69.4,1332,mobile,Northeast,plus,groceries
100462,38.4,94.6,8.6,6.96,67.21,0.284,24.6,48.9,2,1,25,5.7,5,51.6,2025,mobile,West,basic,groceries
100463,38.2,,11.1,2.93,77.16,0.12,12,107,2,3,31,10.3,3.68,58.2,1616,mobile,South,basic,groceries
100464,39.4,78.1,31.6,4.52,52.57,0.474,7.2,35.4,0,2,10,7.1,,34.1,1381,desktop,West,basic,electronics
100465,30,53.1,1.2,7.21,52.53,0.141,22.2,126,2,1,1,9.8,5,59.8,1504,tablet,West,basic,home
100466,23,88.3,16.6,2.99,96.51,0.274,8.4,,4,1,44.2,17.5,,47.8,2058,mobile,South,basic,groceries
100467,41.8,87.3,12.9,2.44,75.47,0.187,20,126.4,2,1,25.2,0.2,,56,1785,mobile,Northeast,basic,groceries
100468,46.3,74.3,12.1,4.32,115.76,0.303,7.3,88.1,1,2,15.8,6.3,4.9,65.5,2685,desktop,Northeast,premium,beauty
100469,50.8,120.4,23.8,2.04,94.35,0.168,8.2,23.9,0,1,10.9,14.8,4.63,58,2452,mobile,West,premium,home
100470,44.7,90.4,57.6,8.68,42.5,0.279,7.3,48.5,0,1,18.8,13.8,5,61.3,1443,tablet,Midwest,basic,groceries
100471,52,157.9,22.5,4.07,81.61,0.102,6.1,53.7,0,2,21.2,11.6,5,33.9,1789,mobile,West,plus,groceries
100472,36.7,103,28,6.51,79.49,0.32,9.1,81,1,0,14.9,10.7,5,53.8,2342,mobile,West,premium,groceries
100473,20.2,87.5,20.9,4.53,65.54,0.443,12.6,,3,1,8.3,10.6,4.75,71.9,2088,mobile,South,basic,groceries
100474,50.8,156.6,46.2,2.58,82.45,0.041,3.4,37.5,1,2,13.6,6.9,,35.5,1737,mobile,Northeast,basic,electronics
100475,33.7,83.7,12,3.89,65.04,0.396,23.6,138,2,3,9.8,2.1,5,64.8,2053,mobile,South,premium,home
100476,52.9,69.8,22.8,6.18,65.8,0.404,7.4,,0,1,10.4,8.7,5,46.5,1711,mobile,Midwest,basic,electronics
100477,32.8,,21.6,6.18,22.6,0.457,14.6,46,0,0,21.1,10,5,43.4,992,mobile,West,basic,home
100478,57.4,98.4,35.6,3.51,110.84,0.119,5.7,88.9,1,0,19.8,7.6,5,65.9,2566,tablet,Midwest,plus,
100479,32,66.9,26.5,3.56,32.25,0.641,16.8,28.4,2,0,14.8,13.2,3.18,60.2,1167,desktop,West,basic,
100480,36.8,120.9,54.9,1.68,120.33,0.28,3.6,50.2,1,1,10.6,10.4,5,48.9,3042,desktop,Midwest,premium,beauty
100481,49.6,,23.6,5.35,55.15,0.361,6.4,54.1,3,0,12.2,10.5,5,40.3,1736,mobile,Midwest,basic,groceries
100482,41.2,137.8,41.1,5.37,110.36,0.083,11.2,77.7,3,1,30.4,0.9,,51.4,2443,mobile,Northeast,plus,home
100483,29.2,60.1,8,6.77,24.58,0.452,0.2,41,0,0,22.4,16.7,5,37.4,1553,mobile,West,premium,home
100484,47,82.4,23.2,7.16,82.81,0.134,6.2,,3,1,7.6,13,5,57.1,2428,mobile,West,premium,groceries
100485,40.8,117.9,1,2.9,107.08,0.357,6.9,75.7,0,1,15.6,15.5,5,49.8,2423,tablet,West,basic,groceries
100486,40.9,78,30.4,4.33,162.01,0.102,6,34,2,2,10.1,12.5,4.88,49.7,3785,mobile,Midwest,premium,electronics
100487,38.1,65.8,30.8,10.21,66.49,0.358,9,36.2,3,1,0,12.9,5,46,2206,desktop,West,basic,groceries
100488,25.7,91.5,21.4,2.95,104.5,0,15.7,83.8,5,3,23.2,12.5,4.91,55,2643,mobile,South,premium,groceries
100489,39.1,,15.9,7.48,22.71,0.525,6.6,32.1,2,4,5.7,6.8,5,59.2,1459,mobile,Northeast,basic,groceries
100490,28.4,,17.1,6.06,45.74,0.502,8.2,17.8,2,3,9.8,11.2,5,37.9,1656,mobile,South,basic,groceries
100491,51,58.8,14.9,9.11,34.1,0.32,7,44.3,1,1,19.5,7.2,5,60.4,1848,desktop,Midwest,plus,groceries
100492,45.8,63.3,22.6,3.8,37.66,0.59,15,78.3,2,2,24.1,9.9,4.69,50.2,1613,desktop,West,basic,groceries
100493,45.3,57.8,31.3,5.24,39.51,0.98,13.2,72.1,1,2,16.4,9.4,4.64,64.5,1709,mobile,West,premium,groceries
100494,30.7,92.5,13,3.22,44.83,0.295,10.4,96.3,2,1,43.6,9,4.71,48.9,1269,desktop,South,plus,groceries
100495,28.2,88.8,37.3,7.53,56.18,0.459,12.6,52.3,3,4,5.8,13.4,5,51.3,1702,mobile,Midwest,basic,groceries
100496,38.9,48.3,1,1.61,49.71,0.112,16.4,85.8,4,5,30.5,4.3,,65.5,1287,,South,basic,home
100497,35.8,102.1,4.3,1.18,49.06,0.199,18.9,32.7,1,2,28.6,5.7,4.03,41.9,1418,tablet,Midwest,premium,groceries
100498,40.3,72.9,41.7,8.98,68.4,0.331,8.3,54.8,2,2,19.6,9.9,5,44.7,2292,mobile,Midwest,premium,electronics
100499,23.4,72.7,19.3,2.93,87.34,0.124,21,91.6,7,2,28,5.6,,53.4,1975,tablet,Northeast,plus,home
100500,44.5,84.6,38,2.83,37.82,0.498,7.6,49.5,1,0,0,11.4,5,35.6,1288,,Midwest,basic,home
100501,47.7,55.8,37.6,7.26,30.51,0.714,15.2,,1,1,8.2,8.4,5,45,1486,desktop,Midwest,plus,groceries
100502,29,61.9,20.5,4.86,98.99,0.238,24.1,140.4,1,0,18.9,8.4,5,59.2,2247,mobile,Northeast,plus,groceries
100503,38.7,77.2,18.8,10.13,59.76,0.247,11.7,33.4,2,6,8.1,12.7,,45,2400,desktop,South,plus,home
100504,39.5,75.7,42.5,9.03,71.91,0.616,14.4,31.9,0,2,0.5,7,5,48.3,2174,mobile,Midwest,plus,electronics
100505,38.4,97.4,11.6,5.81,76.18,0.739,8.1,37.3,2,4,11.6,13.3,4.54,48.8,2350,desktop,South,basic,
100506,33.7,63.8,9.9,2.74,112.5,0.324,15.5,,7,0,30.9,10.4,5,67.5,2600,mobile,Northeast,basic,home
100507,38.1,73,34.5,6.33,41.78,0.854,9.5,50.5,2,2,6.1,4.1,5,59.2,1608,mobile,West,basic,beauty
100508,39.3,87.7,55.8,2.45,96.79,0.157,8.6,59.4,3,0,9.7,10.2,4.32,53.5,1872,mobile,Northeast,basic,home
100509,28.4,51.2,37.3,6.63,52.28,0.522,9.5,33.3,2,1,5.5,10.1,5,44.2,1836,desktop,South,basic,home
100510,41.8,89.2,25.7,9.86,65.45,0.17,4.6,52.8,2,1,10.3,6.3,5,55.3,1877,desktop,South,basic,home
100511,28.7,120.8,26.6,2.58,81.1,0.303,16.6,91.2,2,2,24.9,10,4.36,64.5,2213,mobile,Northeast,basic,groceries
100512,33,59.1,37.9,4.81,41.23,0.47,0.2,36.6,1,0,23,8.3,4.93,53.2,1277,mobile,West,plus,groceries
100513,62,64.6,12.3,4.4,73.97,0.329,22.5,89.1,4,3,20.4,1,5,40.7,2377,desktop,Northeast,basic,home
100514,28.4,61.9,18,4.17,79.35,0.357,8.4,78.2,4,3,17.2,11.1,5,65.7,1621,mobile,West,premium,groceries
100515,51.8,63.8,19.8,5.75,60.07,0.525,8.3,57.8,2,3,17.5,12.9,4.61,52.3,1628,,Northeast,basic,electronics
100516,45,115.3,51.8,3.39,109.6,0.17,6.5,56.3,4,0,17.4,4.6,5,46.3,2550,mobile,Northeast,premium,home
100517,46.1,23,36.7,3.5,14.18,0.851,9.9,,4,1,9.6,9.9,5,63,996,mobile,Northeast,basic,home
100518,49.9,104,27.4,6.43,77.32,0,1.3,130.1,1,3,0,10.3,4.85,43.4,2148,mobile,Northeast,basic,electronics
100519,68,122.2,48.9,2.61,77.74,0.148,12.1,69.9,0,2,15.3,18.1,,57.9,1127,mobile,Northeast,basic,home
100520,34.8,145.2,41.4,3.35,100.53,0.234,8.9,62.1,1,4,14.4,12.8,4.66,43,2334,tablet,Midwest,basic,groceries
100521,33.6,118.8,22.7,4.5,88.61,0.165,6.8,84.5,2,1,24.4,8,4.69,58.8,2134,mobile,West,premium,electronics
100522,47.7,95.8,27.6,5.15,109.9,0.301,8,66.8,2,2,16.6,10.2,4.34,59.1,2735,mobile,West,premium,electronics
100523,32.5,112.5,16.2,2.71,76.36,0.445,21.5,80,4,2,33.8,3.9,4.73,44.6,2068,mobile,West,basic,groceries
100524,51.9,90.8,18,8.09,67.53,0.612,3.7,46.9,2,1,2.1,11.1,5,53.8,1687,desktop,Midwest,basic,
100525,34.7,90.2,55.1,3.68,95.6,0.134,1.2,51.6,0,1,17.3,11.3,4.53,46.4,2135,desktop,South,premium,home
100526,42.2,,28,12.08,53.66,0.45,11.1,42.2,2,1,9.2,14.2,5,59,2321,tablet,South,premium,groceries
100527,33.2,38.9,19.7,8.14,65.98,0.54,12.6,34.5,1,1,7.3,15.5,5,55.7,2071,desktop,Midwest,basic,home
100528,36.2,102.2,28,7.44,64.48,0.428,14.1,69.8,3,5,9.3,11.9,5,53.6,1830,mobile,Northeast,basic,groceries
100529,44.8,59.6,14.8,5.54,31.03,0.64,7.4,38.5,0,1,22.8,1.9,5,45.2,1479,mobile,Midwest,basic,electronics
100530,53.4,55.6,24.4,7.18,61.21,0.039,8,53.7,2,5,17.6,19.9,,47.4,1455,mobile,West,basic,electronics
100531,38.3,84.5,31.5,6.41,101.29,0.171,6.6,,1,2,12.5,9.7,5,75.7,2730,desktop,West,premium,groceries
100532,34.7,70.5,28.3,6.96,54.21,0.388,7.7,64.1,2,3,0,18.8,4.19,37.6,1422,desktop,Northeast,plus,home
100533,33.1,65.9,34.1,2.67,60.12,0.374,20.5,71.7,3,0,28,15.4,3.31,57.8,1551,mobile,West,basic,groceries
100534,53.5,,57.8,4.02,102.64,0.224,7.1,68.4,1,0,18.6,13.3,5,57,2151,mobile,West,premium,beauty
100535,25.2,48.8,33.4,5.8,24.65,0.475,3.7,40.1,0,0,13.7,8.6,5,45.1,1617,desktop,West,premium,beauty
100536,47.2,,36.6,6.16,27.3,0.76,18.5,71.6,2,0,18.6,9.9,5,62.2,1346,mobile,Northeast,plus,home
100537,43.7,43.9,17.6,5.07,27.8,0.547,18.6,60.3,2,0,14.3,7.9,,57.9,878,desktop,Midwest,basic,home
100538,41.7,77.2,34,5.69,66.33,0.584,8,30.4,3,1,11.8,5.5,5,50.7,2367,desktop,South,premium,
100539,23.5,,4,3.48,50.36,0.243,22.4,63.7,4,2,26.4,10.3,4.76,62.2,1731,tablet,West,basic,groceries
100540,40.6,36.9,12.3,3.02,23.74,0.751,5.2,5.6,0,0,11.3,6.1,5,38.5,942,tablet,Northeast,basic,groceries
100541,51.4,66.8,32.1,3.9,79.69,0.12,5.5,,0,1,8.9,6.4,5,48.1,2189,mobile,Northeast,premium,home
100542,28.2,83.4,36.6,7.62,59.87,0.401,10.6,23.7,2,2,10.6,15.2,5,60,2236,mobile,West,premium,groceries
100543,18.9,77.7,8.4,3.38,66.43,0.335,17.4,93.7,3,3,39,9.2,,44.1,1947,mobile,Northeast,plus,groceries
100544,30.1,,20.4,4.19,87.72,0.018,22.9,96,1,1,13.3,12.9,5,49.5,1930,mobile,Midwest,basic,groceries
100545,49.8,59.2,27.6,2.94,40.82,0.616,1.8,6.9,2,3,9,0.2,4.11,44.9,916,desktop,South,basic,groceries
100546,48,125.1,19.9,3.04,113.94,0.15,9.1,71.3,2,1,9.1,5.9,5,57,2490,mobile,Midwest,plus,home
100547,29.7,93.6,35.4,7.12,57.28,0.613,11.3,63.9,2,2,10.9,11.5,5,48.5,2011,desktop,Midwest,basic,groceries
100548,31.6,26.8,10.6,6.73,30.72,0.559,12,,1,0,10.9,5.6,5,52.1,1323,mobile,Midwest,plus,groceries
100549,38,80.4,32.7,4.51,39.47,0.716,12.7,43.6,1,1,7.9,6,4.59,45.4,1441,,South,basic,home
100550,33.8,62.2,1,3.99,27.01,0.535,11.1,38.5,4,0,26.3,3.8,3.29,67.6,731,desktop,Northeast,plus,home
100551,44.5,61.3,19.7,5.79,22.5,0.775,6.9,,1,1,5.1,2,5,53.8,1088,mobile,Midwest,basic,home
100552,21.5,74.7,3.5,6.4,26.61,0.912,27.7,65.2,1,0,6.6,9.8,5,56.4,1362,tablet,Midwest,basic,home
100553,36.7,,30.2,3.79,88.5,0.363,10.1,51.5,2,3,16.5,6.2,4.23,69.6,2319,mobile,South,premium,home
100554,37.2,79.5,11.7,7.01,48.3,0.46,10.7,19,2,4,11.2,5.3,,53.9,1744,desktop,West,basic,electronics
100555,37,71.5,32.5,5.41,111.18,0.487,22.7,109.3,1,1,14.5,9.3,5,62.4,2841,desktop,West,plus,home
100556,39.6,100.9,29.8,7.86,58.78,0.349,14.6,26.5,1,2,18.2,9,5,59.6,2249,,South,plus,home
100557,29,34.1,10.3,7.41,43.63,0.863,10.7,41.1,1,2,13.2,0.2,5,41.3,1840,desktop,Northeast,plus,groceries
100558,29.6,49.5,18.8,5.47,26.11,0.418,12.7,63.7,0,1,5.1,5.6,4.68,69.6,1226,tablet,Northeast,basic,
100559,22.4,40.8,14.8,5.94,24.86,0.639,16.9,,2,2,1.1,5.1,5,55.6,1258,mobile,West,basic,beauty
100560,46.8,79.6,3.2,7.35,27.01,0.7,10.5,77.5,1,0,4.8,2.6,5,67.3,1426,mobile,South,basic,home
100561,34.9,62.6,29.2,5.79,45.07,0.549,10.1,67.9,0,0,8.1,10,5,63.8,1667,desktop,Midwest,plus,groceries
100562,49.3,102.7,29.3,3.3,101.84,0.172,2.6,67.8,1,0,33.5,5.4,4.91,54.9,2386,mobile,Northeast,premium,beauty
100563,30.9,87.6,13.8,3.18,45.98,0.191,15.2,,2,4,14.6,3.9,4.15,56,1341,mobile,West,basic,groceries
100564,42.3,95.9,37.2,4.23,53.05,0.352,14.3,30.1,1,1,8.7,10.2,5,48.3,1961,mobile,South,premium,
100565,49.9,99.2,52.3,6.83,125.24,0.175,8.1,93.4,3,3,21.5,16.8,5,52.3,2857,desktop,West,premium,
100566,18,50.3,39.3,7.13,30.85,0.933,16,28,0,2,19.1,8.2,5,52.3,1509,mobile,Northeast,plus,beauty
100567,53.9,91.7,37.1,3.4,88.95,0.164,3.2,,0,2,16.3,6.9,5,48.7,2640,,West,premium,home
100568,50,109.3,39.5,5.83,99.62,0.32,15.9,71.8,0,2,19.2,4.7,5,57.5,2621,desktop,Midwest,basic,groceries
100569,42.5,67.7,34.8,8.71,56.96,0.525,9.4,,1,4,5,9,5,44.9,1773,mobile,South,basic,groceries
100570,32.2,64.9,20.1,8.4,64.89,0.446,11.6,48.3,3,2,3.1,16.2,5,66,1889,mobile,South,basic,beauty
100571,30.5,103.8,20.6,7.59,42.81,0.166,30.7,112.8,3,2,42.2,12.1,5,56.5,1563,mobile,Northeast,basic,groceries
100572,42.7,83.9,37.3,6.2,26.57,0.689,7.9,62.5,2,0,11.5,8.9,4.57,61,976,tablet,Midwest,basic,beauty
100573,43.3,68.1,21.2,5.61,31.19,0.862,13.4,61.5,2,2,13.4,14.1,5,62.3,1637,mobile,Midwest,basic,groceries
100574,51.9,49.1,25.8,6.37,35.65,0.604,5.6,64.4,0,0,20.6,1.8,4.25,44.1,1551,mobile,West,basic,home
100575,43.4,86.2,20.3,10.34,55.82,0.74,17.9,43.1,1,3,1.2,12.6,5,56.7,2038,desktop,Midwest,basic,electronics
100576,28.7,106.1,28,1.61,75.88,0.154,17.9,67.2,1,3,18.1,6.9,5,68.5,2037,mobile,Northeast,basic,home
100577,37.3,66.7,46.9,7.45,67.02,0.356,7.9,10,5,1,13.5,6.1,5,39.9,2039,desktop,Northeast,plus,groceries
100578,47.5,114.2,33.8,9.09,63.72,0.229,12.3,74.9,5,5,2.2,11.1,5,42.2,2228,mobile,South,premium,groceries
100579,57.7,59.7,28.7,6.07,31.03,0.631,8.4,43.5,2,0,2,7.6,5,46.9,1047,mobile,West,basic,groceries
100580,30.6,83.9,30.6,8.84,59.67,0.525,8.9,45.9,3,3,14.6,9.5,5,54.7,2493,mobile,Midwest,basic,groceries
100581,41.1,52.6,38.3,5.3,42.13,0.741,11.8,69.5,3,1,20.1,8.4,4.78,44.4,1526,desktop,South,basic,home
100582,31.1,96.6,21,5.52,94.22,0.372,20.1,96.1,3,3,0.2,7.3,5,62.9,2397,tablet,South,basic,groceries
100583,36.6,97,34.2,4.65,58.26,0.546,10.7,,0,1,8.7,9.2,5,71.1,2001,,South,premium,groceries
100584,37.2,115.5,36.3,6.74,43.96,0.313,2.2,35,1,1,20.8,11.1,5,49.8,1953,tablet,Northeast,premium,groceries
100585,54.8,61.5,37.3,7.41,44.51,0.38,6.7,62.7,2,0,3.2,7.4,5,41.3,1757,desktop,South,basic,groceries
100586,27.9,81.9,37.1,7.76,47.39,0.582,4.4,76.5,1,1,14.4,12.9,5,46.2,2278,desktop,South,premium,home
100587,33.5,85,5.2,2.35,59.44,0.389,12.5,47.3,4,4,18.9,9.9,3.85,53.6,1525,mobile,Northeast,plus,electronics
100588,35.8,85.2,20.9,10.85,62.91,0.365,9.7,66.5,2,3,0,2.6,5,49.5,1870,mobile,South,basic,home
100589,47.2,74.8,29.1,10.86,33.82,0.581,0.2,45.4,3,2,22.1,9.9,5,49.6,1990,mobile,West,plus,electronics
100590,37.7,72.2,24.6,6.85,33.19,0.512,18.9,88.7,3,3,25.3,7.9,5,47.6,1496,mobile,Northeast,plus,electronics
100591,49.4,98.9,14.6,2.74,35.14,0.492,8.6,,2,1,2.8,4.4,4.48,41,1049,mobile,South,basic,beauty
100592,37,83.2,47.5,4.14,67.22,0.183,10.3,76.9,1,2,14.9,10.5,5,60.9,1765,mobile,Northeast,basic,groceries
100593,36.7,73.4,8.2,7.21,39.51,0.619,6.7,6.3,1,4,17.7,1.5,5,48.7,1509,tablet,Northeast,basic,groceries
100594,22,,18.3,6.49,56.87,0.185,8.5,,2,1,33.8,15,4.9,61.2,1732,mobile,West,basic,groceries
100595,45.5,86.8,12,9.52,27.96,0.538,6.7,35.9,0,2,17.6,20.7,5,60.4,1557,mobile,South,basic,groceries
100596,31.7,,13.1,5.93,56.61,0.13,11.1,51.3,1,4,24.7,9,,43.7,1780,tablet,Midwest,plus,electronics
100597,21.1,50.3,31.3,7.84,17.17,0.68,6.4,,4,1,39.7,5.8,4.63,56.9,1226,mobile,Midwest,plus,
100598,46.3,69,22,6.52,24.59,0.47,11.2,31.2,2,0,12.1,8.9,5,51.3,803,tablet,South,plus,groceries
100599,40.6,70.4,15.5,6.39,19.88,0.647,12,51.1,3,2,12.2,7,5,48.1,994,mobile,South,plus,home
100600,39.5,75.9,29,3.24,67.42,0.402,21.2,97.8,2,3,18.4,9.8,4.64,55.9,1574,mobile,West,plus,groceries
100601,47.2,50.8,27,7.28,24.46,0.69,8.7,67.4,1,0,19.4,3.5,5,55,1081,mobile,West,basic,groceries
100602,43.7,62.1,17.8,8.36,36.79,0.269,5.1,37.6,4,3,13.4,13.7,5,64.8,1399,mobile,Northeast,plus,electronics
100603,33.1,120.1,13.4,4.71,61.62,0.112,11.2,57.6,3,4,6.2,8.5,4.3,45.9,1811,mobile,West,plus,electronics
100604,37.9,,1,3.5,82.29,0.321,10.2,124.5,3,3,31,5.7,3.31,45.3,2232,desktop,Midwest,basic,groceries
100605,40.3,65,16.6,8.85,77.43,0.456,11.2,48.8,2,1,11.3,16.5,5,62.4,2340,mobile,West,basic,groceries
100606,32.2,94.5,39.3,4.31,76.93,0.235,7.6,77.2,0,1,21.3,10,5,48.4,2142,mobile,West,premium,electronics
100607,39.5,144.4,24.2,1.93,98.01,0.217,4.9,37.6,3,1,31.5,7.9,5,50.5,2336,desktop,Northeast,premium,beauty
100608,36,94.2,27.2,8.13,64.28,0.613,6.5,62.9,0,1,8.4,13.2,5,51,1588,tablet,West,basic,home
100609,32.7,62.5,20.6,6.91,36.89,0.601,3.5,75.4,1,3,9.4,9.4,5,45.7,1490,,Midwest,basic,groceries
100610,46.2,82.3,16.1,7.08,44.56,0.417,7.9,84.3,0,1,4.1,8.3,5,61.9,1658,desktop,West,plus,groceries
100611,39.8,59.2,21.4,5.73,44.73,0.448,10.5,,1,1,17.9,2.9,5,54.1,2091,desktop,South,premium,beauty
100612,43.8,109,45.4,4.65,92.97,0.237,6.4,57.8,0,2,11.4,9,5,65.6,2511,desktop,West,premium,home
100613,35.5,62.4,25,2.58,31.04,0.664,15.5,51.1,2,1,6.8,12.6,4.83,71.1,972,mobile,West,basic,groceries
100614,42.7,81.6,19.8,10.65,76.3,0.342,7.8,64.6,1,3,1.2,7.5,,53.2,2400,mobile,South,plus,electronics
100615,45.8,88.1,19,11.21,79.46,0.198,15.2,40.9,1,3,11.3,13.5,5,61.2,2458,tablet,Midwest,plus,home
100616,26.4,73.9,14.3,1.75,41.26,0.411,11.8,47.4,1,0,18.2,3.1,5,48.2,1645,desktop,West,basic,
100617,18,83.3,34.8,3.63,45.07,0.569,14.7,51.5,2,0,5.7,6.5,5,57.3,1308,desktop,West,basic,groceries
100618,36.4,,29.7,8.36,57,0.579,5.8,52.3,3,2,8.4,12.4,5,56.2,2262,desktop,West,basic,groceries
100619,36.3,100.3,25.2,9.1,55.51,0.556,9.1,30.3,5,0,14.3,15.7,5,51.9,2193,desktop,Midwest,basic,home
100620,42.9,95.9,18.9,12.74,71.18,0.276,21.8,38.4,1,1,16.2,18.4,5,60,2417,desktop,Midwest,plus,groceries
100621,47.2,62.8,15.5,10.79,50.13,0.722,13.6,43.3,1,2,16,8.8,5,51.1,1851,mobile,South,plus,groceries
100622,46.7,40.9,26.6,3.75,29.17,0.688,7.8,69.1,1,0,19.8,9.9,4.61,39.8,1298,desktop,Midwest,premium,groceries
100623,39.5,60.1,7,3.5,36.51,0.559,11.6,,0,0,14.6,10,5,53.6,1337,mobile,Midwest,plus,home
100624,37.4,80.7,22,3.33,73.38,0.523,22,115.9,3,4,41.3,12.5,4.84,56.6,1790,tablet,West,basic,groceries
100625,48.5,57.8,1,8.62,60.6,0.451,8.1,72.4,2,1,8,9.4,5,49.6,2270,mobile,West,premium,home
100626,48.1,,48.1,7.74,48.84,0.592,3.4,20.9,2,3,15.9,14.5,4.91,42.7,1805,mobile,South,plus,electronics
100627,27.6,65.6,25.1,5.78,25.97,0.746,2.2,55.6,2,1,2.6,2.8,5,48.1,958,mobile,West,plus,home
100628,25.3,64.6,30.2,5.58,37.59,0.667,10.5,19.2,1,2,11.7,4.2,5,58.7,1170,mobile,Midwest,plus,beauty
100629,44.4,91.5,23.7,9.13,71.63,0.583,8.6,68.8,0,0,7.5,12.6,5,69.1,2339,mobile,South,plus,groceries
100630,30.3,63.6,6.4,2.33,58.75,0.342,15.6,,9,5,22.5,7.8,2.97,52.1,992,mobile,Midwest,basic,electronics
100631,28.1,,1,3.69,52.86,0.877,10.5,29.2,6,0,3.4,7.3,,42.6,1038,desktop,South,plus,groceries
100632,29.7,61.2,25.9,5.87,46.82,0.608,11.2,46,0,2,11.3,6.5,5,67.4,1648,mobile,Northeast,basic,groceries
100633,20.6,70.8,34.1,8.67,41.56,0.734,6,89.2,1,0,1.7,9.6,5,45.3,1508,desktop,South,basic,groceries
100634,40.6,64.7,3.4,4.76,23.98,0.71,3,15.3,1,0,11.5,4.6,5,51.8,956,desktop,Midwest,basic,groceries
100635,53.6,112.9,50.1,6.22,121.36,0.184,8,77.9,1,2,20.7,12.8,5,50.8,3044,desktop,Northeast,premium,groceries
100636,27.7,78.6,18.6,5.58,60,0.027,18.1,60.1,4,1,23.2,9.1,5,51.5,2141,mobile,West,plus,beauty
100637,43.1,89,42.6,4.48,74.95,0.213,3.1,39.1,1,0,12.3,5.5,5,50.9,1925,mobile,Northeast,premium,home
100638,19.5,78.1,9.8,2.42,86.4,0.175,13.1,,1,3,20.7,5.3,5,43.9,2308,mobile,Northeast,plus,beauty
100639,22.9,123.1,77.3,2.64,119.24,0.083,6.7,71,1,1,21.6,2.5,5,33.7,2874,tablet,Northeast,premium,electronics
100640,40.7,122.8,14.1,3.59,108.02,0.412,17.2,,1,3,17.6,6.1,,53.6,2358,mobile,South,plus,
100641,36.5,,14.5,7.49,38.39,0.571,16.8,34.9,0,1,12,5.3,5,51.9,1337,desktop,Midwest,basic,home
100642,34,40.7,39.3,7.87,27.56,0.657,15.7,69.2,4,3,5.8,9.2,,55.7,1741,,Midwest,plus,groceries
100643,54.8,93.9,45.5,1.96,88.01,0.162,10.3,60.8,1,1,32.4,10.4,,64.9,2279,tablet,West,premium,groceries
100644,47.8,113.9,12.5,2.97,131.34,0.14,9.6,,1,5,24,4,4.52,67.7,2978,tablet,West,premium,electronics
100645,49.8,65.4,11.4,6.38,21.21,0.656,4.3,37.9,4,1,13.7,3.7,5,52.6,1280,mobile,South,basic,groceries
100646,38.2,71.4,18.4,8.13,55.96,0.441,7.1,24.6,0,2,19.2,18.6,5,39.9,1845,mobile,South,basic,groceries
100647,48.8,53.5,13.6,6.61,41.9,0.868,15.2,56.5,0,0,4.4,8.5,5,41.9,1832,tablet,Northeast,basic,groceries
100648,49.9,75.2,38.2,9.51,62.76,0.576,15.7,40.9,3,3,10.5,11.6,5,50.7,2268,desktop,South,premium,beauty
100649,57.8,95.2,26.4,9.32,57.19,0.325,7.3,50.6,2,2,8,8.8,5,55.2,1958,mobile,South,basic,groceries
100650,49.1,,27.6,8.02,47.19,0.317,5.8,19.3,2,4,10.2,12.2,5,42.5,1275,mobile,West,plus,electronics
100651,43.2,92,23.7,7.43,48.07,0.496,6.9,50,2,2,16.2,15.2,4.36,67,1965,desktop,Northeast,plus,electronics
100652,34.4,,9.3,4.58,66.26,0.093,26.6,85.7,2,2,27.9,13.4,,58.8,1855,mobile,Northeast,basic,groceries
100653,37,117.7,14.7,2.34,93.2,0.39,16.8,73.9,4,2,27.7,9.5,4.92,54.3,2071,mobile,West,plus,groceries
100654,18,53.3,27.8,3.83,100.88,0.174,22.9,29.7,2,5,14,11,5,63.6,2513,mobile,South,basic,beauty
100655,39.8,112,45.8,5.76,97.51,0.251,9,43.5,1,0,3.9,6.1,5,54.9,2600,desktop,Midwest,plus,groceries
100656,25.3,38.8,44.2,6.83,31.97,0.619,9.3,50.3,1,2,20.1,5.4,4.71,50.4,1171,desktop,West,plus,electronics
100657,26.3,86.7,19.7,4.91,51.89,0.285,20.5,,1,2,0,14.2,5,71.4,1118,mobile,South,basic,home
100658,34.2,67.4,20.5,7.39,35.05,0.611,16.4,88.6,2,0,19.1,6,5,62.5,1315,desktop,West,basic,groceries
100659,31.9,93,24.5,6.61,47.67,0.319,15.4,64.1,2,0,5.4,5.7,5,54.1,1724,desktop,South,basic,groceries
100660,35.1,87.4,27.3,5.24,32.24,0.564,10.7,59.1,1,2,10.7,5.1,5,52.4,1365,mobile,West,premium,
100661,24.1,59.8,1,4.88,47.77,0.389,23,,4,3,14.2,7,5,57,1636,mobile,South,premium,groceries
100662,60.8,102.1,25.9,6.4,77.53,0.49,7,34.6,1,0,12.8,11.6,5,62.5,2467,mobile,Northeast,premium,groceries
100663,47.1,103.7,16.4,3.2,84.61,0.162,6.1,38.5,1,0,20.5,4.6,,32.4,2023,desktop,Northeast,plus,groceries
100664,44.5,62.3,17.5,5.39,35.66,0.423,18.6,57.5,1,1,12.9,12.8,5,62,1837,desktop,West,premium,groceries
100665,36,97.3,17.9,7.27,50.74,0.408,9.2,66.8,5,2,22.1,5.9,5,49.8,1601,desktop,West,basic,groceries
100666,20.9,60,21.1,5.37,40.26,0.517,18.6,42.2,2,0,12.7,6.8,5,51.5,1352,,South,plus,groceries
100667,49.5,65.2,24.8,3.08,43.32,0.349,15,55.9,0,1,5.3,8.2,4.48,63.1,1299,desktop,Midwest,basic,home
100668,25.5,79.4,2.1,4.51,74.33,0.212,22.3,51.4,4,2,11.7,14,4.23,59.6,1962,desktop,West,plus,groceries
100669,30.7,126.6,2.9,0.3,95,0.244,20.5,115.4,0,1,8,5.5,4.66,51.8,1766,,West,basic,groceries
100670,45.2,76.5,47.2,9.66,38.56,0.374,14.5,31.7,1,1,9,13.8,5,59.6,1958,desktop,Northeast,premium,groceries
100671,29.8,79.3,7.7,2.21,82.04,0.168,14.2,135.4,5,6,29.3,14.4,,73.8,1694,tablet,West,basic,
100672,46.2,94.7,23,4.79,65.11,0.289,3.1,7.5,1,2,15.1,25.8,3.17,47.5,2004,desktop,Midwest,basic,home
100673,37.7,41,41.7,6.59,26.31,0.551,9.3,72.5,0,1,7.5,2.1,4.68,40.3,1161,desktop,West,basic,groceries
100674,40.2,71.2,30,6.63,80.28,0.357,10.8,32.8,3,3,4.2,12.7,4.72,38,2067,mobile,Northeast,basic,groceries
100675,36.5,70.1,15.9,6.33,71.49,0.03,2.1,74.7,0,1,8.4,10.3,5,63.5,2078,mobile,West,premium,
100676,60.6,100.1,10.2,6.35,60.67,0.59,4.3,,1,1,0,8.9,5,49.6,2237,mobile,Midwest,premium,groceries
100677,37,122.5,13.1,5.17,94.4,0.325,6.5,76.2,3,4,29.6,11.3,5,46.3,2602,mobile,West,premium,electronics
100678,47.8,94.5,45.9,5.65,108.08,0.189,7,63.8,1,2,27.3,5.8,5,51.3,2669,mobile,Midwest,premium,electronics
100679,41.3,96.2,54.2,4.37,82.56,0.153,8,16.1,1,2,13.8,6.8,5,60.4,1982,mobile,West,premium,electronics
100680,39.9,98.5,39.5,5.78,91.52,0.192,0.1,77.3,3,2,20,5.5,4.65,29.8,2767,mobile,Northeast,premium,electronics
100681,26.9,69.2,19.8,3.39,68.71,0.164,15.4,86.3,5,1,18.4,5.3,5,63.6,1946,mobile,West,plus,beauty
100682,44.6,140.7,12.3,5.01,106.75,0.068,1.6,,4,3,16.9,8.1,5,49.3,2579,mobile,West,premium,electronics
100683,37.7,56.2,11.8,4,32.67,0.554,3.4,57.8,0,1,9.6,10.8,5,56.8,1453,desktop,Midwest,basic,groceries
100684,41.7,70.9,30,5.57,31.42,0.525,23.4,45.4,0,2,7.9,8.4,5,52.4,1215,mobile,West,plus,home
100685,43.8,63,33,6.36,88.19,0.199,2.9,72.4,0,1,13.6,8.6,5,60.2,2370,desktop,South,basic,home
100686,48.6,,47.6,7.67,45.6,0.299,5.4,57,4,3,20.6,6.9,5,58.6,1594,desktop,West,basic,home
100687,47.1,57.6,30.9,7.59,43.88,0.454,13.6,60,2,1,14,16.6,4.91,40.9,1654,mobile,Midwest,basic,
100688,42.1,110.1,42,4.96,129.94,0.218,0.1,,0,1,16.1,11.2,5,33.7,2936,mobile,Northeast,basic,home
100689,51.9,48.2,16.9,8.28,35.99,0.502,12,48,5,3,20.9,12,5,49.5,1722,desktop,Midwest,premium,groceries
100690,39.6,27.4,1,3.64,29.02,0.524,11.7,,1,1,15.8,11.1,4.39,52.7,958,desktop,South,basic,home
100691,51.7,55.7,31,6,26.15,0.51,20.7,53.3,2,0,0.8,4,5,64.7,1240,tablet,West,basic,groceries
100692,39.7,71.9,25.7,12.58,41.02,0.371,15.4,62.5,2,3,10.8,17,,69.6,2013,mobile,South,plus,home
100693,50.7,76.8,46.3,4.33,77.03,0.339,6,57.9,1,0,9.1,21.8,4.08,52.4,2245,desktop,South,premium,groceries
100694,41.7,125,44.3,4.16,103.7,0.331,4.5,47.6,0,1,19.6,14.8,5,59.5,2699,mobile,Midwest,premium,groceries
100695,32.6,110.3,18,1.84,89.78,0.039,12.3,103.2,2,3,21.2,7.5,4.89,59.7,1894,mobile,Midwest,basic,groceries
100696,39.4,92.6,43.7,7.86,65.47,0.527,15.5,28.8,2,0,13.5,14.3,5,44.2,2449,desktop,South,premium,groceries
100697,39,46.1,20.7,6.26,10.39,0.633,12.7,38.7,2,1,12.7,8.1,5,38.8,737,mobile,South,basic,groceries
100698,43.3,51.6,16,7.68,35.88,0.896,9.1,38.1,2,4,14.8,4.8,5,65.3,1514,mobile,West,plus,electronics
100699,49.9,87.7,8.4,8.56,61.93,0.394,10.7,27.8,0,2,8.8,6.4,5,35.8,2080,mobile,South,premium,home
100700,32,128.8,31,10.08,43.98,0.456,8.6,39.5,3,3,17.2,14.9,5,62.9,2154,mobile,Northeast,basic,groceries
100701,50.5,74.8,48.5,4.88,99.17,0.171,11.8,66.3,4,3,26.2,20.8,3.8,66.1,2398,mobile,West,premium,groceries
100702,36.9,83.4,19.7,6.15,27.85,0.676,8.2,55.9,2,2,4.6,10.3,,69.3,1338,mobile,South,plus,groceries
100703,32.8,90.2,8.7,4.59,82.17,0.267,23,101.9,4,3,43.8,11.9,4.56,54.6,1710,mobile,West,basic,groceries
100704,42.1,96.8,22.6,4.86,74,0.272,6.2,87.4,2,1,23.9,13.5,5,39.3,1768,desktop,West,premium,groceries
100705,40.7,92.6,39.2,6.66,58.04,0.548,9,41.1,1,1,12.2,9.1,,60.7,1698,desktop,South,plus,
100706,57.3,84.8,42.2,5.02,75.78,0.19,7.1,45.2,2,3,0,5.4,5,52.2,2267,,Northeast,premium,electronics
100707,25.1,57.9,32.1,8.01,37.04,0.805,15.2,89.2,1,1,14.3,6.9,5,49.8,1182,,South,plus,
100708,46.4,,40.2,4.25,78.95,0.074,3.7,66.3,1,0,26.4,7,5,46.9,1745,mobile,West,basic,home
100709,48.6,79.4,16.9,2.01,34.95,0.512,9.2,31,4,1,8.8,5.9,4.02,57.9,828,mobile,Northeast,basic,groceries
100710,40,89.9,23.8,8.8,63.43,0.323,10.1,86.2,2,3,14.5,15.7,4.4,52.2,2260,desktop,South,basic,home
100711,33.6,54.2,14.9,5.19,27.67,0.326,14.7,80.4,1,2,7.5,7.2,5,44.7,1430,mobile,West,plus,electronics
100712,52.7,58.4,25,10.4,48.16,0.461,9.3,,0,2,13.4,10,5,57.1,1848,mobile,Northeast,plus,electronics
100713,40.9,53.6,28.9,5.96,62.06,0.411,14,59,0,0,7.7,10.2,5,67.1,1189,desktop,West,plus,beauty
100714,25.3,46.5,17.6,3.95,78.07,0.317,13.9,78.1,7,3,21,7.6,4.24,50.7,1871,tablet,Northeast,basic,groceries
100715,50.7,101.6,64.2,3.31,85.48,0,10.6,63.3,1,0,14.6,14.9,5,50,1306,tablet,South,plus,groceries
100716,44.7,93.9,22.9,4.94,41.43,0.275,2.7,27.6,0,2,12.5,19.7,3.43,41.6,1143,desktop,South,plus,groceries
100717,37.3,47.7,11.1,7.03,28.18,0.72,12.2,29.5,1,0,15.8,3.9,5,59.9,1058,tablet,South,basic,groceries
100718,26,58.6,10.6,4.06,38.5,0.701,4,12.6,1,1,12.8,4.2,5,50.7,1095,desktop,Midwest,basic,electronics
100719,41.2,90.3,37.8,5.14,65.23,0.241,0.1,78.7,1,0,18.4,4.1,5,44.3,1895,,West,basic,groceries
100720,35.1,77,8.1,3.05,37.13,0.803,11,,0,1,16.7,4.2,4.86,50.6,1426,mobile,West,basic,groceries
100721,50.3,65.5,9.6,8.38,73.32,0.427,2.6,51.8,3,0,6.2,13,5,48.6,2333,mobile,Midwest,basic,beauty
100722,29.9,49.1,37.7,6.09,26.74,0.463,18,60.2,1,1,20.1,16.7,4.18,56.3,1044,desktop,West,basic,
100723,18,,13.9,4.39,61.54,0.174,18.4,101,1,2,0,9.7,4.66,62.8,1511,desktop,Midwest,basic,groceries
100724,40.3,89.1,35.7,7.87,71.24,0.535,6.1,43.5,0,2,9.1,14.6,5,43.7,2050,desktop,Midwest,basic,groceries
100725,28.6,54,12.4,4.74,23.68,0.598,25.8,66.7,0,0,7.5,5.1,5,54.1,825,desktop,West,plus,beauty
100726,41.7,28.2,12.9,3.89,23.71,0.647,4.6,42.8,0,2,6.3,8.3,4.45,45.4,1614,tablet,Midwest,premium,electronics
100727,51.9,110.8,44.9,4.08,142.23,0.198,7.2,69.3,0,0,1.8,1.5,5,43.6,3393,mobile,Midwest,basic,groceries
100728,24.6,52.7,29.1,8.09,21.89,0.781,7.5,24.3,1,0,1,9.7,5,52.2,1116,,Northeast,plus,groceries
100729,37.3,57.7,25.6,7.02,30.66,0.645,6.1,47.9,1,0,11.1,2.4,5,56.8,1120,mobile,West,plus,groceries
100730,34.5,71.1,19.8,6.73,61.24,0.407,6.4,72.7,2,3,3.8,8.1,5,53,1880,desktop,Midwest,premium,home
100731,27.9,66.9,38.8,11.15,58.35,0.32,8,56.4,1,2,2,0.2,5,47.6,2209,desktop,Midwest,basic,electronics
100732,44,97,36.4,8.9,74.88,0.303,13.5,49.4,2,0,4.2,12.9,5,47.7,1905,mobile,Midwest,plus,groceries
100733,40,122.7,34.1,9.76,60.96,0.586,16.6,57.7,1,3,4.5,4.7,5,59.6,2269,tablet,Northeast,plus,home
100734,37,59.5,33.8,11.22,41.5,0.785,17,34.4,1,0,17.3,16,5,48.8,2137,,South,plus,groceries
100735,28.8,69.7,14.9,5.83,43.11,0.316,8.9,,1,1,3.7,13.5,4.98,54.6,1973,mobile,South,premium,groceries
100736,36.6,106,18.8,4.67,98.51,0.11,6.6,50.3,0,2,17.4,6.4,5,54.2,2601,mobile,South,premium,electronics
100737,49.7,76.1,25.6,8.28,81.63,0.364,9.2,49.2,0,2,12.3,4.5,5,58.1,2574,mobile,South,plus,beauty
100738,37.2,114.4,34.3,3.31,60.64,0.503,13.2,45.1,1,2,21.4,2.5,5,40,1301,desktop,Midwest,plus,groceries
100739,34.3,75.5,24.2,9.03,66.12,0.657,10.1,,2,1,1.2,7.4,5,36.9,1388,mobile,Midwest,plus,groceries
100740,28.1,100.4,23.7,4.14,67.22,0.183,10.3,76.9,1,2,14.9,10.5,5,58.5,2241,tablet,West,premium,groceries
100741,57.1,130.7,42.8,2.69,141.49,0.259,2.8,30.2,0,2,0,5.9,5,40.6,2977,tablet,Northeast,premium,groceries
100742,35.7,73,3.8,6.91,40.77,0.236,14,59.7,4,0,4.1,12,5,57.6,1433,desktop,South,plus,groceries
100743,42.5,96.3,17.1,8.46,72.62,0.455,9.3,76.2,0,0,9,4.6,5,61.1,2246,desktop,South,plus,home
100744,39.7,79.9,21.8,11.09,66.5,0.598,5.1,60.5,4,3,0,11.5,5,58.4,2365,mobile,Midwest,plus,groceries
100745,49.5,,26.5,5.85,98.41,0.194,4.3,51.3,3,3,8.3,12.7,5,50.4,2111,tablet,South,plus,home
100746,28.9,54.9,35.8,5.6,64.17,0.065,21.2,68.9,3,3,33.2,11.7,4.49,57.8,1894,desktop,Northeast,basic,groceries
100747,37.5,140.8,8.7,3.47,91.36,0.206,9.1,69.7,0,1,14.9,9,5,43.4,1926,mobile,Northeast,plus,groceries
100748,33.3,72,11.9,2.6,31.21,0.324,19.2,118.4,6,5,32.7,13.6,4.18,56.9,999,tablet,West,plus,
100749,22.8,115.3,2.2,2.84,84.81,0.326,9.5,69.4,2,2,23.2,7.5,4.83,46.3,1868,tablet,Midwest,basic,electronics
100750,54.3,158.5,32.3,4.82,112.67,0.215,7.9,122.7,2,2,17.2,11.9,,60.3,2646,desktop,Northeast,basic,electronics
100751,18.7,88.6,21.8,7.79,58.9,0.29,11.4,,2,1,26.8,7.9,5,60.6,1905,mobile,South,plus,
100752,28,53.9,27.1,6.08,33.8,0.269,18.1,79.2,0,0,2,13.7,5,55.2,884,desktop,South,basic,groceries
100753,27,62.6,11.5,4.12,33.1,0.636,12.8,50.9,0,0,2.6,12.3,4.28,74.7,1038,mobile,West,plus,beauty
100754,32.9,70.7,19.7,5.26,57.02,0.73,13.1,53.9,2,1,7.9,8.2,5,37.6,1648,mobile,Midwest,basic,electronics
100755,50,78,26.8,5.32,56.39,0.427,11.1,20,1,0,0,13.8,5,53,1633,tablet,Northeast,plus,groceries
100756,38.7,45.9,13.2,6.59,40.75,0.497,4.2,52.8,1,0,8.1,9.4,5,51.7,1645,mobile,West,plus,groceries
100757,45.8,61.9,12.8,5.53,23.14,0.623,6.1,49.8,3,0,19.8,8.9,5,44.1,1142,desktop,South,plus,groceries
100758,47.6,101.1,19.6,2.48,74.62,0.146,10.4,23,1,3,4.7,13.7,4.1,48.8,2047,mobile,Midwest,plus,groceries
100759,32.6,64.4,38.3,2.07,31.58,0.588,11,90.3,2,1,12.4,3.3,3.89,50,1211,desktop,Midwest,basic,groceries
100760,25.5,73.2,28.3,5.38,114.24,0.442,9.2,9.8,4,0,41.4,8.6,4.04,52,2580,mobile,Northeast,plus,groceries
100761,30,100.3,26,3.64,74.93,0.204,16.9,,3,4,35.3,3,3.87,80.3,2132,mobile,West,basic,electronics
100762,47.2,74.4,11.7,6.51,74.84,0.411,5.9,,4,3,0,3.7,5,66.8,2204,mobile,West,basic,home
100763,38.2,68.8,36.3,11.63,45.63,0.382,13,45.8,0,0,4.6,10.7,5,61.8,2110,desktop,Midwest,plus,home
100764,35,104.9,14.6,3.36,45.27,0.209,5.3,58.4,1,2,0,8.8,5,60.6,1288,desktop,South,basic,groceries
100765,41.6,43,46,8.93,29.56,0.749,16.4,,2,0,10.1,7,5,58.2,1356,mobile,Midwest,basic,groceries
100766,39.5,77,18.2,3.14,48.47,0.615,14.1,36,2,2,0,3.6,4.42,45.6,1417,mobile,Northeast,plus,groceries
100767,28,78.2,27.4,8.63,84.86,0.531,14.6,48.3,1,3,0,17.7,5,57.1,2224,desktop,South,plus,groceries
100768,28.7,69.9,1.2,4.83,92.6,0.376,28.7,120.8,4,3,14.9,3.5,5,61.1,2231,mobile,Northeast,basic,groceries
100769,46.2,87.5,24.4,10.28,40.92,0.48,13.4,53.8,1,3,6.1,8.1,5,58.2,1832,mobile,West,basic,home
100770,55.2,81.3,23.2,5.42,68.02,0.242,17.7,80.5,1,1,20.5,13.8,5,57.8,2343,mobile,Northeast,premium,electronics
100771,20.4,73.5,16.6,2.94,47.94,0.597,15.7,48.4,0,0,8.2,6.7,5,48.7,1628,mobile,West,basic,groceries
100772,56.5,73.1,7.3,5.33,26.64,0.35,3.8,66.1,2,0,2.9,8.7,5,47,1416,tablet,Midwest,plus,home
100773,54,91.6,43.7,4.91,79.63,0.307,5.2,75.7,2,3,27.2,11.2,5,56.3,2197,,Northeast,premium,electronics
100774,36.6,113.3,36.8,3.21,119.05,0.321,13.6,57.4,0,0,23.7,6.3,5,52.7,2777,mobile,South,basic,groceries
100775,35.2,49.8,15.7,3.59,30.75,0.67,10,21.5,0,1,2.6,5.7,4.5,53.5,1346,mobile,Northeast,plus,groceries
100776,28.2,88.1,16.1,5.73,27.6,0.532,12.4,37,2,0,5.1,0.7,5,61.6,2219,mobile,Midwest,plus,beauty
100777,42.6,124.3,26.7,2.97,86.45,0.206,5.4,,2,3,30,9.2,4.26,44.6,2227,mobile,South,premium,home
100778,31.9,45.3,31.6,7.52,36.57,0.723,0.2,79.6,1,1,11.8,11.1,5,40.9,1509,mobile,Midwest,plus,home
100779,57.8,101,40.4,4.51,92.99,0.166,7.1,77.2,5,0,25.3,6.6,5,51.5,2388,tablet,South,premium,home
100780,33.1,42.9,55.4,9.87,28.74,0.455,15.9,67.8,0,0,5,6.6,5,46.9,1777,desktop,Northeast,basic,groceries
100781,49.4,83,22.3,9,27.67,0.424,0.1,50.1,4,3,6.8,15.8,5,36.3,1324,desktop,West,plus,groceries
100782,43.9,76.6,38.6,8.07,65.4,0.447,14.3,48.6,4,5,13.8,10.8,5,60.3,1976,desktop,Midwest,basic,home
100783,53.7,44.8,30.7,5.35,37.21,0.65,18.3,25.9,0,2,8,7.6,4.71,44.7,1383,mobile,Northeast,plus,groceries
100784,42.3,50.2,16.5,9.33,76.42,0.564,13.2,71,8,4,11.7,12.1,5,54.2,2118,tablet,Midwest,plus,groceries
100785,33.5,80.9,20.9,5.49,45.97,0.791,3.9,16.9,0,1,5.6,2.6,5,46.1,1185,desktop,West,plus,
100786,44.7,33.1,22.8,4.32,31.01,0.693,2.5,,0,0,13.8,11,5,64,1539,mobile,South,basic,
100787,46.4,114.4,41.7,4.24,129.86,0.177,8.5,75.1,1,2,9.4,7.4,5,49.9,3008,mobile,South,premium,electronics
100788,46.6,84.8,24.4,5.61,67.03,0.586,4.4,44.3,0,1,7.1,12.9,5,51.8,1639,mobile,South,plus,groceries
100789,24,47.3,13.1,5.03,30.5,0.65,4.9,69.2,2,1,13.2,6.9,4.39,57.1,1304,mobile,South,basic,
100790,45.8,59.3,40.2,3.04,34.35,0.651,3.7,43.2,0,1,19,8.4,4.59,59.1,1309,mobile,South,basic,electronics
100791,58.4,53.4,38.8,9.49,75.65,0.496,6.8,56.6,2,0,0,9.4,5,55.3,2548,desktop,South,premium,groceries
100792,49,55.7,22.5,4.29,24.56,0.511,3.9,38.4,4,1,0,9.1,5,50.4,1117,mobile,Midwest,plus,groceries
100793,30.7,61.3,1,5.84,15.54,0.668,7.4,41.1,1,0,11.5,8.8,5,52.7,1579,mobile,Northeast,premium,groceries
100794,27.3,95.1,17,0.71,41.47,0.269,16.4,91,5,4,46.8,11.6,2.99,54.1,891,mobile,Midwest,plus,groceries
100795,18,91.2,26.8,5.29,84.31,0.257,20.4,51.3,0,2,19.5,8.6,5,47.6,2000,desktop,South,basic,groceries
100796,45,104.3,1.6,3.71,49.39,0,5.3,55.3,2,2,19,9.7,5,45.9,1651,mobile,West,basic,groceries
100797,42.5,63.1,28.4,6.98,19.3,0.744,16.2,41.2,3,3,13.7,9.1,5,56.7,1184,mobile,Midwest,plus,beauty
100798,46.1,131.9,38.8,5.82,128.17,0.205,11.7,48.7,2,1,21.4,17.6,5,56.1,3103,mobile,Northeast,premium,home
100799,42.2,,37.5,5.93,97.37,0.169,10.1,60.7,0,1,21.5,6.8,5,63.3,2389,tablet,Northeast,plus,home
100800,33.4,107,1,4.65,113.42,0.271,3.5,42.6,1,2,27,11.9,4.79,65.8,2043,mobile,Northeast,basic,beauty
100801,30.5,102.6,17.9,6.76,78.14,0.416,23,112.7,2,3,12.1,9,5,68.2,1960,mobile,Northeast,basic,groceries
100802,39.6,129.3,34.2,4.72,95.79,0.329,5,,1,4,10.4,11.2,,56.8,2742,tablet,Northeast,premium,electronics
100803,45.4,,43.4,7.39,92.28,0.19,14.6,51.5,0,2,4,9.1,5,63.8,2486,desktop,South,premium,home
100804,43.8,44.1,27.6,3.62,31.33,0.671,12.5,39,0,2,14.5,4.3,4.69,62.1,1124,desktop,West,plus,groceries
100805,55.5,,17.9,8.87,49.87,0.256,9.7,66.6,1,1,0,14.8,5,58.1,1892,mobile,South,plus,groceries
100806,55.1,108.6,48.3,6.23,105.39,0.26,1.9,30.1,0,1,18.6,0.9,5,54.5,2645,mobile,West,plus,
100807,41.8,68.8,24.2,5.8,23.72,0.484,12.7,53.9,0,1,10.4,14.8,4.69,48.1,1083,desktop,South,basic,groceries
100808,25.4,101.9,51.9,13.26,66.03,0.6,12,62.9,1,4,14,11.8,5,43.9,2099,desktop,Midwest,plus,groceries
100809,52,95.6,24.5,6.59,113.33,0.213,6.4,105.8,1,2,4.6,13.4,5,49.1,2394,desktop,West,plus,electronics
100810,47.5,67.7,19,10.44,54.69,0.353,5.5,44.4,1,4,10.4,17.9,,34,1843,mobile,South,basic,groceries
100811,48.5,,49.4,1.05,75.68,0.382,0.1,33.3,0,2,19.3,2.4,4.54,55.4,1735,desktop,Northeast,premium,electronics
100812,60.6,63.6,49.7,6.34,106.85,0.118,13,39.5,2,1,5.7,16.4,5,57.5,2991,tablet,Northeast,premium,beauty
100813,47.5,89,15.8,5.36,108.35,0.261,4.8,50.9,0,0,18.6,12,5,42.1,2910,desktop,West,basic,beauty
100814,27.8,80.2,31.8,3.6,63.34,0.172,9.3,,3,5,23.2,10.3,2.55,78,1646,mobile,South,basic,electronics
100815,53.1,91,47.9,10.23,62.25,0.604,12.6,70,2,1,3.7,6.5,5,58.6,1680,desktop,South,plus,home
100816,32.9,121.9,31.6,5.04,98.39,0.205,0.2,101.8,1,0,2.9,9,5,42.4,2328,desktop,Northeast,premium,groceries
100817,27.7,134.7,17.7,6.43,92.39,0,3.1,72,2,2,0.2,13.4,5,53.6,2105,mobile,West,plus,groceries
100818,42,45.1,23.8,6.95,43.28,0.257,8.4,30.7,4,1,13.1,9.7,5,59.4,1648,desktop,West,plus,groceries
100819,50.7,44.8,29.9,4.85,24.17,0.635,15.9,34.1,2,1,15.1,8.2,4.71,62,1161,mobile,South,plus,groceries
100820,36.5,103.4,31.9,4.12,96.31,0.189,5.6,97.1,1,2,16.1,6.7,5,49.8,2118,mobile,Northeast,basic,groceries
100821,25.5,66.2,40.8,7.88,64.21,0.394,12.5,23.6,2,3,2,16.2,4.7,57.7,2031,desktop,Northeast,plus,beauty
100822,24.1,52.7,4.6,5.42,34.7,0.655,14.2,51,2,3,24.8,6.8,4.57,60.9,1362,,South,basic,home
100823,27.7,37,27,6.62,19.85,0.545,9.2,25.7,2,2,0,8.3,,49.1,1960,desktop,South,basic,groceries
100824,18,77.8,24.9,5.41,44.16,0.748,14.1,,1,2,12,6.3,4.52,64.9,1509,mobile,West,plus,groceries
100825,42.6,120.5,14.1,3.07,150.44,0.209,2.4,12.1,1,0,11,15.8,4.16,57,3268,mobile,Northeast,premium,groceries
100826,65.7,58,48.4,4.41,21.45,0.436,6.7,69.5,1,2,19.1,6.8,4.65,42.7,890,desktop,West,premium,
100827,32.3,31.6,46.2,7.38,31.48,0.716,17.7,56.7,2,2,11.7,0.2,,40.6,2155,desktop,West,premium,
100828,34,51.3,17.1,7.07,33.21,0.579,14.8,,3,0,9.1,1.8,5,59.9,1555,mobile,Midwest,premium,groceries
100829,39.7,99.5,21.1,8.94,55.68,0.429,18.3,46.8,1,4,9.4,15.6,,57.7,1922,desktop,Northeast,plus,home
100830,32.8,54.6,27.1,6.02,62.37,0.562,17.1,77.1,3,2,7.3,3.2,4.62,70.9,1652,tablet,Northeast,plus,home
100831,26.8,47.5,36.5,7.84,32.01,0.775,13.5,65.3,3,0,6.5,2.5,4.36,61.7,1679,mobile,West,plus,groceries
100832,52.3,126.4,42,6.59,115.75,0.208,4.4,109.8,3,3,10.2,12.2,5,55.8,3244,desktop,West,premium,electronics
100833,38.7,75,21,8.2,85.71,0.518,7.6,53.6,0,1,5.2,10.9,5,63.5,2384,mobile,Midwest,basic,electronics
100834,45.2,29.8,41.7,4.65,26.88,0.409,21,59.5,2,0,28.4,2.4,4.87,47.4,1508,mobile,South,basic,beauty
100835,34.7,47.2,18.4,7.69,29.18,0.705,8.8,17.8,0,0,3.1,0.2,5,51.1,1469,mobile,Midwest,plus,groceries
100836,36.8,84,21,3.19,26.48,0.19,8.8,28.4,2,1,29,9.5,4.64,61.9,1135,mobile,Northeast,basic,groceries
100837,46.9,81.6,28.4,5.7,32.2,0.706,11.7,67.1,1,0,29.2,8.1,5,60.8,1800,desktop,West,plus,home
100838,31.6,93.4,20.3,11.29,69.49,0.555,14.8,25.7,4,3,18.9,14.8,,51,1891,mobile,Northeast,basic,home
100839,39.3,,8.3,5.44,37.71,0.506,0.2,37,1,0,25.3,12,4.39,43.2,1251,mobile,West,basic,groceries
100840,40.4,53.6,19.3,8.06,51.54,0.275,9.3,36.1,2,2,4.3,17.6,5,50.7,1901,desktop,West,premium,home
100841,41.4,116.9,12.4,6.67,93.42,0.262,3.6,87.1,1,1,20.8,14.5,5,64.9,3131,desktop,Northeast,premium,electronics
100842,31.4,33.4,18,6.8,15.99,0.934,9.3,30.8,1,2,7.9,3.4,4.79,58.8,1323,mobile,Midwest,plus,electronics
100843,21,62.7,29.5,2.97,28.78,0.489,18.9,41.3,1,0,20.4,17.4,4.61,63.2,757,,West,plus,groceries
100844,38,92.8,56.8,5.19,96.34,0.092,8.7,85.2,1,1,12.4,6.5,5,62.7,2268,mobile,Midwest,premium,home
100845,36.6,76,26.2,5.21,86.96,0.239,0.1,56.6,1,2,27.1,13.8,4.69,36.5,2115,desktop,Northeast,plus,electronics
100846,43.4,82.5,35.4,4.52,32.94,0.393,15.1,59.9,1,2,17.1,17.3,3.88,46.3,1087,desktop,South,plus,groceries
100847,34.1,84.1,17.5,4.34,15.35,0.345,2.7,,4,2,42.4,5.7,5,57.1,919,mobile,West,basic,
100848,26.1,92.8,12.9,5.9,68.08,0.258,7.6,91.7,3,2,19.4,3.6,5,64,1814,mobile,Northeast,plus,groceries
100849,43.1,80.2,25.8,6.18,46.8,0.56,5,45.6,1,4,0,16.5,4.88,23.5,1554,,Midwest,basic,groceries
100850,41.9,93.9,10.9,6.25,67.63,0.38,12.7,75.5,0,2,0,9.1,5,55.5,1923,desktop,Midwest,basic,electronics
100851,51.6,99.5,27.6,5.63,63.14,0.542,5,45.3,1,3,0.5,11.1,5,58.6,1683,desktop,West,plus,groceries
100852,28.3,74.7,36,7.94,33,0.725,13.4,51.6,1,1,9.6,6,5,68.2,1014,mobile,South,basic,groceries
100853,37.3,91.9,4.8,5.7,47.73,0.164,16.3,107.7,1,2,27.6,7.2,5,48.3,1376,desktop,Northeast,basic,beauty
100854,30.4,105.8,50.3,7.79,91.18,0.498,12.3,,1,1,0,11,5,62,2627,desktop,Northeast,basic,groceries
100855,44.3,72.3,34.2,4.77,22.96,0.738,15.4,58.7,1,3,0.5,6,5,82.8,1224,mobile,West,basic,electronics
100856,18.9,94.3,1,4.1,59.74,0.404,12.9,76.4,2,1,28.8,9.8,5,61.7,2197,mobile,West,premium,home
100857,50.6,59.4,1,6.3,26.1,0.464,6.3,42.7,1,0,7.5,5.5,5,56.4,1170,mobile,Midwest,plus,groceries
100858,46.1,93.6,45.3,4.32,49.08,0.122,0.1,84.8,4,3,22.5,10.5,4.37,39.9,1834,desktop,Northeast,premium,electronics
100859,34.3,102.4,13,3.46,63.06,0.012,20.3,116.5,3,2,26.8,12.1,5,67.2,1124,desktop,West,plus,groceries
100860,37.6,94.4,31.9,8.28,43.2,0.436,7.4,56.5,0,1,10.4,10.2,5,47.2,1732,mobile,Midwest,basic,
100861,20.4,57,12.7,5.25,34.96,0.437,9.1,53.3,0,0,21.1,2.6,5,60,1623,desktop,West,plus,groceries
100862,46.2,47.6,26,6.76,53.31,0.4,13.3,12.7,0,1,3.8,11.3,5,72.9,1399,desktop,West,basic,home
100863,43.2,99,31.8,5.52,108.29,0.182,9.1,62.3,2,1,20,26.5,2.27,74.1,2651,mobile,West,premium,electronics
100864,23.6,78.6,21.7,9.06,62.43,0.492,7.9,36.5,2,1,0.6,10.5,5,41,2245,desktop,South,plus,groceries
100865,34.9,82.1,36.6,4.99,49.28,0.094,2.7,69.5,0,0,24.4,12.2,5,41.8,1533,mobile,Midwest,basic,home
100866,52.8,,24.3,2.07,92.69,0.149,12,53.9,0,1,16.5,9.7,4.45,62,2035,tablet,South,basic,beauty
100867,50,48.9,10.8,9.11,26.89,0.537,12.1,53.4,3,1,0,9.6,5,68.5,1233,tablet,West,basic,groceries
100868,34.8,59,40.5,9.94,47.03,0.334,11.7,,1,0,14.1,24,3.77,53,1292,mobile,South,plus,beauty
100869,47.1,97.3,23.1,6.57,75.84,0.521,5.2,,0,0,0,12.7,5,45.5,2248,mobile,West,premium,beauty
100870,60.5,,19,9.96,70.81,0.543,5.4,41.1,1,3,11,8.9,5,41,2296,mobile,Northeast,basic,groceries
100871,29,141,25.6,6.13,114.1,0.277,17.8,107.8,5,1,21.2,3.6,5,68,3006,mobile,West,basic,groceries
100872,49.6,80.7,42.5,3.19,42.09,0.604,17.1,54.9,1,0,8.8,15.6,3.69,43.6,888,desktop,South,basic,groceries
100873,49.3,72.6,15.1,6.3,55.06,0.427,7.5,53.6,4,1,7.9,11.6,5,65.3,1768,mobile,West,plus,home
100874,49.2,102.5,25.8,5.13,102.64,0.237,7.9,92,6,5,16.1,4.4,4.83,57.6,2467,tablet,South,basic,beauty
100875,65.4,152.3,49.3,3.62,110.63,0.124,11.7,92.7,1,3,24.2,13.1,5,61.4,2833,mobile,Northeast,premium,beauty
100876,26.1,38,7.4,5.4,18.03,0.542,8.4,33.8,1,2,20.7,10,3.98,55.9,1069,mobile,West,basic,
100877,31.5,111.1,44.6,4.8,91.08,0.233,5.9,65.4,3,3,6.7,8.9,,45.8,2559,mobile,Northeast,premium,electronics
100878,34.9,56.3,22,4.64,48.98,0.264,11.3,,2,3,13.3,8.7,5,53.2,1527,mobile,South,plus,groceries
100879,45.5,81,32.1,4.79,53.39,0.355,4.9,43.5,2,2,10.4,10.6,5,37.6,1704,mobile,West,plus,beauty
100880,39.7,66.4,20.9,5.16,29.66,0.477,6.2,69.4,2,0,12.4,10.6,4.72,45.5,1055,mobile,Northeast,plus,groceries
100881,46.3,62.6,32.8,8.95,63.3,0.37,11,18,2,5,4.4,14.6,5,53.6,1968,mobile,West,plus,electronics
100882,48.2,103.6,29.6,5.03,80.54,0.389,18.7,153.7,1,3,12.9,8.2,5,55.8,2243,mobile,South,basic,home
100883,53,54.4,56.5,4.33,128.96,0.214,9.8,85.2,2,1,23.6,9.7,5,52.5,3040,mobile,South,premium,beauty
100884,43.7,131.9,38,4.08,78.67,0.33,1.8,83.3,4,1,37.9,9.4,5,62.5,1935,tablet,West,premium,home
100885,25.6,57.1,23.1,6.31,71.87,0.258,23.5,54.6,4,4,16.2,4.9,5,69.8,1752,desktop,West,basic,beauty
100886,23.2,95.3,13.9,1.79,73.7,0.232,28.9,99.4,6,1,29,13.4,,61.6,1692,mobile,Northeast,basic,groceries
100887,21,74.5,16.4,3.23,42.3,0.497,30.8,123.4,4,2,35.5,8.3,3.93,67.6,1076,mobile,Northeast,plus,electronics
100888,30,72.6,34.4,5.38,33.2,0.464,19.6,45.7,2,0,23.6,10,5,65.2,1342,mobile,West,plus,groceries
100889,37.4,60.3,37,8.15,84.41,0.447,3.4,21.6,2,1,19.3,8,5,36.2,2104,desktop,South,plus,
100890,29.9,86.3,23.7,1,76.06,0.24,19.5,61.2,4,3,25.3,7.9,3.89,60.6,1548,mobile,West,plus,electronics
100891,63.6,88.4,35.4,10.46,46.7,0.277,10.1,62.1,2,1,3.8,13,5,62.8,1805,mobile,Northeast,basic,groceries
100892,29.6,70.7,1,3.76,120.28,0.155,17.9,48,4,1,21.5,11.2,4.4,73.1,2792,,Midwest,basic,groceries
100893,21,51.8,33.9,6.4,65.64,0.152,9.5,,0,0,18.9,9.2,5,40.7,1775,,Northeast,basic,groceries
100894,39.8,50.1,35,3.79,15.68,0.597,10.2,92,0,1,0,7.1,4.91,59.4,805,desktop,Northeast,basic,groceries
100895,30.7,43.6,55.4,10.17,51.29,0.398,9.2,27.7,3,4,0.3,12.6,5,53,1787,tablet,South,premium,electronics
100896,35.9,,19.4,4.77,74.72,0.368,1,100.8,1,2,0,9.1,5,46.4,2285,mobile,West,premium,beauty
100897,34.9,80.4,3.7,7.09,35.35,0.621,12.5,44,1,0,1.1,8.6,5,59.3,1764,tablet,Midwest,premium,groceries
100898,39.2,64.9,17.6,2.98,88.93,0.122,0.5,89.8,0,0,9.6,8.9,4.45,54.1,2311,desktop,Northeast,plus,groceries
100899,18,42.7,20.6,5.77,31.69,0.408,8.2,49.9,3,0,4,3.9,5,59.9,1206,mobile,West,basic,home
100900,27.9,90.9,1,1.43,73.64,0.419,23.1,93.1,6,4,39.2,0.2,3.83,55.7,1893,tablet,West,basic,electronics
100901,29.5,64.5,4.7,4.11,27.16,0.41,15.3,54.9,1,1,17.1,1.9,4.48,59.2,1313,tablet,West,basic,groceries
100902,47.3,125.2,31,5.81,94.95,0.22,4,28.9,0,2,4.3,6.5,5,44.4,2371,mobile,Midwest,premium,electronics
100903,27.1,55.5,17.4,8.07,70.68,0.672,5,36.5,3,2,10.4,15.3,4.63,60,1803,desktop,Midwest,basic,groceries
100904,31.8,66.2,12.3,5.38,34.19,0.387,16.8,61.9,4,3,9.1,10.3,4.71,64.7,1026,mobile,South,basic,groceries
100905,55.6,64.7,28.5,7.5,33.47,0.492,9.4,55.1,1,2,13.6,14.9,5,42,1269,mobile,South,plus,groceries
100906,37.9,,3.5,4.72,78.69,0.243,11.7,46,1,2,9.8,13.5,5,52.6,1777,desktop,West,basic,groceries
100907,25,,8.4,4.14,78.58,0.173,7.2,,1,4,17.9,9.9,4.26,73.9,1678,mobile,West,plus,electronics
100908,36.8,101.6,28,4,95.8,0.256,7,45.8,0,0,16.5,5.8,5,30.8,2393,mobile,West,premium,groceries
100909,22.3,85.2,1,4.43,79.52,0.448,19.3,124.2,1,2,21.4,10.1,5,59.5,2186,mobile,Northeast,premium,home
100910,32.7,89,40.1,9.75,84.81,0.584,17,38.6,3,6,9.5,5.2,5,43.2,2218,mobile,Midwest,plus,home
100911,40.6,91.8,47.5,5.87,92.81,0.642,8.6,10.3,2,3,10.8,4.1,4.95,38.7,2161,desktop,West,basic,groceries
100912,48.6,72,33.6,7.88,84.65,0.312,7.9,50.4,2,1,3.8,7.4,5,56.2,2455,tablet,West,basic,groceries
100913,27.9,75.5,16,4.34,21.94,0.629,2.8,53.5,3,0,26,7,5,51.9,1507,desktop,Midwest,plus,home
100914,29.2,82.9,19.3,1.75,68.45,0.223,17.5,81.1,4,4,1.4,12.1,3.3,64.9,1582,mobile,Midwest,basic,groceries
100915,58,98.5,15.6,6.26,96.88,0.053,12,17.1,1,0,16,11.1,5,58.6,2635,mobile,West,basic,groceries
100916,35.4,53,35.5,10.45,68.92,0.33,6.4,58.4,0,2,15.2,10.5,5,58.2,2556,,Midwest,plus,groceries
100917,21.2,96.3,21.2,4.27,53.31,0.425,12,119.4,4,1,0.6,4.8,5,63,1763,tablet,South,plus,groceries
100918,40.9,65.2,12.7,4.88,23.59,0.85,5.7,49.2,2,1,17,8.4,4.77,50,1253,mobile,West,basic,groceries
100919,44.6,69.7,17.9,2.51,42.62,0.294,4,,3,2,19.2,5.7,4.98,40.9,1622,mobile,Northeast,plus,home
100920,53.2,127.3,31,7.43,86.82,0.086,9.4,48,0,2,18.7,8.3,5,49.5,2549,mobile,Midwest,premium,beauty
100921,29.4,74,28.4,4.49,35.86,0.733,16.4,,3,3,10.8,4.2,4.07,56.4,1022,mobile,Midwest,basic,electronics
100922,37.9,78.3,24,2.42,42.08,0.172,17.3,88.6,1,4,4.7,11.2,4.3,57.9,1398,mobile,South,basic,home
100923,49.8,50.1,33.2,9.18,66.12,0.177,6,9,2,2,7.3,12.7,5,43,2432,desktop,South,basic,electronics
100924,18,58.9,10.9,6.62,26.49,0.662,9.1,32.4,1,0,13.2,10.3,5,42.8,1313,mobile,South,basic,groceries
100925,59.3,86,48,3.36,103.81,0.246,0.6,51.5,4,0,5.4,10.6,,37.2,2491,tablet,South,basic,home
100926,28.2,75.3,12.6,1.43,99.92,0.35,8,49.2,2,3,18.1,6.2,,43.8,2099,mobile,Midwest,plus,groceries
100927,50.2,104.8,36.4,6.99,95.41,0.232,9.2,102.8,2,1,15.4,6.9,5,63,2042,,Northeast,plus,electronics
100928,45.4,,28.9,2.03,17.68,0.548,11.8,,0,1,7.4,10.6,4.85,55,855,tablet,West,premium,groceries
100929,32.6,74.1,39.6,2.76,126.7,0.186,14.4,78.9,1,1,23.2,13.7,3.79,56.7,2780,desktop,Northeast,premium,electronics
100930,25.1,87.3,13,2.89,46.59,0.317,28.5,88.5,2,2,29.8,5.7,4.27,66.3,1320,mobile,Northeast,premium,home
100931,30.4,104.5,5.1,3.59,59.76,0.112,27.7,83.8,6,4,47.4,5.1,3.96,56.5,1594,mobile,West,basic,electronics
100932,32.5,64.1,32.5,8.41,69.32,0.494,0.1,57.5,0,2,0,13.5,5,50.7,2482,desktop,South,premium,electronics
100933,41.3,,16.5,6.71,58.52,0.417,6.2,42.6,0,1,1.9,16.5,5,56.6,1670,desktop,Midwest,basic,home
100934,43.6,103.5,36.4,5.74,90.29,0,11.1,,2,1,28.8,11.4,5,38.3,2642,desktop,South,premium,electronics
100935,49.3,60.6,35.4,7.33,64.35,0.361,3.7,35.3,2,1,10.4,16.8,4.36,43.4,1879,desktop,Midwest,plus,groceries
100936,27.6,69.8,27.8,4.35,27.17,0.603,8.9,61.4,1,3,13,4.1,5,54,1066,mobile,Midwest,basic,beauty
100937,39.9,61.9,27.8,7.84,24.78,0.661,16.9,56.3,2,0,11.5,9.3,5,64.7,1107,mobile,Northeast,basic,home
100938,49.2,100.3,40.3,2.66,106.5,0.155,4.2,27.7,1,3,19.4,13.1,4.53,36,2442,mobile,Northeast,basic,electronics
100939,33.2,81.3,21.3,9.97,70.74,0.459,12.6,,0,0,7.4,15.7,5,61.4,2203,mobile,Northeast,plus,
100940,23.8,95,21.4,3.48,34.55,0.74,13.1,45.6,2,0,0,5,4.57,62.4,1210,desktop,Northeast,plus,groceries
100941,30.8,34.2,22,5.5,24.58,0.433,9.2,7.6,2,3,16.9,13.1,5,44.3,895,mobile,West,plus,groceries
100942,65.2,105.2,55.2,4.48,130.93,0.025,2,33.1,2,3,13.8,10.8,4.88,52.2,2715,tablet,West,plus,electronics
100943,30.1,73.4,20.5,6.86,79.7,0.53,3.6,,2,1,11.1,10.3,5,50.4,2195,mobile,Northeast,basic,groceries
100944,28.4,,22.4,2.85,46.67,0.29,15,113.6,6,7,27.2,15.8,2.36,59.4,1648,mobile,Northeast,plus,electronics
100945,50.4,79,37.7,10,61.63,0.392,13.5,48.7,2,0,3,6.9,5,56,2287,mobile,South,plus,home
100946,34.3,98.3,32.9,6.33,96.2,0.11,3.5,121.2,1,4,12.2,10.1,,64.7,2584,mobile,South,plus,home
100947,53.3,58.5,16.1,8.42,50.23,0.63,12.5,61.2,0,0,11.4,4.5,5,58.7,1617,tablet,Northeast,basic,home
100948,43.2,68.6,27.4,4.62,43.38,0.74,9.9,55.3,2,0,18.8,4.8,4.25,51.4,1142,desktop,Midwest,basic,groceries
100949,53.4,104.5,19.1,7.7,60.94,0.424,10.7,,1,1,0.5,9.7,5,66.1,1766,mobile,South,basic,groceries
100950,32.2,78.8,25.5,4.57,29.56,0.722,10.4,56.4,0,1,22.6,7.1,5,64.1,1001,mobile,South,plus,electronics
100951,44.6,47.9,18,4,35.91,0.662,9.3,26.4,0,1,0,2.2,4.87,48.2,1350,mobile,South,premium,groceries
100952,57.5,108.1,53.1,3.68,72.15,0.153,5.4,33.2,0,0,13.3,14.3,5,46.3,1804,desktop,Northeast,basic,groceries
100953,45.9,129.1,3.2,5.03,137.49,0.219,0.1,,1,2,32.9,13.2,5,43.6,3323,mobile,Northeast,basic,electronics
100954,18,67.4,16,5.37,50.37,0.266,19.5,116,2,2,21.8,9.4,5,67.2,1013,mobile,West,basic,beauty
100955,33.2,77.4,46.9,5.05,120.9,0.068,7.5,75.4,3,3,18.9,16.7,4.55,55.1,2607,mobile,Northeast,premium,beauty
100956,29.4,,6.1,6.65,34.82,0.605,7,34.3,4,3,21.9,3.9,5,54.8,1119,mobile,Northeast,basic,groceries
100957,20.2,110.7,21.8,2.27,98.51,0.179,22.3,103.1,3,0,37.4,9.9,4.73,68.3,2427,mobile,Northeast,plus,home
100958,52.3,94.8,45.4,3.81,87.8,0.314,7.6,,1,1,20.6,4.6,5,35.5,1648,mobile,Northeast,plus,electronics
100959,38.9,,20.5,8.63,37.58,0.697,6.7,53.3,2,1,0.8,8.9,5,47.9,1660,mobile,West,plus,groceries
100960,40.1,88.4,44.1,7.06,67.91,0.382,7.3,55.4,0,1,14.5,2.4,5,55,1601,mobile,South,plus,groceries
100961,42,45.6,16.3,3.81,82.84,0.068,6.8,31.6,2,1,14.1,18.5,4.34,46.6,2669,desktop,Northeast,premium,home
100962,43.3,103.5,39.3,5.15,88.75,0.296,4.3,67.9,0,2,24.2,13.9,5,46.4,2181,mobile,Northeast,plus,home
100963,37.3,62.3,10.5,7.67,29.82,0.457,7.7,77.3,0,0,23.1,0.9,5,41,1169,,Northeast,premium,groceries
100964,34.3,74.3,26.4,5.98,55.44,0.416,7.4,,3,1,3.7,4.8,,57.7,1700,desktop,South,plus,electronics
100965,36.7,109,56.6,6.56,114.34,0.293,0.9,43.1,2,1,0,7,5,35.8,2790,tablet,Northeast,premium,electronics
100966,38,80.2,37.9,6.62,59.74,0.4,12.9,28.1,2,1,8.1,15.1,5,60.9,1904,desktop,Midwest,plus,groceries
100967,50.1,82.1,25.5,9.16,61.95,0.544,15.9,78.1,1,2,12.9,8.9,5,42.3,1778,desktop,South,basic,electronics
100968,20.3,46.7,21.8,4.21,23.62,0.499,10.3,56.5,3,3,15.4,5.2,,58.8,948,mobile,South,basic,electronics
100969,35.4,40.9,13,11.36,45.43,0.574,19.1,57.4,2,3,0,16,5,48.5,2457,,West,premium,groceries
100970,32.7,54.4,37.1,14.51,64.8,0.428,19.9,60.2,2,3,0.6,22.7,4.9,56,2583,mobile,Midwest,basic,groceries
100971,38.3,94.8,14.5,5.75,69.44,0.406,9.6,49.5,1,1,11.5,6.7,4.96,49.7,1773,mobile,West,basic,groceries
100972,48.8,102,16,5.1,130.09,0.31,0.1,86.9,3,3,2.2,2.5,4.51,35,3285,desktop,Northeast,premium,electronics
100973,45.1,77.6,22.6,7.2,70.37,0.443,6.9,39.7,1,0,8.1,11.7,,49.5,1507,mobile,Midwest,plus,groceries
100974,53.2,96.1,12.4,5.85,113.89,0.322,5.1,81.1,2,2,10.3,9.7,,40.1,2837,desktop,West,premium,groceries
100975,26.2,33,32.3,5.63,59.47,0.483,9.7,46.5,3,3,13.2,18.5,3.6,54.8,1536,mobile,South,basic,home
100976,50.6,65.2,33.2,6.45,57.71,0.374,10.6,10.6,1,2,0,7.6,4.97,48.7,1633,mobile,Midwest,plus,groceries
100977,29.7,72,13,3.63,47.96,0.552,7.9,24.6,5,1,0,7.9,5,48.7,1251,mobile,Midwest,plus,groceries
100978,37,75.4,15.2,3.19,22.06,0.593,7.6,49.1,3,1,27.9,6.1,5,43.1,664,desktop,Midwest,plus,groceries
100979,57.7,53,2,3.12,23.61,0.681,16.4,63.8,1,1,13.6,5.6,5,63.2,880,desktop,South,basic,groceries
100980,41.2,,22.1,9.84,76.32,0.252,8.6,29.5,4,3,5.8,9.5,,45.9,2101,desktop,West,plus,groceries
100981,46.7,45.8,51,6.85,59.49,0.646,9.3,35.4,2,0,3,12.8,5,60.8,1743,desktop,South,basic,groceries
100982,44.7,120.2,34.8,3.18,105.54,0.403,0.1,77.6,0,0,4.9,15.3,5,33.3,2453,mobile,Northeast,premium,home
100983,21,,43.6,4.67,32.24,0.661,11,8.5,1,0,11,6.6,5,48.5,1366,tablet,South,plus,groceries
100984,36.3,54.8,16.3,7.13,44.87,0.515,9.5,66.5,1,2,4.7,7.8,5,44.7,1787,mobile,South,basic,groceries
100985,34.3,113.7,4.8,6.91,36.89,0.601,3.5,75.4,1,3,9.4,9.4,5,68.3,2580,mobile,Midwest,premium,electronics
100986,39.1,103.9,32.3,4.44,101.18,0.209,6.6,72.6,0,0,22.8,8.3,5,53.3,2824,mobile,Northeast,premium,home
100987,52.6,,39.5,6.07,134.36,0.196,0.1,80.2,3,3,13.9,11.1,4.99,42.8,2952,mobile,Northeast,plus,electronics
100988,44.6,86.2,39.6,6.27,49.86,0.453,13.7,23.3,2,3,6.9,17.4,4.47,57.7,1844,mobile,Midwest,basic,groceries
100989,28.5,105.1,8.3,4.38,58,0.209,13.8,,2,1,14.9,9.8,5,58.2,2054,mobile,South,basic,beauty
100990,38.3,41.9,15.8,4.02,77.2,0.349,30.8,123.7,2,2,19.6,10.9,5,70.2,2418,mobile,Northeast,premium,groceries
100991,49.9,114.7,78.1,7.06,81.72,0.198,4.8,70.2,0,0,17.8,8.8,5,45.8,2569,mobile,South,premium,beauty
100992,27.7,75,13.2,6.07,84.75,0.356,10.9,70.2,6,3,22.5,7.1,4.55,58.6,1882,mobile,Midwest,plus,groceries
100993,44.5,81.2,53.1,2.39,99.59,0.209,8.2,63.5,1,3,18.2,17.1,3.77,56.7,2180,mobile,Midwest,premium,electronics
100994,39.9,60.7,1.3,3.08,41.93,0.74,10.2,46.3,0,0,5.7,3.2,4.62,56.7,1155,desktop,Northeast,basic,groceries
100995,34,93.7,17.6,7.59,47.56,0.638,20.1,,2,1,1.5,5.5,5,68.9,1697,mobile,West,plus,groceries
100996,51.4,84.5,15,4.07,32.28,0.504,12.9,91.3,4,0,16.5,6.8,5,60.3,1108,mobile,West,basic,groceries
100997,42.1,65.5,33.7,2.91,66.52,0.422,18,82.7,4,4,15.2,7.9,4.29,56.5,1925,mobile,West,plus,groceries
100998,52.5,43.1,21.1,6.86,33.74,0.7,7.2,22.5,1,2,21.4,5.1,4.94,31.3,1769,desktop,South,plus,groceries
100999,29.5,73.5,38.3,8.53,69.72,0.495,4.5,49.1,4,3,7.2,1.6,5,43.6,1913,mobile,Midwest,plus,home
101000,40.3,72.1,5.1,3.38,27.72,0.416,18.6,75.3,1,0,18.5,4.2,4.81,58.3,1175,desktop,Midwest,plus,groceries
101001,35.9,,34.7,6.05,35.47,0.654,8.8,75.7,1,0,6.2,4.4,5,58,1503,mobile,West,basic,groceries
101002,42.7,,36.2,5.5,70.08,0.485,7.5,46.9,5,4,9.8,14.4,4.54,49.6,2183,desktop,Midwest,premium,electronics
101003,28.5,114.8,1.2,3.6,98.58,0.232,9.7,91.7,5,3,34.5,8.5,4.32,68.5,2499,mobile,West,premium,beauty
101004,40.5,89.5,19.2,7.53,49.7,0.481,15.8,48.3,0,0,6.1,10.7,5,48.5,1737,mobile,South,basic,groceries
101005,29.5,59.4,31.2,4.69,36.78,0.516,23.5,77,0,2,18.5,7.7,4.59,68.4,1025,desktop,West,premium,groceries
101006,45.4,84.4,32.4,7.72,43.01,0.397,6.2,64.3,2,1,13.9,16,5,46.1,2017,mobile,South,basic,home
101007,18,156.4,19.1,7.29,110.38,0.119,3.6,74.9,2,2,27.7,15.5,5,56.3,3153,tablet,Northeast,premium,groceries
101008,50.6,70.6,22.1,5.13,23.97,0.53,7.5,27.2,1,0,13.7,11.2,,49.3,1314,mobile,Northeast,plus,home
101009,22.4,106.4,10.3,3.56,93.76,0.449,18.5,76.5,6,3,14.2,5.4,5,68.1,2176,mobile,West,premium,groceries
101010,36.5,81.1,23.7,7.01,21.95,0.602,4.9,41.8,0,0,3.4,4.4,5,52.9,1034,desktop,South,plus,groceries
101011,41.9,84.6,14,1.06,90.58,0.24,19.5,56.7,4,4,16.4,9.6,4.67,60.8,1408,mobile,West,basic,groceries
101012,18,66,18.2,4.26,26.91,0.618,0.2,33.4,3,3,4.6,2.8,,36.4,1178,mobile,Northeast,basic,groceries
101013,45.2,84.1,18,3.25,71.62,0.427,20.1,76.5,3,5,0,14.3,4.63,57.1,2228,mobile,Midwest,plus,beauty
101014,26.5,53.3,11.2,4.95,59.35,0.344,12.8,106.7,1,1,37,9.6,5,71,1689,tablet,West,basic,home
101015,43.2,107.2,26,5.35,118.75,0.17,9.9,65.1,2,1,1.2,14.5,5,56.7,2706,desktop,Northeast,premium,home
101016,44.4,69.2,29.6,9.42,32.13,0.529,4.9,34,1,0,12.9,6.2,5,52.5,1650,tablet,West,premium,groceries
101017,32,71.1,6.6,5.49,60.46,0.424,2.2,21.8,4,2,6.3,15.3,4.8,47.6,1965,,West,plus,home
101018,24.8,60,18,6.6,30.81,0.294,9.9,71.1,2,3,11.2,12.5,4.89,61.5,1703,mobile,West,premium,home
101019,18,75.7,8.2,4.74,45.51,0.367,4.2,21.5,4,4,18.2,0.2,4.76,57.6,1254,mobile,West,basic,home
101020,42.3,39,3.9,6.86,26.98,0.466,13.6,39.4,0,1,23,7.7,5,55.1,767,mobile,Midwest,basic,groceries
101021,44.9,99.5,32.2,4.1,74.69,0.231,6.7,48.5,1,5,20.2,12.5,4.69,46,1898,mobile,Northeast,premium,electronics
101022,28.4,98.2,39.5,5.04,87.98,0.284,6.2,93.9,3,3,3.5,5,,62.6,2588,mobile,West,premium,beauty
101023,39,61.5,25.4,7.76,61.29,0.389,11.1,41.2,2,2,10.5,14.1,5,56.4,1646,desktop,West,basic,home
101024,34.8,67.4,35.6,7.76,50.24,0.347,4.6,5.3,0,2,0,13.1,5,54.6,1620,mobile,West,plus,home
101025,47.1,45.5,6.9,4.47,32.73,0.488,8.7,34.9,1,0,16,9.3,5,50.8,997,tablet,Midwest,basic,beauty
101026,38.6,79.5,18,3.79,99.27,0.455,11,74.5,2,1,19.5,9.2,5,41.9,2284,mobile,Northeast,plus,beauty
101027,28.1,48.4,23.9,7.79,14.88,0.612,7.8,37,1,1,11.1,4.8,5,67.4,1215,desktop,West,basic,home
101028,50.1,50.8,9.2,7.59,19.99,0.871,13.9,75.2,3,1,1.8,7.8,5,54.3,1103,desktop,West,basic,groceries
101029,40.7,35.1,32,6.67,29.26,0.783,4.5,56.9,1,0,21.8,9.9,5,55.7,1126,mobile,South,basic,groceries
101030,18,57.2,7.1,6.58,50.88,0.525,12.9,56.7,1,0,12.2,12.7,5,50.2,1512,desktop,Midwest,plus,groceries
101031,57.5,121.6,27.8,6.32,105.22,0.122,2,52.7,1,1,12,14.8,5,52.7,2621,desktop,Midwest,premium,groceries
101032,42.8,,35.4,9.38,21.34,0.694,18.7,68.8,0,2,9.4,9.5,5,57.4,1381,desktop,South,basic,groceries
101033,36.1,58,13,6.18,33.03,0.561,13.9,74.7,3,2,0,6.9,,41.2,1056,mobile,West,plus,electronics
101034,28.5,74.5,20.2,5.31,27.84,0.703,13.1,,3,0,8.8,0.2,5,67,1277,mobile,West,plus,
101035,49.4,58.5,30.4,6.94,64.29,0.304,9.6,28.6,1,2,7.6,15.6,5,54.1,2022,mobile,Midwest,basic,electronics
101036,54.3,,8.4,2.66,100.56,0.022,10.4,38.4,1,1,24.4,10.6,4.94,56.4,2457,desktop,West,premium,electronics
101037,20.8,53.8,15.2,3.78,37.99,0.522,9.6,102.1,3,2,12.1,6.7,4.78,64.8,1017,mobile,West,plus,groceries
101038,47.5,,22.7,8.22,72.17,0.399,3.9,35.8,4,2,1.9,16.1,4.89,43.7,2191,mobile,South,basic,electronics
101039,30.7,82.3,39.7,5.01,32.32,0.841,12,40.9,3,1,26.9,4.3,,60.5,1464,tablet,South,basic,home
101040,31.6,86.9,42.5,6.88,49.22,0.322,6.9,32.7,2,2,2.8,9.7,5,40.1,1784,desktop,Northeast,basic,groceries
101041,35.2,61.9,23.1,6.34,53.99,0.293,3.6,48.3,4,0,0,12.7,5,43.6,1670,mobile,Midwest,basic,groceries
101042,45.2,92.8,37.3,7.84,75.92,0.506,11.6,19.1,3,3,5.5,16.6,5,54,2238,desktop,Midwest,premium,home
101043,30.6,,28.1,5.96,39.49,0.232,6.2,38.5,2,0,4.1,5.4,5,40.2,1554,desktop,Northeast,plus,groceries
101044,47.8,101.2,42.3,5.51,91.65,0.191,8.2,95.9,0,1,12.5,12.5,5,62.3,2231,desktop,West,plus,beauty
101045,26.8,68.9,21.8,5.46,39.19,0.466,9,42.6,1,0,11,4.2,5,48.2,1483,desktop,Midwest,basic,groceries
101046,36.6,98.8,11.6,7.46,64.06,0.618,7.9,,4,3,3.9,12.8,5,40.8,2312,tablet,South,plus,electronics
101047,48,,25.7,6.99,28.71,0.597,15.1,62.6,0,0,7.6,3.8,4.95,65.3,1529,desktop,Northeast,plus,groceries
101048,44.9,116.1,38.3,5.35,94.62,0.088,4.8,46.8,1,0,13,10.2,5,56.9,2513,desktop,West,premium,home
101049,46.9,62.5,36.1,7.26,33.88,0.804,13.3,24,2,3,25,8.8,,54.7,1396,mobile,Midwest,basic,home
101050,51.2,83.4,19.2,6.54,50.01,0.337,14.5,74.1,1,0,8.7,6.5,5,61.2,1235,desktop,South,basic,groceries
101051,24.4,73.2,34.4,6.84,37.88,0.731,11.4,59,1,2,8.7,10.4,5,65.2,1158,mobile,West,basic,groceries
101052,52.4,62.5,31.1,4.57,26.71,0.932,11.8,68.8,0,0,2.8,13.5,4.43,50.6,994,mobile,Midwest,basic,beauty
101053,34,64.5,20.7,2.37,33.63,0.6,16.7,70.1,0,0,13.5,7.7,5,41.7,1278,mobile,South,plus,groceries
101054,36.6,93.7,18.2,9.35,64.14,0.321,8.6,58.5,3,2,7.4,16.8,5,41.3,2126,desktop,South,plus,groceries
101055,49.6,79.7,37.3,1.02,78.06,0.13,10.1,99.1,0,0,23.9,7.2,5,52.6,1674,desktop,Midwest,basic,home
101056,31.7,45.6,16.9,4.08,31.08,0.763,6,48,2,3,12.4,7.2,5,34.9,1402,desktop,Midwest,basic,home
101057,43.9,85.5,29.2,4.19,120.99,0.222,6.9,85.8,1,2,7.1,14.8,4.63,59.7,2471,mobile,West,plus,home
101058,25.8,74,20.5,6.41,91.59,0.386,23.1,70.5,2,5,12.2,13.4,5,54.6,2565,,South,plus,groceries
101059,38.2,89.7,4.2,3.61,54.23,0.181,8.4,,4,4,20.4,14.4,4.68,44.2,1724,mobile,Northeast,plus,groceries
101060,46.8,57,11.1,7.48,18.38,0.555,9.3,,1,3,10.5,2.6,5,56.3,1302,mobile,South,plus,electronics
101061,47,,2.9,4.45,30.4,0.663,12.9,68.4,2,0,1.5,5.1,4.84,59,969,tablet,West,basic,groceries
101062,38.9,95.4,18.1,3.56,93.76,0.449,18.5,76.5,6,3,14.2,5.4,4.79,45.8,909,desktop,South,plus,groceries
101063,40.1,82.8,16.7,8.83,50.28,0.547,7.3,68.8,2,1,7.6,6.2,5,65.4,1666,mobile,West,basic,beauty
101064,34.2,,19,5.22,51.27,0.216,14.3,78.1,3,3,49.3,6.6,4.61,53.8,1578,mobile,Northeast,basic,beauty
101065,53.2,52.8,14.2,7.9,34.75,0.65,1.3,9.3,2,2,22.8,4.1,5,42.5,1236,mobile,West,premium,electronics
101066,45.7,55.3,13.7,3.77,33.98,0.712,4,101.4,3,1,20.5,9.2,4.87,54.6,1420,desktop,Midwest,basic,beauty
101067,45.5,76.5,39,9.27,69.25,0.436,5.9,44.1,4,2,15.9,5.9,5,39.9,1966,desktop,South,plus,groceries
101068,29.3,69.6,12.7,4.88,41.25,0.432,12.5,53,1,0,26.3,4.8,5,51.8,1470,mobile,Northeast,basic,home
101069,44,103.4,42.6,2.74,87,0.299,13.1,,2,1,35.8,5.2,4.74,60.6,2202,mobile,Northeast,premium,groceries
101070,43.7,78.9,36.6,2.16,91.79,0.191,15,71,4,1,0,7.8,4.46,60.4,2285,desktop,South,premium,electronics
101071,35.8,82.7,12.4,5.78,55.1,0.75,19.7,43.4,1,1,0,14.5,5,65.5,2048,mobile,Midwest,premium,beauty
101072,18,54.2,31,5.81,25.61,0.576,13.2,81.2,6,3,29.5,6.3,4.21,49.1,819,tablet,West,plus,electronics
101073,45.4,69.3,15.7,9.02,41.13,0.543,3.4,66.3,3,4,7.8,12.4,5,43,1301,mobile,West,plus,groceries
101074,47.2,57.6,31.3,7.29,28.39,0.543,12.6,57.6,3,4,24,6.7,4.13,64.6,974,desktop,West,plus,beauty
101075,41.8,76.1,25.7,7.4,75.94,0.667,12,24.4,2,4,5.9,10.6,4.94,56.5,2046,desktop,South,basic,electronics
101076,39.4,65.3,18.8,6.97,46.33,0.52,7.1,90.7,5,0,7.2,17.9,4.9,59.8,1882,,Midwest,basic,groceries
101077,30.7,76.5,36.1,7.27,58.19,0.328,8,41.5,2,2,8,16,5,54.5,1946,desktop,West,basic,beauty
101078,47,103.8,44.5,4.68,94.44,0.232,2.2,61.9,4,2,14.9,10.5,4.72,54.5,2287,mobile,West,plus,groceries
101079,31,93.6,19.6,3.32,64.32,0.265,12.2,,1,2,24.8,4.6,5,50.2,1747,tablet,West,basic,groceries
101080,30.4,58.7,22.4,4.5,21.57,0.751,15.3,17.7,1,0,19,7.8,4.89,61.2,992,tablet,Midwest,basic,home
101081,41.4,105.7,39.5,3.24,121.9,0.053,2.9,84.2,1,1,1.5,11.7,5,56.4,2473,desktop,West,plus,beauty
101082,45.6,70.9,32.7,4.62,42.4,0.509,15.8,18.4,2,2,11.9,5.4,5,55,1711,desktop,West,premium,groceries
101083,46.9,73.3,5.7,9.27,64.44,0.483,10.9,41.8,0,2,8.3,12.3,5,38,2081,tablet,Midwest,plus,
101084,31.3,48.2,13.3,10.65,26.53,0.668,20.4,,2,1,27,8,5,53.9,1827,mobile,Northeast,basic,groceries
101085,45.3,83.6,28.7,11.23,61,0.377,8.4,32,1,3,6.7,16.1,5,44.4,2331,tablet,South,plus,beauty
101086,37.5,60.3,12.6,7.67,37.28,0.442,6.3,,4,1,19.3,3.7,5,46.6,1631,mobile,Midwest,basic,
101087,42.1,81.5,30.9,6.78,57.88,0.491,12.6,9.3,4,1,12.1,13.7,4,56.6,1606,mobile,South,plus,groceries
101088,18,85.1,11.2,4.08,106.41,0.129,12,122.6,4,4,11.2,5.7,4.82,55.8,2336,mobile,West,basic,electronics
101089,60,105.6,30.2,10.27,53.24,0.58,13.7,,1,1,10.3,15.7,5,45.9,1712,mobile,Midwest,plus,beauty
101090,30.2,62.9,23.8,4.79,34.63,0.52,10.9,34.8,1,0,16,6.8,5,50.5,1515,mobile,Midwest,basic,groceries
101091,52.6,,7.3,8.62,18.5,0.565,14.2,71.4,1,0,6.1,2.9,5,57.3,948,,Northeast,plus,groceries
101092,33.1,84.6,7.3,3.88,84.02,0.263,29.3,125.3,3,2,19,9.1,4.21,56.5,1837,tablet,South,basic,groceries
101093,38.1,75.4,33.6,9.02,29.56,0.714,6.8,64.8,2,3,3.7,10.6,5,52.6,1946,mobile,Midwest,basic,electronics
101094,37.9,60.5,11.2,4.05,14.09,0.671,10,51.9,0,2,0.1,6.9,5,55,1036,mobile,South,basic,home
101095,20.4,73.4,23.3,10.88,25.08,0.461,12.8,26.4,2,0,17.9,4.3,5,46.6,1590,mobile,South,plus,beauty
101096,48,93.1,37.9,4.96,112.9,0.227,15.8,64,0,1,18,8.8,5,62,2505,mobile,West,plus,groceries
101097,50.5,112.3,22.9,3.98,99.17,0.313,0.5,44.3,2,4,24.8,13.3,4.01,39.1,2347,desktop,West,plus,electronics
101098,42.7,75.3,13.6,11.07,67.64,0.461,1.9,34.2,3,2,0.2,12,5,47.8,2677,mobile,Northeast,basic,electronics
101099,22.8,68.3,15.7,6.33,17.29,0.697,17.9,36.8,2,0,10.8,5.9,5,52.4,1082,mobile,Midwest,basic,beauty
101100,33.7,,1.7,3.74,97.93,0.3,14.8,65.6,1,1,19.8,2.5,4.76,47.7,2473,tablet,West,plus,home
101101,36.3,63.3,29.1,7.42,32.31,0.589,12.1,,3,0,24.5,3.4,4.83,55.8,1410,mobile,South,premium,groceries
101102,39,,29.5,8.88,64.02,0.415,6.5,68.2,4,2,4.8,5.5,5,47.9,2309,desktop,South,plus,electronics
101103,51.3,111.3,56.3,3.04,102.32,0.215,6.7,54.1,0,2,13.7,10.7,5,57.7,2680,,Northeast,premium,beauty
101104,37.1,80,10.2,3.29,116.22,0.261,17.7,58,3,3,29.9,10.1,5,56.4,2462,mobile,Midwest,basic,electronics
101105,22.9,71.7,11.5,2.26,41.52,0.637,21.3,,1,1,9.2,8.9,4.69,49.1,1154,mobile,Northeast,basic,
101106,29.1,76,19.8,8.39,52.48,0.51,5.5,43.5,1,1,6.5,7.7,5,43.6,1851,tablet,Midwest,basic,groceries
101107,22.5,62.3,13.3,3.24,41.86,0.332,21.5,,0,2,23.6,7.9,4.78,46.4,1494,desktop,South,basic,groceries
101108,28.2,109.4,22,3.22,72.04,0.318,23.7,83.4,1,2,11.8,11.7,5,70.3,1997,mobile,Northeast,basic,groceries
101109,45,59.2,16.9,6.54,52.58,0.291,8,23.1,0,0,10.8,7.2,5,45.3,2162,tablet,South,premium,beauty
101110,45.6,81.5,19.3,5.78,83.76,0.351,2.3,37.2,1,1,23.9,16,5,45.4,2407,mobile,Northeast,basic,beauty
101111,30.5,67.2,28.6,6.13,39.37,0.524,11.1,,1,0,3,7,5,65.4,1640,mobile,South,basic,groceries
101112,42.4,39.7,34.9,9.86,87.68,0.261,2.2,52.5,1,1,10.3,24.1,4.98,38.5,2092,desktop,South,plus,beauty
101113,21.9,59,17.5,8.33,17.2,0.612,16.5,50.5,0,1,18.6,9.5,5,44.8,1072,desktop,Midwest,basic,groceries
101114,28.1,65,26.8,6.19,80.14,0.431,9.5,,1,2,8.4,18.1,4.9,65.1,2113,mobile,West,plus,groceries
101115,55.6,52.4,19.2,4.88,32.02,0.602,19,52.2,3,1,6.2,3.5,5,49.8,1750,tablet,South,premium,home
101116,30.6,93.7,26.4,3.92,120.47,0.125,2.7,32.2,2,4,0,10.9,4.66,44.3,2948,tablet,South,plus,electronics
101117,37,106.7,34.2,2.36,115.68,0.087,13.7,55.3,1,1,22.6,8.1,4.3,41.3,2624,desktop,Midwest,premium,electronics
101118,45.7,62.4,13.2,5.89,28.61,0.515,12.3,48.9,2,3,14.4,2.5,5,44.9,1399,desktop,South,plus,home
101119,34.1,59.3,17,9.21,75.1,0.539,12.4,16.3,5,3,6.4,9,5,42.2,2563,mobile,Midwest,basic,groceries
101120,31.8,43.5,4.9,5.38,32.31,0.399,10.2,22.9,0,1,3,3.1,4.52,46,1734,tablet,Midwest,premium,groceries
101121,38.5,114.1,15.9,5.88,121.89,0.224,8.8,91.1,1,3,16.4,9.5,5,67.5,3117,,West,plus,electronics
101122,47.8,93.4,12.9,4.72,79.11,0.338,9.1,56.1,3,3,4.4,15.1,3.87,53.3,1793,tablet,Northeast,basic,groceries
101123,37.5,,14.6,5.84,96.35,0.353,19.6,96.4,1,5,16,11.2,,58.4,2172,tablet,West,plus,home
101124,49.9,39.4,17.5,5.38,30.3,0.39,12.2,,1,3,17.8,9.9,,43.3,1366,desktop,West,basic,groceries
101125,37.9,96.2,37.9,4.35,111.4,0.3,0.2,44.3,2,2,31.3,0.7,,42.8,2653,mobile,South,premium,beauty
101126,27.1,96.7,26.3,2.84,35.64,0.274,13.9,,3,5,35.5,14,3.56,53.3,1268,mobile,Midwest,basic,beauty
101127,44.1,58.9,18.6,4.07,45.89,0.813,0.2,61.1,3,1,28.5,7.6,5,38.7,1408,desktop,West,basic,groceries
101128,43.7,47.8,17.4,5.25,31.68,0.593,10.4,45.9,0,1,17.7,9.4,4.31,61.5,1568,desktop,Midwest,premium,groceries
101129,41.4,65.1,31.3,5.94,31.98,0.535,7.5,114.8,2,2,14.2,4.9,4.74,58.5,1530,tablet,Midwest,basic,electronics
101130,45.5,120,53.7,3.72,118.98,0.254,6.8,67.9,1,1,20.3,11.5,5,68.7,2422,mobile,West,plus,home
101131,35.4,127.6,41.5,3.86,121.09,0,3.9,70.4,2,0,33.5,11.1,5,54.9,2415,tablet,Midwest,plus,groceries
101132,34.9,124.9,19.3,5.98,133.75,0,2.7,60.7,1,3,7.4,7.8,5,49.2,3181,mobile,West,plus,beauty
101133,38.7,57.6,19.5,6.63,36.17,0.888,11.3,70.9,1,1,10.6,8.5,5,58.5,1314,mobile,West,plus,beauty
101134,38.4,63.1,48.2,7.42,114.76,0.235,13.1,72.4,0,2,19.9,8.3,5,53.8,2818,tablet,West,basic,electronics
101135,46.7,67.7,31.4,8.22,76.68,0.523,10.6,88,2,0,9.6,16.1,5,57.6,2273,desktop,Midwest,basic,groceries
101136,48.9,89.9,28.1,4.74,110.58,0.215,10.9,90.1,0,2,11.6,13.2,,44.8,2330,tablet,Midwest,plus,electronics
101137,49.9,82.5,23.9,10.55,55.91,0.567,5.1,36.7,5,1,8.1,17.2,5,54.4,1846,desktop,West,basic,groceries
101138,37.5,117.1,23.8,1.88,80.71,0.543,27.7,156.2,6,6,17.5,11.3,3.99,54.2,1666,mobile,South,basic,groceries
101139,20.5,,10.2,3.74,90.65,0.168,21,58.1,4,3,41,6.8,5,65.7,2761,mobile,West,premium,groceries
101140,39.5,78.6,12.8,6.76,51.47,0.309,15.2,90.3,1,1,5.7,11.4,5,61.6,1494,tablet,South,plus,groceries
101141,38,35.9,28.9,3.1,17.17,0.931,12.5,30.5,1,1,4.1,7.7,4.63,52.3,1210,mobile,Midwest,premium,home
101142,29.1,,13.4,6.22,32.2,0.688,14.1,50.2,0,1,6.3,8,,55.5,1122,mobile,West,basic,home
101143,43.6,37.5,16.1,6.11,17.53,0.599,11.6,67.8,0,2,17.7,8.3,5,61.7,800,,South,basic,
101144,61.6,93.9,24,3.95,91.98,0.212,11.4,76.7,0,2,17.8,12.1,5,56.8,2386,mobile,West,premium,beauty
101145,37.2,97,22.4,7.55,63.97,0.316,7.6,25.8,3,2,9.6,9.8,5,44.2,1916,mobile,Midwest,basic,
101146,47.6,94.6,11.7,6.13,81.44,0.365,2.4,87,2,3,12.8,6.8,5,46,2506,desktop,West,premium,groceries
101147,43.2,87.4,50.6,6.67,97.72,0.037,0.1,,3,0,20.9,6.5,5,44.1,2525,desktop,West,premium,beauty
101148,31.7,89,27,6.4,61.11,0,16.1,111.2,4,3,31.4,6.1,,65,2075,desktop,Northeast,basic,beauty
101149,38.7,104.6,15.5,5.59,40.53,0.782,11.3,59.5,0,0,16.4,5.8,,72.7,1861,mobile,West,premium,groceries
101150,53.9,42.2,21.7,6.96,21.52,0.868,10.3,44,0,2,8.8,4,5,53.9,1047,mobile,Midwest,plus,groceries
101151,47.7,75.1,3.5,3.41,63.03,0,19.6,129.7,1,2,20.3,5.1,5,74,1733,mobile,West,plus,groceries
101152,42.9,77.2,27.8,4.84,51.29,0.4,8.7,76.4,1,4,1.6,0.6,4.07,67.9,1858,mobile,Midwest,basic,groceries
101153,37.2,65,28.9,7.12,30.15,0.561,14.8,66.1,5,2,3.6,6.2,5,63.5,1254,mobile,Northeast,basic,
101154,33.3,,22.2,2.94,109.42,0.218,8.1,56.9,0,0,14.1,10.5,5,43.1,2450,mobile,Northeast,plus,beauty
101155,46.1,111.7,46.6,2.73,96.23,0.083,0.1,98.3,0,1,1.2,7.4,5,43.7,1923,desktop,Northeast,plus,groceries
101156,23,74.3,13.2,5.68,72.57,0.342,21.8,85.2,1,0,28.7,15.8,,68.7,2247,mobile,West,premium,home
101157,44.9,35.2,19.6,6.13,38.53,0.626,16.7,83.7,1,0,17.1,9.3,5,50.9,1528,mobile,Midwest,basic,groceries
101158,59.4,58.5,34.3,5.32,37.67,0.539,14.6,35.2,1,2,3.7,6.4,5,54.5,1423,mobile,Midwest,basic,beauty
101159,35.5,96.5,10.2,5.95,99.7,0.118,3.6,,3,0,14.9,15.9,5,45.5,2625,mobile,Northeast,basic,home
101160,32.8,136.4,15,4.15,72.22,0.254,9.7,94.5,2,2,30.9,6.6,4.68,50.3,1947,mobile,South,plus,groceries
101161,56.2,76.2,12.1,7.58,69.33,0.415,5,27.6,1,1,15.1,7.5,5,45.2,2048,desktop,Midwest,basic,groceries
101162,48.7,,20.8,3.45,102.77,0.412,10.6,103.9,2,1,20.5,9.8,4.57,53,2497,desktop,Northeast,premium,
101163,51.4,81.9,5.1,3.47,53.88,0.4,11.9,34.8,1,3,0,9.9,5,54.7,1535,desktop,Midwest,basic,groceries
101164,40.2,45.7,1.9,3.29,33.68,0.685,16,68.8,1,1,18.3,4.5,4.99,73.9,872,desktop,West,plus,groceries
101165,39.4,,26.7,12.13,66.26,0.431,12.8,19,1,0,1.1,15.5,5,38.6,2379,tablet,West,plus,groceries
101166,48.1,,18,9.08,67.53,0.479,5.8,18.4,1,1,5.3,0.2,5,42.7,2054,desktop,South,plus,groceries
101167,46.6,56.2,24.7,2.53,40.63,0.704,15.9,61.2,0,0,18.9,7.9,4.59,58.1,1230,mobile,Midwest,plus,beauty
101168,44.2,114,34.9,2.05,113.79,0.388,6,,2,1,16.3,10.8,5,51.3,2851,mobile,Midwest,premium,home
101169,42.4,80.4,22.1,3.87,107.76,0.078,12.3,83.3,1,2,6.3,10.7,4.89,65.5,2670,mobile,Northeast,premium,beauty
101170,38.2,71.6,30.3,10.8,47.15,0.535,5.3,39.7,2,2,7.7,15.3,5,49.4,2065,desktop,South,basic,groceries
101171,41.3,,11.4,7.48,18.38,0.555,9.3,,1,3,10.5,2.6,5,52.9,1314,mobile,Midwest,plus,groceries
101172,26.6,68,5.6,1.61,98.4,0.117,17.1,91.7,6,4,27.7,5.5,4.07,44.8,2044,,Northeast,premium,home
101173,31.4,87.8,11.7,4.45,90.66,0.095,29.5,72.1,3,5,12.1,10.3,4.14,49.9,2368,tablet,Northeast,premium,electronics
101174,47.2,,40.5,5.88,54.78,0.531,7,,4,0,9.2,12.7,4.83,50.4,1916,mobile,South,plus,home
101175,39.9,119.3,22.4,1.84,91.29,0.385,16,84,3,2,37.9,9.2,4.55,65.6,1632,mobile,Northeast,plus,groceries
101176,35.1,76.3,20.5,6.15,64.99,0.107,5.1,,2,2,15.9,8.2,5,63.5,2073,mobile,Northeast,premium,groceries
101177,37.5,67.4,41.8,5.37,83.73,0.198,10,37.8,1,1,28.7,13.3,5,39.4,2661,mobile,West,premium,home
101178,44.5,,5.7,3.77,121.18,0.263,7.5,74.7,0,2,15.8,12.4,5,45.3,2856,tablet,Northeast,premium,home
101179,45.8,45.1,8.4,4.62,30.53,0.688,10.3,73.4,3,0,18.1,9.6,5,70.8,1407,desktop,Midwest,basic,groceries
101180,37.4,82,30.8,2.39,40.05,0.834,6.6,64.5,2,2,10.6,9.4,4.74,47,1301,desktop,West,plus,electronics
101181,37.3,76.7,41.8,4.79,89.33,0.134,1.5,64.6,2,2,12.7,14.3,4.98,47.4,2608,desktop,Midwest,basic,beauty
101182,32.1,79.7,36.3,5.44,72.72,0.025,8.5,65,2,2,24.4,6,5,43.8,2013,desktop,Midwest,plus,home
101183,33.9,84.3,22.6,3.53,88.76,0.046,20.3,58.4,0,1,7.3,7.9,,48.1,2485,mobile,West,basic,groceries
101184,36.9,100.7,26.1,6.71,62.85,0.428,8.5,54.6,2,0,1.3,9.5,,45.2,1720,mobile,South,plus,groceries
101185,33.1,66.2,43,7.5,18.07,0.643,7.2,76.3,0,0,8.3,10.7,5,45.1,1304,desktop,Midwest,premium,groceries
101186,51.8,116.7,49.2,5.8,114.06,0.177,15,62.5,1,1,19.4,11.1,5,54.2,2686,mobile,West,premium,groceries
101187,39.3,77.8,25.9,6.67,38.49,0.391,9.1,36.1,1,3,16.2,16,,46.3,1454,desktop,South,basic,electronics
101188,29,99.8,5.2,4.07,44.91,0.628,24.1,153.9,6,5,34.8,11.9,4.62,51.9,1222,mobile,Midwest,plus,groceries
101189,60.3,64.9,22.5,2.81,43.24,0.685,14,71.3,1,2,20.6,8.6,4.32,55.9,1158,mobile,Northeast,basic,beauty
101190,39.4,78.2,19.1,9.31,77.46,0.533,6.9,48.6,0,1,12.6,11.3,5,53.3,2400,,South,basic,groceries
101191,32.8,94.1,16.9,5.07,97.39,0.22,22.6,,6,3,39.7,4.9,4.1,52.4,2478,mobile,West,basic,groceries
101192,18,80.6,14.6,5.22,67.77,0.24,10.7,92.7,2,3,20.4,11.7,5,59.7,2289,tablet,West,basic,groceries
101193,52.6,127.7,23,4.26,82.27,0.117,8.7,,2,0,14.6,14.4,,66.4,2290,tablet,Northeast,plus,groceries
101194,47.1,69.7,15.4,5.97,20.03,0.778,15,85,3,0,12.5,8.5,5,54.9,1109,desktop,South,basic,groceries
101195,41,128.7,40.2,4.98,81.02,0.205,7.6,58,2,0,29.8,3.2,5,44.7,2206,desktop,West,premium,groceries
101196,38,113.4,26.8,4.91,105.02,0.174,13.8,52.5,0,1,15.5,9.4,,53.1,2924,mobile,Northeast,premium,electronics
101197,50.4,81.8,23.6,8.39,53.29,0.479,8.4,71.2,0,2,4.3,10.3,5,56,1945,desktop,South,basic,groceries
101198,20.6,84.7,39.7,6.98,19.08,0.679,5.7,55.6,1,2,0.7,9.3,5,38.8,989,mobile,Northeast,basic,groceries
101199,18,27.6,12.7,6,20.22,0.807,17.4,73.9,0,1,1.8,8,5,43.8,991,mobile,Midwest,basic,groceries
101200,23.2,123.2,34.5,5.66,130.63,0.168,5.9,44.5,1,5,0,11.4,,49.3,2862,mobile,West,basic,
101201,56.8,72.7,60,4.28,105.23,0.01,11.6,47.4,2,3,18.5,9,,53.4,2822,mobile,West,premium,home
101202,19.1,76.5,12.9,3.32,14.69,0.422,18.4,,2,4,34.3,6.5,4.19,58.4,827,,South,plus,groceries
101203,53,86.5,24.6,5.47,89.57,0.194,7.1,62.2,0,1,24.8,6.5,5,42.1,2223,desktop,Midwest,premium,groceries
101204,45.5,83.6,27.6,7.2,89.46,0.494,7.8,69.4,1,2,0,9.4,5,50.7,2712,desktop,West,plus,groceries
101205,32.8,109.2,29.4,5.28,103.61,0.2,5.4,79.5,1,1,15.6,8.5,,53.1,2398,desktop,Midwest,basic,home
101206,32.4,86.6,4.7,7.76,50.24,0.347,4.6,5.3,0,2,0,13.1,5,72.3,2570,mobile,West,premium,beauty
101207,32.1,94.2,40.6,5.12,79.51,0.116,9.7,79.3,1,5,15.4,9.3,,65.1,2634,tablet,Midwest,premium,electronics
101208,40.7,111.6,4.5,2.29,75.11,0.281,6.2,75.8,2,2,16.9,7.4,5,50.6,1523,mobile,Northeast,basic,groceries
101209,29.2,80,16.7,2.24,30.73,0.389,5.7,64.6,1,0,0,10.2,5,62.9,1029,desktop,Midwest,basic,home
101210,23.5,62.4,14,6.78,34.69,0.682,8.7,38.7,0,0,15.8,11.4,5,44.5,1060,tablet,South,plus,groceries
101211,35.6,71.7,29,6.61,26.93,0.55,14.4,52.4,1,2,1.5,0.2,5,63.3,1396,mobile,Northeast,basic,groceries
101212,39,54.1,31.4,8.49,29.26,0.76,8.7,33.2,0,1,14.6,6.5,5,34.3,1415,mobile,Midwest,plus,groceries
101213,33.2,65.8,27.1,7.26,17.09,0.67,12.3,36.1,2,0,4.4,10.5,5,53.9,1186,mobile,West,basic,groceries
101214,27.8,27.6,12.2,4.12,44.53,0.285,13.9,79.3,3,4,32.8,8.4,,59.8,1300,mobile,Northeast,plus,home
101215,36,94.8,29.7,6.75,46.97,0.474,5.2,45.6,1,1,3.2,12.9,,51.7,1783,desktop,Midwest,plus,electronics
101216,34.3,67.5,22.4,6.14,37.68,0.6,11.3,67.1,0,1,18.5,9.7,5,62.5,1612,desktop,Midwest,basic,groceries
101217,24.9,,13.3,4.3,41.85,0.431,14.1,109.9,3,4,31.3,8.4,5,44.6,1098,desktop,Midwest,plus,
101218,31.4,65.9,20.6,10.87,33.21,0.677,17.7,49.7,1,0,18.8,9.8,5,59.2,1570,mobile,Midwest,plus,groceries
101219,33.2,130.8,20.4,2.11,70.39,0.187,23.4,109.1,2,2,6.1,8.1,5,66,1823,,Northeast,premium,beauty
101220,41.4,70.5,23.4,4.52,77.48,0.49,13.9,49.9,3,1,7.6,9.3,5,44.7,1804,mobile,South,plus,groceries
101221,50.1,87.3,30.4,9.04,63.83,0.266,10.7,36,1,2,5.1,13.3,5,63.9,1759,desktop,South,basic,home
101222,46.5,112.4,31.1,6.77,34.62,0.653,17.6,46,0,0,8.3,7.3,5,35.6,1725,mobile,South,premium,home
101223,23.8,59,6,3.36,78.33,0.352,16.5,22.9,6,4,13.7,2.9,4.24,51.6,2202,mobile,South,plus,beauty
101224,46.2,92,41.4,6.65,55.28,0.29,2.8,62.1,1,1,11.5,8.8,5,60,2476,desktop,Northeast,plus,home
101225,48.3,77.6,32.9,5.22,57.04,0.322,4.3,57.5,4,3,19.3,25.2,2.64,49.3,1747,mobile,West,basic,groceries
101226,50.3,126.5,40.6,3.77,121.18,0.263,7.5,74.7,0,2,15.8,12.4,5,41.7,2974,tablet,Midwest,premium,electronics
101227,40.5,45.3,16.7,7.85,44.89,0.437,13.5,81.8,2,1,1.7,17.4,5,67.6,1683,desktop,West,basic,beauty
101228,36.9,80.9,2.8,3.33,96.45,0.365,19.1,86.7,5,5,19,5.1,3.33,58.8,1966,mobile,Midwest,plus,groceries
101229,60.4,,43.2,7.76,66.58,0.224,17.5,,4,4,15.6,11.6,,58.1,1838,mobile,South,plus,home
101230,24.8,82.2,18.1,2.62,66.49,0.021,19.7,,4,4,35.7,9,4.3,59.7,1497,mobile,West,plus,electronics
101231,35.4,76.2,22.8,3.45,69.31,0.37,15.8,54.5,1,3,25,2.6,5,54.6,1846,tablet,West,basic,groceries
101232,57.7,99,1.4,5.32,89.31,0.28,9.2,60.5,1,1,5.9,8.5,5,59.4,2658,mobile,West,premium,beauty
101233,18,67.9,25.6,3.81,59.52,0.057,22.5,118.3,4,4,26.3,8.9,3.8,52.4,1639,desktop,Midwest,basic,home
101234,55.6,118.1,28.8,3.52,133.12,0.165,2.4,49.8,2,3,16.2,9.8,4.83,45.7,3208,mobile,Northeast,premium,beauty
101235,21.9,42.4,3,6.08,30.77,0.454,0.2,46.2,0,2,7.3,10.9,4.87,49.9,1755,mobile,West,basic,home
101236,40.3,106.6,11.2,4.27,66.26,0.436,25.5,109.5,3,5,12.2,5.2,5,56.5,1665,mobile,South,plus,groceries
101237,37.6,51.5,27.8,6.6,30.81,0.294,9.9,71.1,2,3,11.2,12.5,5,61,1023,mobile,Midwest,plus,beauty
101238,37,52,27.1,6.54,32.28,0.612,13.9,,3,0,5.4,11.1,5,58.4,1115,mobile,West,basic,groceries
101239,35.6,95.9,38.7,3.42,64.36,0.377,12,79.3,3,2,24,7.9,4.45,32.6,1734,desktop,South,plus,groceries
101240,54.4,118.1,29.1,4.64,139.68,0.075,1.9,43.7,2,1,26.2,19.1,5,48.6,3104,mobile,Northeast,basic,beauty
101241,35,66,43.5,1.11,104.92,0.053,5.3,43.6,1,3,18.2,6.2,5,44.8,2644,mobile,Midwest,premium,beauty
101242,33.7,,40.7,2.11,52.36,0.438,5.7,55.8,0,1,4.8,13.7,,57.6,938,tablet,West,basic,home
101243,40.7,59.2,1.8,4.94,37.33,0.471,15.1,75.3,1,0,0,6.3,5,67.1,1477,desktop,South,plus,groceries
101244,41,105.9,27.4,7.5,93.63,0.487,6.3,46.2,5,3,0,11.7,5,62.8,2504,mobile,Midwest,plus,electronics
101245,45.9,57.2,2.8,4.45,50.44,0.344,26.5,88.1,4,4,45.6,7.5,4.32,75.9,1366,desktop,West,basic,beauty
101246,18,50.3,14.8,8.63,35.7,0.441,8,,1,1,14.3,0.2,5,48.9,1671,mobile,Midwest,basic,
101247,53.8,129,34.7,3.82,108.32,0.186,9.3,62.4,1,1,12.1,2.2,5,65.2,2583,desktop,Northeast,basic,electronics
101248,37.7,58.3,41.6,10.38,44.52,0.525,0.1,63.4,2,2,13.7,5.7,5,52.2,2262,mobile,South,plus,electronics
101249,46.8,119.7,32.6,6.23,128.09,0.203,4.5,80.8,0,2,11.9,12.7,5,58.6,3237,,Northeast,premium,
101250,61.2,109.8,32.9,5.63,102.03,0.201,2.8,62.6,1,2,7.6,10.4,,52.7,2651,mobile,West,premium,beauty
101251,25,114.5,56.6,3.7,105.2,0.411,9.8,67.7,1,1,38.5,12.8,5,49.9,2700,mobile,South,premium,beauty
101252,33,85.8,23.5,9.38,37.79,0.918,13.6,55.2,2,0,12,5.4,5,49.9,2206,desktop,West,basic,groceries
101253,27.2,75.2,3.4,1.87,70.55,0.085,25.3,145.3,1,0,23.2,2.5,4.93,65.2,1881,tablet,Northeast,plus,groceries
101254,40.9,58.1,5.3,10.09,55.35,0.56,5.1,45.3,1,1,16.6,5.2,5,54.1,2357,desktop,South,basic,home
101255,30.2,,26.2,6.37,40.24,0.507,5.9,47.7,2,0,8.7,9.9,5,46.8,1674,desktop,South,plus,
101256,49.1,51.9,11.5,2.82,18.34,0.959,8.1,58.1,2,1,32,10.9,3.59,50.8,1346,mobile,South,premium,groceries
101257,43.7,73.5,22.8,10.09,63.69,0.601,7.1,,3,3,10.8,4.6,5,53.8,1738,mobile,Northeast,basic,groceries
101258,40.7,82.9,21.6,5.7,23.69,0.746,13.4,34.9,3,0,20.6,4.9,5,60.2,1429,mobile,South,basic,groceries
101259,40.5,48.6,26,8.32,19.11,0.53,11.1,40,0,2,18.8,4.4,5,44,1055,mobile,West,basic,electronics
101260,47.8,79.6,29.5,4.44,28.59,0.665,6,9.5,2,0,6.8,6.9,5,45.4,934,mobile,Midwest,basic,groceries
101261,31.4,38.9,24.3,6.02,23.47,0.639,7.7,55.1,1,0,21.4,10.5,5,37.4,1406,mobile,Northeast,basic,groceries
101262,33,112.1,1,5.76,118.74,0.285,7.9,79.2,1,2,2.2,3,,63.1,2872,desktop,Northeast,premium,
101263,35,53,47.4,5.92,104.27,0.019,5.6,42.1,4,3,30.7,14,3.17,37.4,2034,desktop,Midwest,plus,electronics
101264,50.3,,30.9,10.03,55,0.467,10.6,,3,4,7.3,8.6,5,43.6,2069,mobile,Midwest,basic,electronics
101265,49.4,94.5,62.5,5.65,68.81,0.321,13.7,79,3,3,0,13.9,4.6,56.5,1926,desktop,Midwest,basic,groceries
101266,39.9,64.9,7.4,9.08,60.08,0.536,12.4,41.9,2,1,5.6,8.4,5,52.7,1914,desktop,South,basic,
101267,35.9,115.1,13.4,4.47,84.48,0.236,6.5,74.1,4,2,25.7,14.5,4.38,47.5,2291,desktop,West,basic,electronics
101268,34,97.8,14.3,5.01,60.26,0.085,12.8,83.5,2,2,8,2,5,64.6,1897,mobile,West,plus,groceries
101269,34.4,101.3,14.2,5.39,68.46,0.509,16.4,47.5,1,0,7.1,14.9,4.44,62.5,2297,desktop,South,plus,groceries
101270,46.2,52.9,26.4,10.37,46.07,0.572,7.9,50.5,3,4,3.8,12.3,5,46.2,2063,mobile,Midwest,basic,groceries
101271,44.5,55.3,17.9,3.96,31.61,0.548,9.9,28.4,2,0,16.9,6.2,5,51.1,1407,mobile,South,basic,groceries
101272,42.3,118.1,29.6,6.34,95.8,0.183,4,71.8,2,2,21.6,8.8,5,55.8,2398,mobile,Northeast,basic,electronics
101273,26.7,104.7,4.8,5.14,65.23,0.022,1.9,95.9,1,0,18.9,4.6,5,33.2,1702,desktop,Northeast,plus,beauty
101274,45.2,71,22.3,8.62,35.63,0.98,6.7,36.6,1,1,21.9,5.4,5,57.1,1991,mobile,Midwest,premium,electronics
101275,32.7,116.2,10.3,6.01,69.51,0.171,9.7,87.8,1,3,7.2,16.2,4.62,67.6,2062,,West,basic,groceries
101276,54.2,139.6,58.2,5.1,134.07,0.179,13.2,91.6,1,1,0,14.5,5,59.5,3081,desktop,South,premium,beauty
101277,39.2,77.6,14.7,1.18,25.09,0.672,12.1,63.4,1,2,15.5,14.7,,54.2,1159,mobile,Midwest,premium,beauty
101278,40.6,,19.8,2.49,77.48,0.04,11.7,,5,5,32.6,5.4,5,65.3,1768,mobile,West,plus,groceries
101279,18,53.8,25.4,1.76,25.58,0.803,7,62.1,0,2,14.9,8.1,4.73,44,1161,tablet,Midwest,plus,groceries
101280,50.4,107,37.7,4.42,106.31,0.094,8.9,53.7,0,1,18.4,9.5,5,54.5,2411,mobile,Midwest,premium,electronics
101281,34.5,,1,9.38,68.39,0.39,7.6,,2,1,2.6,15.3,,48.1,2396,desktop,Midwest,basic,groceries
101282,18.6,51.3,27.7,7.21,35.15,0.806,13.4,32,1,0,19.4,3.8,5,48.2,1308,desktop,Midwest,plus,groceries
101283,59.8,79.1,16.7,5.38,29.47,0.473,10.1,55.4,0,1,7.4,7.8,5,38.4,1151,mobile,West,basic,groceries
101284,40.4,89.2,31.2,4.01,117.53,0.13,7.1,58.2,1,1,34.6,10.6,5,50.5,2902,desktop,South,premium,electronics
101285,37,63.9,44.2,9.01,71.65,0.424,10.5,71.9,0,0,6.5,6.3,5,51.4,2237,desktop,Midwest,plus,groceries
101286,51,125.6,45.1,3.94,112.75,0.212,0.7,84.4,1,2,23.5,0.2,4.44,49.1,2460,tablet,West,plus,electronics
101287,49.3,126.8,20.2,1.86,102.18,0.166,8.7,60.7,0,2,17.8,15.7,4.48,49.6,2200,mobile,Northeast,plus,beauty
101288,43.4,65.5,39.7,3.98,62.65,0.157,3.7,55,2,1,2.5,7.8,5,57.7,1763,desktop,Northeast,plus,electronics
101289,43.1,57.4,13,7.23,18.77,0.958,4.2,48.5,1,0,6.6,2.9,5,46,1447,mobile,West,premium,groceries
101290,34.7,58.9,21.4,10.72,29.2,0.75,5.1,66.8,1,0,2.3,14,,44.5,1633,desktop,South,basic,groceries
101291,18,40.5,16.2,4.86,20.2,0.183,9,35.3,2,1,6.5,6.2,5,63.4,997,desktop,South,basic,beauty
101292,23.8,115.8,51.1,4.69,93.13,0.17,7,64,1,2,9.4,6.2,5,50.3,2240,mobile,Northeast,basic,groceries
101293,44.8,59.2,19.3,10.7,83.1,0.675,12,28.8,1,2,0,9.7,5,38.5,2943,tablet,Midwest,premium,home
101294,40.2,63.3,30.9,7.01,35.63,0.546,14.9,,0,2,13.9,2.9,,70.2,1094,mobile,West,basic,groceries
101295,42.7,96.4,40.9,2.85,59.55,0.051,4.3,66.6,3,2,26.9,10,5,46,2071,tablet,Northeast,premium,electronics
101296,21.3,79.6,27.9,1.24,57.73,0.597,16.5,67.3,4,4,42.2,11.3,,63.6,1918,desktop,Northeast,basic,groceries
101297,55.6,87.2,33.3,4.23,80.68,0,12.2,29.4,0,2,16.8,10.4,5,53.9,2629,tablet,Northeast,premium,electronics
101298,38.4,37.1,37.8,7.24,37.7,0.594,5.7,55.4,2,0,8.2,10.9,4.41,47.5,1985,tablet,South,basic,beauty
101299,32,72.1,19.5,0.33,53.61,0.239,17.5,105.8,3,4,14.8,9,3.12,63.1,1303,mobile,West,basic,groceries
101300,47.8,119.6,40.5,2.78,107.78,0.102,11.4,74.2,2,2,13.9,8.1,4.71,48.2,2565,mobile,Northeast,premium,electronics
101301,27.5,79.4,1,4.42,22.96,0.133,18.4,93.1,1,3,12.3,11,4.93,61.8,1270,tablet,West,basic,electronics
101302,55.9,71.1,19.4,5.05,65.15,0.484,6.3,35,1,1,8,15,,38,1404,tablet,Midwest,plus,groceries
101303,22,124,19.9,3.49,66.18,0.002,14.3,89.3,4,3,33.3,16.3,3.92,59,1491,,Northeast,plus,home
101304,23.4,107.2,14.7,4.08,41.72,0.155,17.3,110.6,2,0,15.8,11.3,4.88,73.4,1380,mobile,West,plus,groceries
101305,35.2,81.3,14.7,7.05,30.28,0.54,6.8,32.5,2,0,0,12.9,5,55.9,1435,mobile,West,premium,groceries
101306,48,21.3,17.5,8.42,36.96,0.721,9.4,61.9,1,0,18.8,2.9,5,65.3,1736,mobile,South,basic,groceries
101307,21.5,72.4,25,3.44,36.8,0.505,17.8,61.9,3,0,11.2,5.6,4.68,42.4,1519,desktop,West,premium,beauty
101308,18,64.1,23.8,5.63,28.76,0.519,10.8,63.1,2,1,9.2,0.9,4.43,51,1387,desktop,South,plus,electronics
101309,25.4,89.4,17.8,4.73,69.7,0.272,19.4,112.9,3,3,19.8,6.6,5,48.3,1666,mobile,Midwest,basic,groceries
101310,50,65.8,31,6.53,34.36,0.698,10.7,78.2,1,0,8.1,7.2,,53.4,1433,tablet,West,basic,home
101311,39.7,59.6,5.8,4.9,15.98,0.681,16.2,14.1,0,0,17.3,12.4,5,52.4,840,,West,basic,groceries
101312,48.3,99.4,47,2.72,60.08,0.41,22.1,106.9,1,2,29.8,10.5,3.79,54.7,2150,mobile,West,basic,groceries
101313,36.7,74.8,15.5,3.46,101.64,0.282,12,76.4,0,2,21.1,12.3,5,52.9,2207,,Midwest,premium,electronics
101314,40,51.5,30.7,8.77,25.68,0.844,5,45.1,1,1,13.5,4,5,56.3,1565,mobile,South,basic,home
101315,35,82.3,33.6,6.97,54.48,0.508,19.9,50.7,1,2,11.9,6.7,5,66.2,1939,mobile,West,plus,groceries
101316,57.6,128.8,29.1,5.64,102.65,0.22,10.6,70.2,1,4,20.9,6.2,,48.3,2776,mobile,Midwest,premium,electronics
101317,48.6,108.1,27.7,9.74,83.65,0.483,4.4,48.4,2,2,22.1,4.2,5,41.1,2540,mobile,Northeast,premium,home
101318,45.9,74.6,43.5,5.63,114.55,0.172,7.4,59.7,1,0,23.9,8.7,5,51,2781,tablet,Midwest,premium,home
101319,44.6,42.9,26.3,6.6,36.29,0.647,17.2,46.8,0,1,8.2,1.6,5,58.8,1829,,Midwest,premium,beauty
101320,31.2,75.6,28.8,4.14,85.04,0.27,18.3,76.3,1,0,22.9,9.6,5,41.1,2021,desktop,Midwest,plus,groceries
101321,36.2,70.6,21.1,9.17,51.76,0.206,0.1,,2,1,13.5,7.4,5,52.5,1702,desktop,South,plus,groceries
101322,40.7,103.8,28.9,4.83,139.12,0.114,8.3,71.2,1,2,8,16,4.23,54.6,3089,mobile,Northeast,premium,electronics
101323,40.5,101.3,27.8,3.24,87.61,0.301,8.9,61.3,3,2,4.6,12.1,5,52.6,1921,mobile,Midwest,premium,electronics
101324,41.3,97.1,33,3.55,116,0.185,2.6,58.8,2,2,0.4,5.3,,46.4,2957,mobile,Midwest,premium,electronics
101325,36.8,61.5,22.6,7.68,30.88,0.893,11.1,45.3,1,1,3.7,12.6,5,52.9,1734,mobile,South,basic,groceries
101326,31.7,56.2,10.7,4.02,25.51,0.53,2.7,60.1,0,1,7.2,11,5,41.6,843,tablet,West,basic,groceries
101327,24.8,80.3,6.3,4.77,72.01,0.374,19,,3,6,38.8,1.6,,56.5,1869,mobile,West,basic,beauty
101328,47.2,96.2,10.2,6.78,61.23,0.308,9,35.6,0,2,22.2,17,5,49.3,1764,tablet,South,premium,groceries
101329,51.3,75.7,23.8,6.14,28.1,0.394,13.4,83.9,3,3,0,11.1,5,49.5,1564,mobile,Northeast,premium,groceries
101330,33.2,113.5,19.7,10.13,63.9,0.311,8.9,67.8,2,3,4.8,6.2,5,46.9,2220,desktop,South,plus,electronics
101331,45.9,71.9,27.4,5.13,60.88,0.442,8,49.6,0,2,0,3.6,4.88,58.6,1921,mobile,West,plus,groceries
101332,46.7,77.5,16.8,6.05,65.38,0.613,2.6,,1,4,8.6,7.8,5,38.6,2283,mobile,Northeast,premium,home
101333,40.4,87.2,11.5,8.16,40.18,0.577,6.2,55.7,3,1,11.8,18.3,3.57,59.7,1812,desktop,South,plus,groceries
101334,28.1,55.6,19.2,6.33,17.33,0.663,6.9,89.6,1,2,2.7,4.4,5,62.1,1360,desktop,West,basic,groceries
101335,27.3,,27.2,3.07,46.47,0.413,9.1,65.8,1,0,5.5,3.4,4.99,38.5,1011,mobile,West,basic,beauty
101336,42.9,114.1,19.2,4.62,99.74,0.125,15.8,55.4,0,0,5.2,1.8,5,45.6,2357,desktop,South,premium,groceries
101337,49.1,74.3,34.5,7.35,45.51,0.577,11.9,27,0,2,4.6,14.4,4.58,60.5,1296,mobile,South,basic,groceries
101338,32.3,103,9.6,4.5,100.28,0.153,25.4,21.9,5,1,41.5,2.2,5,45.4,2329,tablet,South,basic,home
101339,35.5,65.7,20.4,5.28,72.21,0.19,24.3,124.6,2,2,17,2.4,4.98,48.6,2000,mobile,South,plus,groceries
101340,48.5,120.1,31.9,6.21,97.87,0.226,8.6,32.2,0,1,3.7,13,5,52.1,2567,mobile,Northeast,plus,beauty
101341,33.3,87.5,19.8,5.76,60.31,0.319,17.8,153.8,0,2,15.9,14,5,59.6,1753,mobile,West,basic,beauty
101342,64.6,71.5,20,8.91,38.54,0.758,16.6,74,1,0,2.8,6.4,5,57,1555,desktop,South,plus,groceries
101343,45.3,98.4,20.1,7.72,58.39,0.474,5.4,43.9,1,0,10.3,19.1,5,55.4,1948,desktop,South,basic,groceries
101344,46,94.6,43.1,2.47,128.77,0.17,10.4,62.8,2,2,13.2,14.3,4.31,49.9,3113,desktop,South,premium,home
101345,41.6,76.3,1.3,9.13,44.69,0.212,14,53.8,2,0,13.9,12.3,5,47.4,1669,desktop,South,basic,groceries
101346,50.1,103.8,41.4,2.58,73.35,0.212,0.1,37.3,0,0,11.8,8.4,5,47.2,1632,mobile,West,plus,home
101347,40.6,83.5,25.8,3.77,60.06,0.486,22.1,,2,7,14.3,8.2,3.47,48,1857,mobile,West,plus,groceries
101348,21.1,104.8,10.9,4.27,80.61,0.124,13.3,120.1,2,2,24.6,9.6,4.47,51.5,1858,mobile,South,basic,electronics
101349,22.7,59.7,26.2,8.32,20.25,0.656,4.6,,2,0,10,6.5,5,74,1451,mobile,West,plus,groceries
101350,39.6,44.6,19.6,3.39,17.2,0.514,2.9,51.4,4,1,0.8,6.5,4.63,40.7,1419,mobile,Midwest,plus,groceries
101351,66.1,93.7,45,7.16,62.88,0.445,7,38.6,2,1,14,13.1,,47.8,2043,desktop,South,plus,home
101352,32,99.5,25.6,9.33,45.31,0.495,13,78.6,0,1,4.4,7,5,59.8,1916,desktop,South,basic,groceries
101353,41.4,87.1,22.9,6.74,70.62,0.473,11,83.1,0,2,9.3,22.5,3.48,48.5,2284,tablet,Northeast,plus,electronics
101354,33,95.5,1,6.25,60.02,0.438,12.1,49.3,1,7,15.6,14,5,64.7,1970,desktop,West,basic,home
101355,40.1,72.3,42.9,4.67,42.92,0.209,1.3,59.4,2,1,0,16.1,5,54,1494,tablet,South,premium,groceries
101356,40.8,75.9,41.6,6.56,72.93,0.462,15.9,39,3,1,12.3,11.3,5,68.2,1924,desktop,West,plus,home
101357,43.1,67.3,29.6,3.62,23.29,0.572,8.1,7.1,1,1,0,5.9,5,56.9,1375,mobile,West,premium,home
101358,32.4,71.4,21.8,5.69,42.14,0.35,8.7,,3,3,0.7,4.2,4.54,63.4,1229,desktop,South,basic,electronics
101359,47.2,71.5,29.6,4.1,86.51,0.076,11.4,40.9,0,2,10.7,9.6,5,55.3,2312,mobile,Northeast,premium,electronics
101360,30.1,71.6,20.3,7.41,35.87,0.882,15.2,,0,0,19.2,6.6,4.99,45.4,1546,mobile,Midwest,plus,groceries
101361,49.4,95,25.1,4.23,93.2,0.253,1.1,65.2,2,1,13.1,13,5,53.4,1857,mobile,West,plus,electronics
101362,29.4,74.7,5.8,4.8,65.71,0.387,12.1,83.2,4,1,31.8,7.7,4.4,48.3,1705,mobile,Northeast,basic,beauty
101363,38.6,40.9,30.6,7.06,45.11,0.366,4.5,38.1,1,1,12.2,13,5,43.9,1666,mobile,South,plus,beauty
101364,40.2,112.9,38.7,6.9,74.96,0.394,5.1,,2,3,14.9,18.2,5,51.9,2382,mobile,Midwest,premium,electronics
101365,41.2,,25.4,6.02,62.37,0.562,17.1,77.1,3,2,7.3,3.2,5,44.1,1671,tablet,Midwest,basic,groceries
101366,25.2,97.7,19.3,4.2,81.37,0.211,23.8,38.3,4,4,19.4,10.6,3.81,60.2,2229,mobile,South,plus,electronics
101367,42.3,69.7,42.9,9.64,51.43,0.294,12.1,35.3,2,2,8.4,17.4,5,47.5,2028,desktop,Midwest,basic,groceries
101368,40.3,45.9,30.8,6.08,32.14,0.664,10.8,52.1,2,0,16.1,16.2,5,53.2,1183,mobile,West,plus,groceries
101369,26.5,53.2,18.5,2.38,51.17,0.266,16.9,69,1,1,17.5,15.8,3.64,35.4,1280,mobile,South,basic,home
101370,48.6,66.7,21.9,6.38,37.51,0.658,17.2,63.7,2,0,22.7,11,5,40.6,1834,tablet,Northeast,plus,groceries
101371,30.5,54.9,15.4,4.96,43.34,0.713,17.5,57.2,1,0,3.9,8.4,5,69.2,1178,mobile,Midwest,basic,beauty
101372,40.3,49.8,30.1,7.89,61.92,0.663,6.1,60.6,3,1,15.4,15,5,52.6,2549,desktop,South,plus,beauty
101373,49.5,79.7,17.4,4.78,107.26,0.156,11.6,76.2,0,0,20.5,6.8,,45.8,2482,mobile,Northeast,plus,home
101374,44.6,105.1,20.5,4.53,105.1,0.158,10.1,78.8,0,1,7.7,10.6,5,54.6,2248,mobile,South,premium,home
101375,40.9,63.4,27.3,8.21,56,0.205,4.1,63.6,2,2,9.1,12.6,5,42.6,2048,tablet,South,basic,electronics
101376,40.5,59.2,36.2,3.31,23.58,0.763,13.5,104.1,1,1,6.5,3.6,5,43.6,1097,tablet,Midwest,plus,beauty
101377,39.3,34.8,44.8,7.67,45.1,0.496,4,20.5,1,3,8.6,10.7,5,38.8,1829,desktop,South,plus,groceries
101378,45.5,45.7,18.4,6.48,25.14,0.547,5.5,28.7,2,2,19.8,5.6,,61.3,930,tablet,West,basic,home
101379,42.4,,23.4,4.04,36.1,0.817,9.8,46.7,0,1,0,4.5,4.81,32.7,1663,desktop,West,basic,home
101380,52.8,68.2,28.3,8.92,52.67,0.387,10.9,22.4,3,5,9.5,17.6,5,46.8,1559,desktop,South,plus,electronics
101381,45.5,73.3,35.7,6.97,55.79,0.358,9.6,82.3,2,6,10,14.4,5,43.8,1958,desktop,South,plus,groceries
101382,43.1,86.1,1,2.65,48.34,0,23,51.7,3,2,52.4,9.7,4.18,63.9,1260,mobile,West,basic,electronics
101383,46.5,,30.2,4.68,100.07,0.271,9.4,,1,2,9.8,8.9,5,62.4,2194,mobile,Northeast,basic,home
101384,61.5,67.2,21.5,4.2,39.37,0.555,11.6,33.7,0,0,0,0.2,5,52.9,1418,tablet,South,basic,beauty
101385,42.3,,33.6,6.12,66.61,0.426,12.6,67.7,2,1,12.5,10,5,60.4,1857,mobile,West,basic,home
101386,23.4,121.9,16.5,2.85,133.74,0.236,21.5,97.7,3,1,11.3,13.9,5,66.5,2105,tablet,West,basic,electronics
101387,51.9,44.4,8.1,5.77,35.21,0.446,21.1,60.3,0,1,12.1,0.3,5,50.4,1277,mobile,South,basic,groceries
101388,23.2,68.2,32.8,8.9,78.19,0.445,9.5,34.9,1,1,10.3,8.3,5,45.7,2882,desktop,South,premium,home
101389,44.8,105.1,38,3.95,63.07,0.244,6.2,73.6,1,3,20.1,4.7,,57.8,1791,mobile,South,premium,
101390,45.1,88.7,29.1,4.74,23.8,0.534,8.3,39.5,1,0,8.6,1.2,5,49.2,1111,mobile,Midwest,basic,beauty
101391,46.9,118.1,31.1,12.81,85.71,0.553,11.4,59.2,3,2,12.6,16.8,5,45.9,2654,mobile,South,basic,groceries
101392,35.7,81.8,28.6,6.92,47.92,0.643,11,41.8,2,0,12.4,12.7,5,49.2,1678,desktop,South,basic,home
101393,34.9,75.7,24,7.71,61.4,0.486,4.3,38.5,0,0,5.5,2.7,5,69.9,2037,mobile,Midwest,basic,home
101394,32.9,68.4,10.2,9.66,28.55,0.615,18.5,66.7,0,0,0.8,3.4,5,63.8,1754,mobile,Northeast,basic,groceries
101395,43.5,86.2,20.5,4.43,44.66,0.486,7.7,38,2,1,13.1,10.9,5,57.5,1339,desktop,West,basic,groceries
101396,47.2,97.9,55.3,7.18,80.15,0.474,7.6,37.5,3,5,0,10.1,5,58.5,2282,tablet,Northeast,basic,groceries
101397,25,70.6,21.7,3.33,35.87,0.343,21.1,128.2,1,2,20.3,8.3,5,71.8,942,desktop,Northeast,basic,groceries
101398,37.6,48.8,1,4.76,28.52,0.425,22.2,37.5,0,0,14.4,0.6,4.8,46.1,1276,mobile,South,basic,groceries
101399,50.8,75,52.6,9.27,37.28,0.213,18.6,59.4,2,1,2.6,13.7,5,53.7,1668,desktop,South,premium,groceries
101400,29.3,45.6,31.5,8.13,40.5,0.403,4.3,52.2,0,1,1.6,8.2,5,37.7,1960,desktop,West,premium,electronics
101401,52.6,101.9,27,3.82,106.3,0.06,5.2,83,0,2,19.7,10.8,4.88,70.6,3228,tablet,Northeast,premium,electronics
101402,26.1,60,43.5,7.1,18.56,0.626,13.5,48.4,1,2,8,8.6,5,50.2,1440,mobile,West,basic,groceries
101403,18,,14.9,4.5,42.29,0.594,9.6,38.7,0,1,24.3,3.1,4.75,41.6,1432,desktop,South,basic,groceries
101404,30,94,30.2,8.16,53.13,0.292,11.4,37.2,2,1,8.1,16.9,5,50.8,1593,desktop,Midwest,plus,home
101405,26.9,,29.1,4.91,41.58,0.253,15.9,56.6,3,1,0,8.9,5,60.5,1299,desktop,West,basic,groceries
101406,39.5,69.8,23.3,6.11,68.79,0.466,7.4,46.1,3,3,16.4,15.3,4.47,50.7,1802,desktop,South,basic,groceries
101407,47.4,84.7,11.2,8.24,57.14,0.545,11.6,57.5,2,1,5.3,5.2,5,62.7,2158,mobile,South,premium,home
101408,42.9,63.2,23,3.32,29.79,0.646,8.3,,4,1,23,4.8,4.77,35.7,1021,mobile,South,basic,home
101409,22.5,96.4,39.3,6.87,82.07,0.244,10,73,1,1,5.4,6.8,5,53.2,2464,mobile,South,premium,
101410,37.5,56.7,1,6.34,25.71,0.855,10.1,26.3,1,0,15.9,8.4,4.96,54.7,1417,desktop,South,basic,groceries
101411,33.5,85.9,33.5,3.74,31.33,0.647,12,74.2,0,1,11.6,4.6,5,40.2,958,desktop,Midwest,basic,groceries
101412,35.6,78.7,12.7,3.52,80.91,0.232,16.1,106.9,0,2,20.7,10.8,4.54,47.8,2049,mobile,West,basic,groceries
101413,38.7,54.8,20.1,5.25,36.79,0.58,16.1,48.8,0,1,0.6,11.9,5,48,1788,desktop,West,plus,groceries
101414,47.9,107,39.7,7.53,111.65,0.163,6.5,82,0,2,19.7,15.6,5,43.6,2577,mobile,West,basic,groceries
101415,33.9,70.2,27.2,6.22,44.82,0.394,11.2,,3,1,0,8.9,5,55.6,1617,mobile,Northeast,plus,home
101416,36.2,,23.5,1.19,58.3,0.545,20.1,113.3,3,5,29.4,9,,59.1,1952,mobile,West,plus,electronics
101417,51.7,70.6,40.7,9.33,99.32,0.62,14.7,,2,3,11.9,13.3,5,50.4,2842,desktop,South,basic,groceries
101418,37.1,66,23.7,9.64,16.44,0.543,15.7,61.9,2,1,27.2,3,5,58.5,1402,desktop,South,plus,
101419,29.8,57,16.6,7.99,44.37,0.49,2.5,46.6,4,5,11.7,8.9,5,41.2,1651,mobile,West,basic,beauty
101420,29.7,95.6,24.5,6.03,72.81,0.207,16.2,59.9,1,1,8.6,10,,51.9,2293,mobile,West,plus,groceries
101421,41.6,109,34.7,5.24,66.29,0.061,2.3,74.6,2,1,13.5,10,5,52.5,1984,,West,premium,groceries
101422,32.2,92.6,3.5,4.05,44.98,0.317,19.1,,2,1,14.8,14.1,4.5,54.6,1927,desktop,South,basic,home
101423,23.9,79.4,9.7,4.08,103.32,0.268,21.4,68.6,2,3,45.5,15.5,,54.1,2773,mobile,Northeast,premium,
101424,44.3,45.1,16.4,7.68,72.84,0.579,8.5,41,2,1,14.7,10.7,5,68.7,2124,desktop,South,plus,groceries
101425,32.6,91.9,19.5,10.06,96.81,0.348,1.6,86.6,6,3,13.7,5.7,5,47,2961,mobile,South,premium,groceries
101426,47.5,56.7,27.6,2.71,45.73,0.463,9.1,91.1,0,2,8.1,5.9,4.5,67,1177,desktop,Midwest,basic,groceries
101427,32,69.2,8.3,1.77,81.43,0.271,20.4,76.9,2,1,28.9,15.1,3.89,65.6,1790,mobile,Northeast,basic,groceries
101428,41.7,102.1,25.3,3.69,145.13,0.137,4.9,,1,1,22.2,12.2,4.64,61.3,3576,mobile,Northeast,premium,electronics
101429,33.9,91.8,1,5.42,73.52,0.531,17.3,,3,3,9.2,3.4,5,59.1,1778,mobile,Northeast,plus,groceries
101430,41.5,63.4,42.4,2.72,93.92,0.144,8.5,67.8,0,0,15.6,10.4,5,47.6,2500,desktop,Northeast,premium,home
101431,40.4,77.3,27.3,8.65,52.23,0.453,0.1,38.5,2,2,0,19.3,5,50.8,1780,mobile,South,basic,electronics
101432,42.9,49.3,35.8,7.19,23.8,0.707,22.9,88.8,2,1,9.3,8.5,5,59.2,1099,mobile,Midwest,plus,groceries
101433,46.7,141.7,15.9,7.17,95.05,0.196,3.4,,3,0,27.6,19.9,4.43,38.4,2770,mobile,West,premium,groceries
101434,25.6,56.6,31.1,7.55,55.65,0.182,13.1,48,1,1,10.5,14.7,5,49,1339,desktop,West,basic,beauty
101435,47.3,93.4,21.7,4.38,71.58,0.327,19.4,117.3,6,1,27,5.1,5,67.1,1662,tablet,West,basic,beauty
101436,33.1,73.2,16,7.03,59.64,0.31,16.5,42.5,1,0,10.4,14.4,5,46.1,2124,desktop,Northeast,basic,groceries
101437,22.1,67.4,19.1,6.15,57.29,0.187,11.7,,5,1,31.1,9.1,4.29,57.3,1762,mobile,West,basic,groceries
101438,39.8,96,18,8.77,80.64,0.564,12.8,68.9,0,2,6,12.5,5,58.6,2647,mobile,South,premium,electronics
101439,38.3,74,16.7,5.02,74.64,0.55,9.1,,0,0,13.6,16.1,4.41,49.3,2013,mobile,West,basic,groceries
101440,35,81.6,6.8,3.56,54.21,0.5,13.2,81.8,2,6,21.5,12,3.58,49.7,1715,mobile,West,basic,electronics
101441,58.3,110.8,38.8,4.46,115.09,0.231,10.4,83.2,1,4,18.6,5.4,4.25,53.2,2585,desktop,South,premium,groceries
101442,29.9,85.7,12.3,2.98,50.42,0.43,8.8,79.4,5,3,42.5,12.8,3.45,53.9,1033,mobile,Northeast,basic,groceries
101443,31.6,72.2,30.7,2.92,41.03,0.664,13.3,63.9,3,2,1.9,3.1,3.47,58.1,1512,mobile,West,plus,groceries
101444,40.8,95.3,13.5,3.53,95.96,0.268,18.3,146.7,4,3,13.9,4.8,3.77,58.2,2464,mobile,West,basic,electronics
101445,38,76.5,48.7,7.4,65.13,0.457,9.5,70.3,5,2,12.8,22.2,3.49,59.9,2311,mobile,South,premium,groceries
101446,25.6,81.1,20,2.72,74.47,0.195,17.6,123.7,1,1,26.7,10.5,5,55.4,1729,tablet,Midwest,basic,groceries
101447,45.9,85.8,32.7,8.66,71.87,0.093,4.9,50.2,2,3,9.8,13,5,46.4,1968,mobile,West,basic,home
101448,20.1,56.4,22.9,4.72,30.16,0.733,20.3,72.1,1,0,14.7,4,5,54.6,1448,mobile,Midwest,plus,groceries
101449,35.4,64.6,24.3,7.15,55.69,0.441,5.7,,3,2,5.5,16.6,4.41,48.3,2206,mobile,Midwest,basic,groceries
101450,29.9,63.7,45,8.95,42.48,0.365,9.3,69.3,2,0,12.8,11.2,5,28.6,1739,mobile,Midwest,basic,groceries
101451,46.5,,34,11.87,61.51,0.736,10.3,53.3,2,3,2,11.4,,51.2,1754,desktop,South,plus,electronics
101452,36.3,61.3,30.9,4.79,17.27,0.539,13.9,,1,2,23.1,5.8,4.27,59,1011,mobile,West,plus,groceries
101453,39.5,76.2,30.6,4.17,96.07,0.218,3.5,75.6,0,0,16.2,12.5,5,55.4,2272,mobile,West,premium,beauty
101454,55.8,89.8,26.8,4.99,28.11,0.946,7.4,68.7,2,1,3.3,2.7,4.55,62.4,1201,desktop,Midwest,basic,groceries
101455,38.4,90.3,11.6,5.83,53.2,0.32,23.7,116.6,1,2,23.5,4.9,5,55.9,2201,mobile,Midwest,premium,beauty
101456,39.2,20.1,22.7,2.66,55.82,0.076,21.8,78.8,2,2,43.8,11,4.96,54,1528,mobile,West,plus,home
101457,27,,4.5,8.17,35.44,0.713,14.4,,2,3,5.9,9.2,5,48.6,1473,mobile,West,premium,electronics
101458,18,70.1,19.6,4.86,15.62,0.463,9.6,7.8,1,1,1.9,7.5,4.86,60.8,2013,mobile,Midwest,plus,groceries
101459,30.6,,31,7.43,47.23,0.533,6.4,73.7,2,0,16.9,12.9,5,55.9,1574,,West,basic,groceries
101460,24.7,65.6,15,7.07,27.55,0.668,4.3,55.4,0,1,14.9,11.6,,44.9,1153,mobile,Midwest,plus,groceries
101461,45.2,80.3,18.9,4.35,31.24,0.687,10.5,35.8,1,1,23.1,9.9,4.57,54.9,1485,desktop,South,basic,groceries
101462,51.3,135.7,21.8,4.1,95.77,0.183,8.8,23.8,0,1,20.2,15.6,5,45.1,2551,desktop,Northeast,premium,electronics
101463,37.6,102.9,57.8,4.61,126.4,0.016,10.3,40.1,0,0,20,9.2,,57.8,2931,mobile,South,plus,beauty
101464,40.1,,16.3,7.39,31.21,0.852,10.1,55.5,0,0,14,4.5,5,56.8,970,mobile,Northeast,basic,beauty
101465,23.8,124.9,12.4,5.23,92.93,0.212,15.1,162.6,6,5,13,7.9,4.6,64.7,2259,tablet,Midwest,plus,home
101466,51.5,50.8,24.2,6.21,78.72,0.385,9.6,73.2,2,3,9.9,7.9,5,64.7,1967,desktop,West,basic,groceries
101467,20.2,108.2,16.2,4.14,91.43,0.378,23.1,63.8,4,4,30.6,5.6,5,53.5,2196,tablet,Northeast,plus,home
101468,41.8,61.2,20.5,9.63,62.91,0.45,7.7,29.8,1,0,4.3,13.1,5,54.8,1948,mobile,South,plus,groceries
101469,22.5,,1,1.86,54.42,0.272,17.3,63.9,3,4,44.2,14.7,2.83,55.8,1401,mobile,Northeast,plus,home
101470,39.1,62.6,58.6,8.98,35.4,0.293,1.2,43.2,3,4,2.4,13.9,5,25.1,1599,tablet,Northeast,premium,groceries
101471,40.6,46,23.5,3.52,71.43,0.285,11.3,107.5,5,3,14.3,8.5,4.75,49.9,2122,tablet,Northeast,basic,beauty
101472,51.8,78.6,16.8,5.12,46.23,0.51,7.6,59.4,0,1,0,9.4,5,49.1,1157,mobile,Midwest,basic,groceries
101473,35.7,117.6,21,7.88,75.78,0.526,3.8,58.1,4,2,7.8,17,5,43.3,1824,mobile,South,basic,electronics
101474,50.8,72.3,23.9,5.6,31.69,0.739,7.6,45.5,0,2,8.9,13,5,49,1299,,West,basic,groceries
101475,38.6,98.3,27.5,5.77,68.15,0.47,8.7,57.9,0,2,2.1,6.4,5,58.5,1782,,Northeast,plus,electronics
101476,34.5,76.2,37.6,8.54,37.69,0.403,13.8,43.8,0,1,8.8,8.5,5,39.2,1724,desktop,Northeast,basic,groceries
101477,42.6,162.3,18,5.04,121.07,0.182,12,96.7,0,0,1.5,0.2,5,62.3,2902,mobile,West,premium,home
101478,44.5,91.4,21.7,3.37,68.11,0.085,9.9,73.8,2,1,16.6,12,4.64,46.2,1677,tablet,West,premium,electronics
101479,28.4,112.7,59,4.03,95.47,0.226,1.9,35.2,3,1,25.6,9.3,4.92,60.9,2412,mobile,West,basic,home
101480,48.3,86.8,43,4.36,89.55,0.091,9.5,84,2,3,8,8.8,5,51,2451,mobile,Northeast,premium,electronics
101481,31.8,83,20,4.3,34.12,0.698,8.2,71.4,1,0,6.9,6.3,5,52.3,1190,mobile,Northeast,plus,groceries
101482,19.9,55.6,28.4,8.98,11.96,0.495,7.1,75,1,3,8,9.2,,69.6,1450,desktop,West,plus,beauty
101483,40.1,52.6,36.2,10.47,64.16,0.314,9.9,82.6,2,3,13.9,13.5,5,47.3,2166,desktop,West,plus,groceries
101484,40.6,85.3,6.4,5.43,32.99,0.711,13.8,87.6,3,0,10.5,3,4.73,64.7,1553,desktop,West,plus,home
101485,44.9,69.7,8.9,6.4,56.24,0.547,11.6,20.9,2,1,16.9,13.1,4.72,46.8,1883,mobile,Midwest,basic,groceries
101486,32.3,69.4,32,6.65,30.23,0.683,18.9,64.6,1,4,7.3,9.1,,51.8,1541,mobile,Midwest,plus,electronics
101487,47.3,82.5,16.2,9.77,54.8,0.506,14.7,84.2,2,5,0,0.2,5,62.1,2536,desktop,West,basic,groceries
101488,40.3,,15.3,2.51,56.56,0.181,22.7,55.6,2,2,30.5,9.8,5,53.7,1508,desktop,South,basic,groceries
101489,29.3,,23.2,6.49,32.32,0.703,8,63.7,0,0,13.4,8.7,5,53.6,1222,desktop,Midwest,plus,
101490,44.8,60.6,32,5.83,35.43,0.805,15.2,,1,3,0,11.3,5,69.5,1429,mobile,West,basic,home
101491,35,86.5,25,5.59,52.52,0.153,16.2,14.8,2,1,9.4,11.7,,62,1258,mobile,West,basic,groceries
101492,51.7,102.1,14.5,3.24,140.6,0.225,3,66.2,1,1,32.2,20.8,3.31,50,2794,desktop,West,basic,electronics
101493,41.3,,15.5,5.53,58.55,0.542,2.5,22.3,2,1,4.5,17.7,5,30.3,1580,desktop,Northeast,plus,beauty
101494,32.3,57.1,28.9,6.44,26.81,0.249,11,47.2,0,0,11.3,0.2,5,50.7,1123,mobile,Midwest,basic,groceries
101495,25.6,78.4,12.9,6.07,27.14,0.631,15.9,68,0,1,11.7,4.9,5,71.8,1409,mobile,West,basic,groceries
101496,48.2,62.3,29.3,5.17,35.77,0.427,10.9,71.3,1,2,24,11.7,4.58,69.6,1215,desktop,West,basic,home
101497,64.7,49.9,27.7,7.94,49.17,0.66,9.6,75.4,3,2,21,5.7,5,54.4,1490,mobile,South,basic,groceries
101498,33.5,67.9,21.7,4.98,58.6,0.181,8.8,119,2,4,10.6,10.7,,54.2,1809,mobile,West,basic,groceries
101499,46.1,59.9,24.8,7.23,94.17,0.161,10.8,69.5,2,3,25.4,10.7,5,58,2720,desktop,Northeast,plus,beauty
101500,34.3,54.4,23.2,4.98,11,0.505,10,56.3,0,1,0.2,14.7,5,64.4,973,mobile,Midwest,basic,groceries
101501,39.8,92.8,32.2,3.4,100.25,0.167,7.9,93,1,1,12.6,10,5,70.6,2623,mobile,West,premium,electronics
101502,39.8,110.5,48.7,2.92,80.43,0.131,11,41,0,1,7.3,7.7,5,53.2,2225,desktop,West,basic,electronics
101503,37,51.5,24.2,5.5,31.42,0.613,8.8,35.6,1,0,17.9,7,5,37,1396,tablet,Northeast,basic,groceries
101504,41,93.6,37.3,5.66,70.4,0.4,15.8,48.3,3,2,9.2,13.9,5,48.9,1882,tablet,South,basic,home
101505,49.8,98.2,23.2,3.73,59.71,0.254,5.8,,0,1,19,10.5,5,48.1,2046,mobile,South,premium,groceries
101506,48.8,58.8,34.6,8.04,29.41,0.294,8.9,,2,1,0.3,4.2,5,47.9,1570,desktop,West,plus,electronics
101507,36.3,76.9,34.8,8.57,60.97,0.377,7.7,60,2,1,16.5,11.5,5,47,1877,desktop,West,basic,groceries
101508,23.1,49.5,8.5,3.62,85.71,0.249,16.8,125.9,4,3,38,6.5,3.79,55.2,2115,mobile,Northeast,basic,home
101509,34.4,,10.6,7.12,48.14,0.468,11,18.2,2,0,14.4,11.2,5,50.5,1924,desktop,Midwest,basic,beauty
101510,48.2,63.8,17.3,5.88,28.93,0.584,8.9,80,0,1,7.3,7.8,5,46.1,950,desktop,West,basic,home
101511,40,57,44.5,8.89,66.16,0.376,1.3,6.7,3,1,23.7,11.2,5,56.1,1990,desktop,South,plus,groceries
101512,38.6,99.2,31.9,12.59,79.27,0.637,9.7,63.1,2,1,1.8,9.9,5,56,2351,desktop,South,basic,groceries
101513,42.8,,29,6.22,30.92,0.675,9.1,14.3,1,1,3.4,4.1,5,47.6,1770,mobile,South,basic,home
101514,47.9,68.1,48.8,5.6,97.98,0.35,6.1,57.8,2,0,14.9,11.8,5,58.7,2668,mobile,West,premium,groceries
101515,18,71.6,20.6,7.22,39.74,0.593,4.4,65.5,1,0,10.4,6.4,5,56.9,1835,tablet,South,plus,groceries
101516,56.8,74.5,17,5.62,62.98,0.55,5.4,41.6,0,1,13.2,14.1,5,35.1,1781,desktop,South,basic,electronics
101517,40.7,,5.1,2.32,113.3,0.577,23.5,61.8,3,2,20.8,15.1,4.29,37,2215,tablet,Northeast,plus,home
101518,39.2,96.2,17.8,7.33,45.47,0.447,8.8,62,4,4,21.4,8.9,5,51.7,1642,desktop,Midwest,plus,electronics
101519,47.4,,1,8.6,63.13,0.38,15.3,41.1,3,3,10,6,5,57.7,2031,mobile,South,plus,groceries
101520,46.9,65.6,36.9,6.78,31.05,0.769,5.8,22.1,0,1,14.9,3.9,5,57.6,1142,desktop,Midwest,basic,home
101521,26.2,95.3,21.9,2.04,130.15,0.032,20.6,69.5,1,5,14.1,13.8,4.31,57.3,2783,mobile,South,basic,home
101522,29.2,58.3,25.6,3.72,53.75,0.306,1.5,56.6,3,1,14.3,15.3,3.87,52.8,1281,mobile,South,premium,electronics
101523,46.8,,28.6,5.51,89.66,0.301,5.4,60.2,0,1,12.5,14.6,5,38.7,2469,mobile,Northeast,plus,groceries
101524,46.8,59.1,18.2,11.91,33.75,0.473,11.2,27.7,1,0,17.1,15.7,5,48.5,1961,mobile,West,basic,groceries
101525,46.2,94.7,30,0.5,58.52,0.09,7.2,9.7,0,1,24.2,7.6,5,57.3,1411,mobile,West,premium,beauty
101526,35.5,141.1,26.1,4.37,120.69,0.415,9.8,74.4,3,3,24.9,6.7,5,51.8,2510,desktop,South,plus,electronics
101527,36.8,82.1,4.4,3.09,79.14,0.157,22.4,90.8,1,1,19.3,3.9,4.4,67.7,2069,desktop,West,basic,groceries
101528,35.6,64.2,24,8.03,25.59,0.706,15,21.7,0,0,12.8,7.1,4.67,42.6,1217,mobile,West,basic,
101529,44.6,,1,5.23,63.08,0.256,9.7,37.9,2,2,11.8,2.5,5,37.2,1331,mobile,Midwest,basic,home
101530,43.7,71.9,33.3,6.19,89.15,0.407,9.5,48.2,1,3,5.7,13.2,,52.9,2070,mobile,West,basic,electronics
101531,26.7,98.5,4.9,3.74,75.98,0.081,14,,1,4,22.9,9,4.55,66.2,1718,desktop,West,plus,groceries
101532,54.4,58,13.7,4.85,42.53,0.335,9.4,69.2,1,1,0,7.8,5,64.5,1494,,South,plus,groceries
101533,41.1,106.2,1,2.81,133.62,0.236,13.8,86.8,1,4,10.2,11.1,4.71,51.8,2570,mobile,West,plus,home
101534,39.8,74.9,32.4,4.2,97.33,0.349,6.3,67.3,2,3,12.7,5.4,,62.1,2263,mobile,West,premium,electronics
101535,43.1,78.4,24,10.32,57.16,0.252,7.9,32.5,0,1,13.4,9.5,5,53.4,1875,desktop,South,basic,home
101536,50.7,118.1,37.8,4.03,113.91,0.317,9.8,61.7,2,1,6.4,11.1,5,52.8,2403,mobile,South,basic,beauty
101537,28.9,105.3,21.6,4.37,46.39,0,18,121.3,4,4,24.6,6.5,,60.6,1677,mobile,West,basic,home
101538,45.3,63.2,13.1,6.32,67.6,0.276,11.7,41.9,2,3,2.8,6.5,,45.8,2578,desktop,South,premium,groceries
101539,39.3,95.4,17.6,3.47,64.55,0.096,17.9,57.9,2,3,15.7,16.2,3.89,54.4,1809,mobile,West,basic,groceries
101540,32.7,133.6,50.3,6.46,64.46,0.147,9.2,69.7,2,2,19.1,9.7,5,49.2,1725,mobile,Midwest,basic,beauty
101541,47.9,84,25.8,7.49,36.98,0.458,7.4,52.8,2,1,13.8,7.2,5,48.8,1369,mobile,South,plus,beauty
101542,29.4,86.1,15.3,6.3,57.57,0.572,19.8,59.3,3,2,30.7,6.8,5,45.1,1457,tablet,Northeast,basic,groceries
101543,36.2,82.1,19.2,5.22,81.7,0.378,4.1,55.6,2,4,14.4,11.5,4.47,54.5,2321,desktop,South,basic,home
101544,33,116.4,21.6,2.58,59.69,0.458,20.2,105,1,4,19.9,6.9,,52.8,1447,desktop,West,plus,groceries
101545,31.2,98.6,32.5,6.08,65.11,0.47,13.8,55.4,4,1,19.9,13,5,62,1703,desktop,South,basic,groceries
101546,20.4,58.6,14.4,6.37,35.65,0.604,5.6,64.4,0,0,20.6,1.8,5,64.4,1508,mobile,South,plus,
101547,46.4,107.3,38.5,2.4,121.57,0.165,9,102.3,1,0,4,11.5,,64.8,2474,desktop,South,premium,home
101548,19.7,107.8,5.6,4.39,72.86,0.019,21.9,101.8,3,3,14.8,5.7,5,66.1,2390,mobile,Northeast,premium,home
101549,30.3,120.1,53.1,5.28,107,0.033,0.2,23.2,0,2,22,0.5,5,45,2714,mobile,South,plus,electronics
101550,23.7,93.9,15.8,5.92,55.32,0.081,28.7,70,4,4,39.5,17.2,4.41,58.3,2015,mobile,South,premium,home
101551,24.2,,1,1.66,73.59,0.158,13.4,58,2,2,0,6,4.1,60,1836,desktop,Northeast,basic,beauty
101552,41.3,53.7,33.3,5.61,30.67,0.674,12.1,49.7,2,1,16,9.1,5,60.4,1479,mobile,West,plus,
101553,48.9,45.5,32,2.39,40.05,0.834,6.6,64.5,2,2,10.6,9.4,5,56.2,1238,mobile,West,plus,beauty
101554,39.4,79.2,24.7,6.47,82.95,0.353,19.9,,1,2,30,4.9,5,61.6,2355,mobile,Midwest,premium,
101555,39,64.3,9.7,9.4,56.63,0.202,12.5,51.1,2,4,4,21.1,,61.3,2104,mobile,South,premium,electronics
101556,18,119.5,9.4,7.06,84.93,0.396,14.5,50.2,4,3,19.8,3.7,5,57.4,2479,mobile,Northeast,basic,electronics
101557,53.2,58.4,10.3,5.98,62.33,0.263,9.9,32.4,2,0,2.8,20.6,4.7,55.4,2104,desktop,Midwest,premium,home
101558,42,77.3,42.4,3.45,71.76,0.364,7.3,57.7,0,1,10.2,9.4,5,37.6,2017,mobile,West,plus,electronics
101559,33.3,108,6.7,4.74,127.76,0.413,24.1,89.5,4,5,40.7,9.8,3.91,54.4,2764,mobile,West,basic,groceries
101560,36.2,90.1,17,2.88,71.98,0.147,9.8,59.8,0,1,13.6,13,4.96,55.9,1980,tablet,West,premium,beauty
101561,34.2,,6.6,3.07,99.12,0.167,18.1,115.4,3,2,18.3,4.5,4.51,65.5,1771,mobile,West,basic,electronics
101562,40.9,80.7,34.6,3.68,134.79,0.198,12.3,43.8,0,2,23,7.1,5,67.2,2735,desktop,Northeast,plus,electronics
101563,32.6,68.4,14.3,1.8,89.31,0.239,24.1,52.9,2,2,36.3,5.3,5,57.5,1616,mobile,West,basic,home
101564,44.2,72.9,40.4,9.12,64.85,0.335,7.3,,3,0,1.8,8,5,57.7,2121,mobile,Midwest,basic,groceries
101565,53.3,110.2,24.4,4.23,120.84,0.216,1.2,65.5,2,2,5.5,17.9,4.07,34.4,2418,mobile,Midwest,plus,home
101566,27.8,99.5,11.2,5,65.54,0.471,9.8,81.3,3,5,24.3,8.1,,59,1851,mobile,South,plus,groceries
101567,49.1,,4,8.38,35.04,0.728,8.2,40.9,2,1,5.9,1.8,5,53.4,1368,mobile,West,basic,groceries
101568,40.1,79.5,16.1,3.79,83.95,0.363,7.6,47.1,4,5,32.5,11.8,5,62.7,1771,mobile,Northeast,basic,groceries
101569,30.2,115.6,14.3,3.38,51.55,0.046,15,90.2,2,4,28.2,3.9,4.03,65.9,1307,mobile,South,basic,beauty
101570,37.3,84.3,37.3,5.55,128.76,0.008,14.8,86.6,1,0,10.2,7.4,5,76.1,2834,desktop,Northeast,basic,home
101571,51.1,66.1,15.2,4.95,48.73,0.53,10.3,,3,1,7.8,6,5,38.1,1106,mobile,South,basic,groceries
101572,37.9,53.4,44.7,5.95,73.83,0.236,2.7,48.5,2,2,7,15.4,5,49.1,2290,desktop,South,premium,groceries
101573,47.4,137.6,42.2,3.76,101.51,0.236,7.8,74.2,3,3,21.3,2.4,,42.1,2164,,West,premium,home
101574,45.1,111,17.1,4.06,103.89,0.076,9,71,1,0,3.6,11.9,5,43.8,2500,mobile,West,basic,home
101575,49.2,101.7,19.1,7.24,29.3,0.535,4.4,36.8,4,4,16.5,9.5,5,57.9,1366,mobile,South,plus,home
101576,41.2,71.8,17.9,2.31,31.53,0.751,1.8,40.8,2,1,6.3,3.1,4.67,53.6,1218,mobile,Northeast,plus,groceries
101577,26.5,87.7,16.2,4.02,118.26,0.3,13.8,67.2,0,0,5.8,4.9,5,45.3,2591,mobile,Northeast,plus,groceries
101578,38.5,97.8,31.2,10.34,59.68,0.373,4.9,66,3,0,19.4,3,5,64.7,2050,mobile,South,plus,groceries
101579,29.5,90.9,24.2,6.15,52.2,0.519,7.1,46.3,3,2,6,7,5,36.2,2129,,Northeast,premium,
101580,34.9,57.6,20.3,7.19,35.98,0.471,19.3,36.9,3,1,20.6,2,5,58.3,1536,tablet,Midwest,basic,beauty
101581,30.9,46.1,14.8,7.08,25.79,0.59,6.6,48.8,0,1,9.2,5.3,5,41.2,1519,desktop,West,premium,groceries
101582,33.4,78.6,26.8,8.25,77.52,0.411,4.4,5.2,3,1,0,6.5,5,34.6,2522,mobile,South,plus,home
101583,26.9,44.9,9.4,8.03,29.42,0.718,13.4,80,1,2,2.8,0.5,5,65.2,1084,mobile,West,basic,groceries
101584,36.7,69.8,15.6,4.46,61.35,0.298,3.6,38.1,1,0,9.1,9.3,5,35.2,1610,tablet,Midwest,basic,groceries
101585,46.5,88.1,49.3,7.61,75.62,0.499,14.7,46.4,3,4,5.2,10.6,5,40.6,2130,desktop,South,basic,electronics
101586,32.9,95.3,15.2,3.17,36.62,0.376,17.9,69.1,1,2,23,3.8,4.5,43.6,883,tablet,Northeast,plus,beauty
101587,36.3,116.1,24.6,3.82,66.65,0.138,25.8,,2,1,0,15.7,4.16,59.5,1788,mobile,West,basic,beauty
101588,29.1,83.5,39.3,6.87,45.42,0.474,8,74.4,1,2,10.7,11.9,5,63.6,1739,desktop,West,basic,groceries
101589,36,55.1,12.7,5.36,108.35,0.261,4.8,50.9,0,0,18.6,12,5,59.9,1515,tablet,West,plus,groceries
101590,19,84.8,19.4,7.4,43.65,0.306,6.9,,0,2,8.3,15.8,5,41.4,1378,mobile,Midwest,plus,groceries
101591,30.2,66.4,13.9,4.24,50.13,0.419,18.1,36.1,4,0,30.5,5.9,,47.2,1507,desktop,South,basic,groceries
101592,30,91.2,44.1,3.8,81.69,0.25,6.8,,1,2,20.8,11.1,4,57.2,1724,desktop,South,basic,electronics
101593,54.7,64.3,34,7.15,55.12,0.523,10.9,42.2,3,4,3.6,18.7,4.19,55.3,1266,mobile,South,plus,groceries
101594,41.3,93.1,44,3.8,108.43,0.705,14,66.5,2,2,2.5,7.2,4.49,41.1,2422,mobile,Midwest,plus,home
101595,51.1,92.7,14.8,6.07,104.76,0.053,12.1,72.1,0,2,19,6,5,62.6,2644,desktop,Midwest,premium,groceries
101596,18,40.4,24,6.28,21.28,0.588,18.5,61.9,4,0,12.4,7,5,64.3,1425,mobile,South,premium,groceries
101597,50.6,29.8,5.2,3.29,26.9,0.701,18.2,,0,0,8.4,5.7,5,50.5,1263,mobile,West,plus,groceries
101598,41.9,84.6,36.7,7.09,67.98,0.483,8.7,59.7,2,0,10.9,5.1,5,49.4,2080,desktop,South,premium,home
101599,51.1,135.3,32.4,3.46,114.5,0.127,7.6,94.4,2,2,15.1,8.3,5,55.1,2637,tablet,Midwest,premium,electronics
101600,35.7,,1,6.73,34.98,0.894,5.1,38.6,1,0,12.1,1.5,,53.1,1399,mobile,South,basic,groceries
101601,36.9,52.7,20.8,5.36,22.1,0.599,9.3,35.8,2,1,19.8,6.6,4.4,50.4,1758,desktop,West,basic,electronics
101602,34.5,68.4,39.7,3.2,36.58,0.721,10.9,44.1,2,1,5.1,10.1,4.92,59.7,1363,desktop,Midwest,basic,home
101603,36,89.9,40.5,5.26,89.93,0.264,3.3,76.4,2,1,10.8,14.9,4.49,33.7,2404,mobile,South,premium,electronics
101604,39.5,91.8,59.3,5.23,96.56,0.244,1.1,74.6,1,2,15.4,7.9,,42.1,2608,desktop,Midwest,premium,electronics
101605,29.9,77.8,6,1.52,34.52,0.475,4.9,104.2,4,2,16,5.1,4.11,56.4,982,mobile,West,basic,home
101606,31.7,87.6,11.8,2.59,100.04,0.052,10.2,82.8,3,1,31,12.3,5,59.3,2370,mobile,Northeast,premium,groceries
101607,36.3,69.6,1,9.2,44.03,0.836,8,37.3,0,1,14.2,8.5,5,45.9,1792,mobile,West,basic,home
101608,18.9,70,18.2,6.2,31.08,0.334,23.5,65.3,5,2,30.7,4.2,,70.6,1337,mobile,South,basic,beauty
101609,36.4,90.3,13.4,7.03,43.31,0.77,0.2,72.6,1,2,23.8,8.3,5,40.2,1261,,Northeast,basic,groceries
101610,51.1,127.7,21.6,1.16,108.79,0.059,0.5,59.2,0,2,15.9,17.6,4.59,52.4,2488,mobile,West,premium,beauty
101611,25.6,44.9,13.5,4.45,42.24,0.564,5.4,52.6,2,2,0,5.6,4.6,54.1,1586,mobile,West,basic,groceries
101612,40.3,84.3,32.1,5.53,74.14,0.236,11.8,55.4,1,2,6.7,6.5,5,60.4,1790,mobile,Northeast,plus,electronics
101613,34.3,,12.5,4.22,111.03,0.337,18,76.1,2,3,18,7.3,4.63,44.9,2648,desktop,Northeast,basic,home
101614,42.7,109.3,37.9,4.9,125.95,0.211,6.1,74.2,2,2,22.5,12.7,,53.3,3018,,South,plus,electronics
101615,41.6,62.2,28,6.42,35.74,0.806,9.4,51.1,1,1,11.3,7.9,5,50.4,1979,tablet,Midwest,premium,groceries
101616,34.7,59.2,11.8,8.04,67.92,0.348,8.7,53.3,2,1,11,14.2,5,55.1,1925,mobile,South,premium,
101617,40.8,63.2,23.6,3.99,33.47,0.604,0.2,47.2,0,2,2.3,8.9,4.71,46.2,758,mobile,Midwest,plus,groceries
101618,27.8,,5.9,2.51,30.46,0.504,8.3,,1,0,17.4,2.9,5,54,1208,desktop,South,basic,home
101619,57.3,,45.6,6.97,70.31,0.525,13.4,55.1,0,1,7.5,14.3,5,49.7,2186,desktop,South,basic,electronics
101620,45.9,48.5,32.1,6.73,23.27,0.841,4.5,55.2,3,3,25,12,5,59.7,1147,mobile,West,plus,home
101621,36.9,95,24.2,8.03,52.9,0.635,8.7,89.1,2,1,2.8,21.9,3.21,41.2,1530,desktop,South,plus,groceries
101622,40.2,,58.6,5.03,73.5,0.298,6,74.2,0,0,13.3,7.5,5,51.6,2463,desktop,West,premium,beauty
101623,18,,20.2,5.97,36.92,0.59,7.8,27.1,1,1,3,8.7,5,39.4,1181,mobile,Midwest,basic,groceries
101624,34.4,,2.2,2.16,59.09,0.314,20.6,108.6,2,7,15.9,0.9,,59.9,1816,mobile,Northeast,basic,home
101625,51.7,154.3,22,4.62,106.37,0.031,3.7,43.6,2,0,8.3,12.3,,54.4,2598,mobile,South,premium,home
101626,52.5,72.2,20.3,8.51,65.17,0.451,10.6,66.2,1,0,7.9,6.8,5,51,2102,desktop,South,plus,groceries
101627,67.4,116.9,35.5,2.93,66.79,0.289,2.9,106.5,1,2,8.7,0.6,4.84,53.4,1643,mobile,Northeast,premium,electronics
101628,31.1,,19.1,3.49,44.77,0.228,26,66.9,2,1,21,11.8,5,51,1519,mobile,West,basic,home
101629,48,60.8,45.1,10.24,66.36,0.655,11.4,68.5,2,3,14.4,15.2,,53.8,2491,mobile,West,premium,groceries
101630,27.4,72.2,28.6,7.43,27.64,0.647,14.3,,1,1,13.4,12.8,5,43.1,1038,mobile,South,plus,beauty
101631,18,76.9,12.1,3.6,46.44,0.365,13.6,82.9,3,0,19.1,8.2,,62.5,1488,desktop,West,plus,groceries
101632,55,110.8,38.5,3.51,73.28,0.104,5.6,57.9,3,2,26.8,17,5,59.8,2159,mobile,South,premium,home
101633,18,78.2,27.7,7.59,27.84,0.598,10.4,87.5,4,1,25.2,7.1,5,47.7,1637,desktop,Northeast,basic,home
101634,35.3,61.9,35.5,10.2,76.32,0.121,11.5,62.7,0,2,9.2,15.5,5,55.8,2649,mobile,South,basic,home
101635,54.2,89.3,44.5,6.53,127.72,0.187,2.7,50.5,2,1,27.1,7.9,5,54.2,3227,mobile,Northeast,premium,electronics
101636,42.9,44.6,17.6,7.97,53.23,0.364,3.8,17.3,1,2,17,11.1,5,48.4,2153,mobile,West,premium,home
101637,36.6,102.3,7.4,5.56,97.83,0.116,5.9,19.7,2,2,22.8,9,5,54.5,2388,mobile,Northeast,premium,groceries
101638,39.2,102.3,1,1.59,116.67,0.29,15.3,102.6,3,2,20.4,8.2,4.32,51.4,2611,desktop,Northeast,basic,groceries
101639,45.9,54.6,18.5,4.77,22.59,0.386,7.9,,3,1,10.1,10.3,5,40.2,1257,mobile,Midwest,plus,groceries
101640,18,50.5,22.3,4.71,23.58,0.775,4.1,43.9,3,4,19.2,7.5,4.86,47.1,1078,mobile,Midwest,plus,groceries
101641,38,88.6,16.6,7.07,69.16,0.755,2,51.9,3,0,11.2,14.4,5,50.8,1926,mobile,West,plus,home
101642,29.7,,9.2,8.11,36.42,0.597,17.3,84.3,1,1,3.4,10,5,71.8,1710,desktop,Midwest,basic,home
101643,46.6,74.4,40.9,7.13,64.78,0.202,15.5,55,2,2,6.9,15.5,5,45,1716,desktop,Midwest,plus,home
101644,49.7,86,14.5,8.6,64.64,0.315,7.5,28.1,1,2,12.6,4.8,5,54,1798,mobile,South,basic,groceries
101645,55.2,72.3,24,9.21,50.06,0.437,8.6,,3,3,5.2,0.2,5,55.1,1857,mobile,West,basic,home
101646,47.5,102.6,4.9,8.15,46.89,0.573,6.2,79.7,0,1,17,15.2,,32.4,1572,desktop,Northeast,basic,groceries
101647,32.1,61.4,9.1,5.64,24.39,0.631,3,73.9,3,0,13.4,5.8,4.49,44.5,1232,mobile,Northeast,basic,groceries
101648,40.5,66.5,15,7.21,68.07,0.509,8.2,61.6,4,3,16.8,13.8,4.05,47.7,1663,desktop,Northeast,plus,electronics
101649,45.5,78.9,34.1,3.81,96.34,0,9.6,52.5,1,0,23.7,15.4,5,51.7,2625,desktop,South,premium,
101650,23.3,65.5,2.3,4.38,29.14,0.574,12.5,58.1,2,0,16.3,6.4,5,52.2,1054,tablet,South,basic,groceries
101651,31.1,71.4,42.5,4.19,43.91,0.791,18.4,58.3,0,1,7.1,8.1,4.91,67.4,1790,mobile,South,plus,groceries
101652,32.3,68.1,20.3,10.73,44.09,0.379,10.2,39.4,2,1,8.5,7.3,5,67.3,1826,tablet,West,basic,groceries
101653,31.3,51.7,31.6,3.25,26.71,0.658,8,69.6,0,0,14.9,5.1,3.92,50.3,828,desktop,Midwest,plus,beauty
101654,55.3,,34.1,4.2,131.99,0.101,9,,0,0,5,6.3,5,60.2,2967,mobile,Northeast,premium,home
101655,40,35.7,26.4,6.4,24.45,0.859,9.3,37.7,5,0,21,3.3,4.25,60.6,1143,mobile,West,basic,groceries
101656,46.8,110.9,52,3.23,106.11,0.135,2.1,44,1,4,16.9,7.6,4.95,54.1,2454,tablet,South,premium,home
101657,52.3,125,58,5.35,35.4,0.13,5.4,97.1,1,1,30.2,8.8,5,68.8,1320,desktop,West,basic,electronics
101658,37,77.1,28.6,3.47,107.85,0.117,5,90.4,3,2,20.1,17.5,2.03,57,2094,mobile,South,plus,
101659,36.1,57,17.7,7.77,32.61,0.7,6.8,51.6,4,0,8.8,10.5,5,29.7,1603,desktop,Northeast,basic,home
101660,35.3,91.8,17.6,11.17,83.93,0.484,11.6,,2,3,2.1,12.3,,64.8,2665,desktop,West,basic,home
101661,47.7,56.5,44.5,3.9,33.39,0.659,7.2,61.6,0,0,10,7.9,4.35,54.6,1410,mobile,Midwest,plus,home
101662,18,90.2,25.5,0.3,71.08,0.577,16.9,77.7,4,4,14.6,2.4,3.4,48.9,1560,mobile,South,plus,home
101663,52.4,52.1,22.4,4.03,31.33,0.619,14.4,43.9,0,0,2.4,8.5,4.68,64.1,1461,mobile,Midwest,plus,groceries
101664,35.2,115.3,29.7,5.56,121.23,0.092,12,102.6,0,2,9.7,14.9,4.49,54.8,2774,desktop,West,basic,electronics
101665,52.4,64.2,23.2,2.91,26.86,0.731,3.7,41.1,1,1,19.3,3.7,4.52,52.4,1019,desktop,West,basic,beauty
101666,42.6,40.8,17.7,5.44,33.94,0.447,15,53.5,3,0,9.7,3.6,4.59,50.5,1328,desktop,West,basic,home
101667,34.5,67.4,38,3.64,92.72,0.017,6.4,85.2,0,0,23.7,13.4,,62,1010,desktop,West,basic,beauty
101668,40.4,78.7,20,3.94,29.29,0.475,15.4,94.9,1,1,16.7,13.1,5,66.5,1263,tablet,Midwest,plus,
101669,46.7,79,26.4,4.31,73.83,0.687,10.9,47.7,1,2,5.5,10.3,5,43.9,2076,tablet,Midwest,plus,home
101670,36.1,99,14.2,6.38,36.06,0.674,0.2,44.3,0,2,2.7,10.4,,50.1,1555,mobile,Midwest,basic,home
101671,43.4,97.3,5.6,6.2,72.06,0.644,12.9,61.8,1,1,2.2,22.4,4.29,44.6,1649,mobile,Midwest,basic,electronics
101672,40.7,73,35.1,3.75,32.69,0.481,12.9,,3,2,5.5,17.5,3.14,57.5,1382,,West,plus,groceries
101673,40.4,,15.5,7.6,68.43,0.399,15.8,59.7,3,2,8.8,5.4,4.9,32.2,2048,mobile,Midwest,basic,groceries
101674,55,64.4,21.2,9.73,64.62,0.419,7.1,34.9,2,3,15.7,10.3,5,51.3,2173,mobile,Northeast,plus,electronics
101675,35.2,74,22.3,11.94,47.87,0.499,8.1,52.6,4,4,6.7,16.8,5,44.2,2247,tablet,South,basic,groceries
101676,34.3,45.2,18,5.01,32.24,0.121,22.6,106.5,2,4,25.7,13.5,5,52,1186,mobile,Northeast,plus,groceries
101677,38.3,94.7,11.5,11.53,70.44,0.352,9.6,60,3,4,10.1,8.5,5,37.2,2840,mobile,Northeast,premium,electronics
101678,44.8,72.3,49.6,2.85,29.01,0.786,21.3,,1,1,8.7,11,4.33,62.7,1174,mobile,South,basic,home
101679,37.3,,22.9,7.02,44.25,0.531,10,48.9,2,3,6.7,2,5,53,1588,mobile,South,plus,groceries
101680,24.4,83.6,12.5,5.43,55.77,0.245,14.2,76.1,3,2,44.4,14.4,4.45,53.1,1650,mobile,Northeast,basic,groceries
101681,43.3,97.4,64,3.65,106.1,0.407,4.1,106.6,0,1,20.6,14.9,5,62.2,2329,tablet,Midwest,premium,home
101682,36.8,87.3,24.9,8.12,64.73,0.266,4.2,16.9,3,3,1.2,3.8,5,63.9,2410,mobile,South,plus,beauty
101683,51.1,109.6,10.1,7,68.51,0.208,10.2,56.8,0,0,6.5,6.6,5,42.3,2262,mobile,South,premium,groceries
101684,40.8,93.9,1,4.64,107.31,0.215,6.9,64.7,2,2,44.6,13.8,4.32,51.6,2721,mobile,South,basic,electronics
101685,48.2,68.3,30.6,4.77,35.82,0.524,6.5,11.5,1,1,7.7,5.8,5,31.7,1410,mobile,Northeast,premium,groceries
101686,33.1,92.5,19.3,2.65,58.16,0.485,23.2,125.6,2,2,24.2,9.2,3.91,64.2,1787,mobile,West,premium,groceries
101687,33.2,59.8,18.8,5.91,9.48,0.611,4.9,45.2,2,1,26,9.3,5,54,1083,mobile,West,plus,beauty
101688,33.1,,36.5,6.65,26.24,0.618,10.3,51.4,1,0,15.3,12.6,4.91,50.5,1493,mobile,West,basic,home
101689,27.5,61.2,21.3,7.22,34.55,0.856,13.7,83.8,2,0,12.4,7.4,5,63.6,1414,tablet,Midwest,basic,groceries
101690,27.6,82.4,50.2,7.23,33.23,0.647,10,48.1,1,0,19.9,6.1,5,63.1,1043,mobile,Midwest,basic,home
101691,40.2,72.9,25.7,6.68,80.19,0.213,6.4,,2,4,17.7,12.1,5,68.2,2454,mobile,Midwest,basic,electronics
101692,47,69.1,24.8,4.34,84.33,0.025,6.1,82.7,1,4,13.7,15.7,4.68,57.3,2247,mobile,West,premium,home
101693,45.1,111.9,31.8,4.1,92.98,0.103,5.6,96,0,2,0.5,12.1,5,37,2376,mobile,Northeast,premium,electronics
101694,40,69.6,40.6,4.84,33.05,0.713,12.8,46.3,0,0,13,6.4,5,55.1,1377,mobile,Northeast,basic,home
101695,29.1,74.1,14.6,4.01,92.13,0.18,12.8,83.5,3,4,24.8,9.7,4.51,42.1,1635,mobile,South,basic,groceries
101696,41.1,95.8,47.8,4.06,103.41,0.03,0.1,22.4,1,3,5.8,12.7,5,49,2230,tablet,Midwest,premium,beauty
101697,69,62.3,31,4.79,74.29,0.21,3.5,93.5,2,2,15.4,13.4,,46.3,2065,desktop,Northeast,premium,groceries
101698,39.6,64.2,29.9,8.99,69.88,0.434,7.6,31.1,1,0,4.3,18,5,52.5,2605,desktop,West,premium,groceries
101699,42.8,87.6,49.1,4,42.46,0.151,6.5,,1,1,23,18.7,5,51.5,1891,mobile,South,premium,home
101700,18,103.7,23.9,2.35,53.66,0.492,16.7,86.8,4,2,30,6.4,4.18,53.8,1469,mobile,Midwest,basic,home
101701,31,109.1,15.6,2.01,75.65,0.379,13.9,62,8,5,35.7,13.8,4.04,56.9,1509,mobile,West,basic,groceries
101702,43.3,75.1,47.8,7.91,75.53,0.481,3.3,55,3,0,10.2,11.2,5,46.8,1917,,Midwest,basic,groceries
101703,39.9,86.9,30.2,8.66,38.32,0.513,17.7,,0,1,0,12.2,5,61,1586,desktop,Midwest,basic,groceries
101704,36.4,118.8,24.9,3.39,108.62,0.159,3.4,56,1,0,8.1,15,5,57.9,3054,desktop,West,premium,
101705,32.4,68.1,22.4,2.83,22.87,0.411,5.9,46.1,2,1,0,8.3,4.75,62.2,1072,desktop,West,basic,groceries
101706,27.5,65.2,32.4,6.11,23.02,0.7,6.9,50.9,0,2,10.9,12,5,37.2,1506,,South,basic,home
101707,37.3,67.4,23.9,4.91,56.87,0.217,22.6,91.6,2,4,24,11.9,5,56.3,2082,mobile,South,premium,home
101708,25.9,90,15,4.33,46.92,0.121,17,149,4,0,31.5,9,5,66.5,1950,mobile,West,premium,home
101709,38.6,94.7,40.7,8.17,50.01,0.566,9.9,43.2,2,2,19.2,14.4,5,47.3,1828,mobile,South,basic,home
101710,45.1,57.3,34.5,10.28,80.44,0.385,6.5,61.1,2,2,3,12.2,5,47.3,2183,mobile,South,plus,home
101711,52.4,137.5,55.1,4.45,89.09,0.305,8,68.6,1,6,16.4,14.2,4.5,62.1,2366,mobile,Midwest,premium,home
101712,44.4,84.8,10.7,6.65,57.89,0.312,10.5,31.6,2,3,9.6,3.2,4.87,56.5,1814,mobile,Midwest,basic,groceries
101713,32.6,90.7,2.8,3.44,49.15,0.239,10.3,124.9,3,1,35.7,7.8,5,63.8,1202,mobile,Midwest,plus,groceries
101714,31.2,83.8,50,3.05,105.26,0.264,2.2,16.7,1,0,17.5,13.6,5,39.8,2316,mobile,South,basic,home
101715,42.6,88.6,40.5,6.78,68.92,0.49,5.9,34.7,3,4,19,6.2,5,44.1,2156,mobile,South,plus,groceries
101716,19.5,58.9,1,4.5,72.38,0.183,29.8,123,3,3,29.6,3.1,4.82,69.5,1670,mobile,South,basic,groceries
101717,39.8,54.1,13.3,4.79,39.55,0.492,17.5,63.3,2,2,10.4,11.8,5,67.3,1705,desktop,Northeast,plus,groceries
101718,40,39.8,19.1,6.52,25.96,0.53,4.8,67.4,1,3,0,6.7,,48,1568,mobile,West,premium,electronics
101719,31.9,82.6,19.5,3.34,89.81,0.056,9.9,103.3,3,2,26.5,8.1,5,54.8,1565,mobile,Midwest,plus,groceries
101720,36.5,93.2,1.3,2.89,85.73,0.521,22.4,84.9,5,3,32.5,5.7,,70.1,1956,mobile,West,plus,groceries
101721,45.4,86,42.2,9.24,71.26,0.462,8.2,80.4,1,1,15.5,6.4,5,48.1,2153,desktop,South,premium,groceries
101722,34.8,67.6,25.6,7.47,64.11,0.341,5.2,54.9,0,1,11.5,10.5,5,66.5,2089,tablet,Northeast,plus,groceries
101723,42.3,100.1,28.1,5.12,40.02,0.206,10,,2,2,0,11.4,5,65.4,1327,mobile,Midwest,premium,home
101724,27.9,75.3,24.8,1.5,46.86,0.214,14.2,51.5,6,3,36.6,8.4,,49.9,1277,mobile,Northeast,basic,groceries
101725,33.5,71.5,29.9,7.48,58.67,0.407,6.5,40,4,4,9.6,12.4,4.77,62.5,1936,mobile,Midwest,basic,groceries
101726,45.3,88.2,39.5,6.09,61.52,0.801,12,53.6,1,1,2.6,10.8,5,43.1,1837,mobile,South,plus,home
101727,38.9,88.2,18.1,4.8,116.5,0.224,9.2,62.9,3,3,11.1,3.9,5,47.4,2571,desktop,South,basic,electronics
101728,22.1,106.7,6,4.78,65.74,0.187,3.1,16.8,2,2,0,7,5,50.6,1959,tablet,South,plus,groceries
101729,51.6,65.3,49.8,6.28,170.43,0.266,11.8,53.6,2,3,2,0.2,,52.9,3485,desktop,West,basic,home
101730,38,126.7,1,6.08,108.35,0.08,2.1,72.3,0,1,2,0.3,5,46.5,2600,desktop,West,plus,electronics
101731,36.9,88.2,19.7,2.93,81.9,0.375,21.6,97.7,0,0,13.7,10.1,4.4,64.8,2085,mobile,Northeast,basic,groceries
101732,46,88.4,24.8,4.93,30.81,0.49,18.9,89.9,2,0,12.8,11.6,5,72.4,1025,desktop,Midwest,basic,home
101733,43,72.4,10.2,4.06,82.15,0.146,14,,0,2,17.7,11.2,5,53.1,2446,mobile,Midwest,premium,beauty
101734,18,81.6,17.7,5.34,42.31,0.455,17,52.7,0,1,16.6,4.8,4.74,59.7,1075,desktop,South,basic,electronics
101735,36,46.3,5.6,5.39,30.5,0.558,6.5,46.5,1,1,4,8.3,,58.4,1924,tablet,Northeast,plus,electronics
101736,34.5,86.2,36,5.55,31.94,0.716,9.2,60.1,2,0,12.6,8.5,5,63.6,1307,mobile,West,basic,groceries
101737,44.1,83.1,10.3,10.28,55.62,0.303,21.6,31.4,3,4,11,10.3,5,63.9,1600,desktop,Northeast,plus,home
101738,28.1,64.2,31.4,10.86,30.32,0.733,3.3,50.5,1,0,6.7,2.7,5,30.5,1597,,Northeast,basic,home
101739,45.1,81.2,17.6,7.68,43.93,0.44,8.2,39.6,0,1,10.8,6.1,5,43.4,1835,mobile,West,premium,groceries
101740,45.6,120,40.6,7.3,115.33,0.019,9.2,70.4,2,3,27.1,13.2,,55.6,2867,mobile,Northeast,plus,electronics
101741,36.6,73.5,21.9,7.09,27.48,0.519,16.3,37.7,2,0,26.9,3,5,48.1,1335,mobile,Midwest,basic,groceries
101742,26,,33.5,5.54,73.76,0.308,9.3,57.6,2,5,11.6,12,5,57.9,2010,desktop,West,premium,electronics
101743,46.3,76.3,40.3,2.52,75.13,0.18,11,47.3,1,1,13.1,12.6,,59.6,1663,desktop,West,plus,electronics
101744,42.4,91.4,20.7,6.47,97.59,0.165,1.6,83.5,0,1,4.2,1.1,5,51.7,2041,desktop,Midwest,plus,
101745,25.1,83.5,3.3,2.21,87.28,0.468,22.3,44,2,2,35.2,7.7,3.63,58.4,2160,mobile,West,plus,groceries
101746,23.2,65.2,23,5.31,38.78,0.482,6.7,27.8,3,0,3.9,9.3,5,55.2,1347,mobile,West,basic,groceries
101747,34.9,103.8,16.7,3.9,77.45,0.357,0.4,75.9,3,4,37.4,10.7,5,53.1,1891,mobile,West,premium,home
101748,42.1,60.1,32.4,8.3,81.23,0.457,15.4,27.8,1,1,9.5,8.7,5,49.5,1886,mobile,South,plus,electronics
101749,30.7,96.5,13.9,1.89,48.61,0.27,19.9,74.5,4,5,40.8,5.2,4.6,28.2,1548,desktop,Northeast,premium,groceries
101750,48.7,109.3,37.2,3.94,79.1,0.356,0.1,68.6,1,2,17,11.8,4.76,54.7,2089,mobile,Northeast,premium,electronics
101751,55.6,83.8,14.5,5.54,89.49,0.12,7.2,65.7,1,1,24.9,9.7,5,47.5,2629,desktop,Northeast,basic,beauty
101752,35.6,45.1,7,3.96,29.58,0.599,1.4,74,0,0,20.5,10.5,4.4,36,1129,,Midwest,premium,groceries
101753,42,84.3,17.6,7.73,53.31,0.447,8.2,28.1,3,3,0,10.8,4.86,47.2,1446,desktop,West,basic,home
101754,29.1,67.2,23.1,6.27,31.08,0.716,4.3,35.3,0,2,2.6,5.5,5,62.2,1489,desktop,West,premium,groceries
101755,30.9,78.4,22.5,8.08,57,0.144,13.5,38.5,1,3,9.8,7.1,5,56.1,2088,mobile,West,premium,
101756,37.3,58.1,21.9,3.55,61.96,0.138,27.2,116.1,3,1,30.2,5,5,67.5,1530,mobile,West,premium,electronics
101757,31.3,78.5,12.5,4.56,93.45,0.381,15.6,100,6,4,8.3,1.5,,60.3,2134,desktop,West,basic,electronics
101758,27.2,72.8,29.9,3.08,73.77,0.268,29.7,145.4,3,1,32.5,12.7,4.49,65.4,2153,mobile,Northeast,basic,home
101759,18.4,71.3,10.3,1.8,70.25,0.194,20.3,102.3,1,0,21,7.9,4.58,52.3,1417,desktop,Northeast,plus,home
101760,36.4,65.2,26,5.67,67.97,0.623,9,,1,1,5.7,14.6,,51.6,1859,mobile,South,basic,home
101761,45.5,81.2,34.8,6.89,58.5,0.492,3.3,49.1,0,2,7.6,17.5,4.17,38.6,1907,desktop,Midwest,plus,groceries
101762,51.2,80.3,37.1,8.78,78.05,0.397,5.5,47.4,4,1,2.7,9.5,5,64.4,2380,mobile,South,plus,groceries
101763,39.8,117.4,36.6,6.23,61.9,0.534,12.1,42,2,2,7.9,11.2,4.96,56.6,1793,mobile,Midwest,plus,groceries
101764,46.3,88.5,67,5.78,88.76,0.253,6.1,65.3,2,3,28.8,7.3,,48.3,2312,mobile,Northeast,premium,electronics
101765,46.5,88.8,13,3.48,71.59,0.077,2.7,56.7,1,3,0,10.6,5,53.4,1464,mobile,West,basic,electronics
101766,37.9,85.2,35.9,7.4,76.17,0.527,13.8,75,1,1,17.7,7.6,5,64.2,2488,desktop,Midwest,plus,groceries
101767,40.6,,36.8,6.28,91.69,0,10.2,,2,3,11.2,11.7,5,55.5,2655,mobile,Midwest,premium,groceries
101768,22.3,87.9,14.6,4.8,104.74,0.356,24.2,61.2,4,4,32.8,7.1,3.72,53.2,2256,tablet,Northeast,basic,home
101769,37.3,74.5,22.2,5.02,25.09,0.664,12.6,41.5,1,1,13.5,6.9,4.92,60.1,918,mobile,Northeast,basic,groceries
101770,46.1,93.9,17.3,4.03,84.75,0.469,16.1,104.1,6,1,10.6,2.6,4.09,51.2,1976,tablet,West,plus,beauty
101771,34,55,30.9,5.31,31.87,0.371,19.5,81.6,0,0,0.5,10.7,5,50.4,1033,desktop,Northeast,plus,groceries
101772,33.1,108,37.1,3.92,96.72,0.037,4.8,49.5,0,1,8.8,9.7,4.88,48.7,2438,mobile,Northeast,plus,beauty
101773,43.3,53.7,24.2,4.2,23.08,0.635,7.2,19.3,3,0,6.2,10.2,4.93,60.3,754,mobile,Midwest,plus,beauty
101774,48.3,99.6,50,3.68,115.88,0.192,9.7,102.2,3,3,18.2,18.8,3.47,53.7,2518,mobile,Midwest,basic,electronics
101775,26.3,76.2,31.2,2.46,91.96,0.2,8.2,73.6,2,4,29.1,12.5,4.27,52.7,2274,mobile,Midwest,premium,beauty
101776,27.8,58.5,33,8.82,28.65,0.618,7,44.5,3,3,13.5,1.4,5,56.1,1022,mobile,West,basic,groceries
101777,32.5,95.9,51.2,3.74,89.94,0.356,12.1,61,3,0,35.3,15.3,4.32,34.2,2585,desktop,Northeast,premium,beauty
101778,44.9,49.7,17.6,4.03,65.78,0.112,4.3,39.8,2,4,5.3,6.8,5,42.3,1623,mobile,West,basic,electronics
101779,27.9,67.8,20.3,4.11,44.03,0.245,25.5,44.3,2,3,21.4,8.5,5,51.4,1428,mobile,Northeast,plus,groceries
101780,44.7,107.9,8.2,2.9,84.73,0.212,24.8,,2,3,42.1,14.1,4.86,74.8,2132,mobile,West,plus,electronics
101781,36.9,57.3,23.3,1.8,112.73,0.521,12.2,74.8,2,4,59.3,5.6,4.13,50.7,2151,mobile,Midwest,plus,home
101782,18,98.2,13.6,2.33,100.24,0.287,13.7,70.7,5,0,13.8,9,5,64.8,2156,mobile,West,plus,beauty
101783,48.8,129.1,38.6,3.83,94.95,0.164,10.6,54.7,0,2,21.5,7.9,5,50.9,2092,mobile,West,plus,home
101784,37.1,110.1,2.5,1.99,30.09,0.371,16.7,90.6,3,4,14.1,13.3,4.45,62.1,959,mobile,Midwest,basic,electronics
101785,25.7,63.5,30.8,7.3,29.45,0.573,11.7,23,1,0,9.5,5.2,5,53.7,1589,mobile,Midwest,basic,groceries
101786,19.5,86.3,28.1,7.65,36.72,0.682,19.5,65.5,0,1,4.9,11.6,,63,1762,mobile,Northeast,premium,groceries
101787,35.6,93.4,52.6,5.07,85.49,0.011,5.8,106.3,1,3,13,16,5,53.2,2337,desktop,Midwest,premium,electronics
101788,42.9,80.5,18.4,7.52,84.21,0.476,9.4,59.7,4,3,0,15,4.02,62.8,2212,desktop,Midwest,plus,electronics
101789,35.4,,26.3,6.37,67.79,0.552,7.3,62.5,1,1,6.5,17.6,5,37.4,1873,desktop,Midwest,basic,groceries
101790,30.9,118,44.7,6.22,97.12,0.041,3.9,55.5,1,3,16.6,13.8,5,43.1,2640,mobile,Northeast,premium,electronics
101791,29.8,102.7,19.3,4.25,52.11,0.423,16.2,23.9,2,4,12.4,14.8,4.01,59.9,1909,desktop,Midwest,premium,groceries
101792,53.4,100.7,25.1,4.64,106.58,0.259,9.1,74.9,1,1,15.2,8.3,5,58.5,2344,desktop,Northeast,premium,home
101793,23.9,133.5,7,4.03,120.83,0.156,6.8,84.3,1,0,22.2,5.7,5,59.4,2733,mobile,West,premium,groceries
101794,39.5,86.1,31.4,7.75,71.7,0.439,7,57.4,4,2,6.7,9.4,5,37.6,2392,desktop,South,plus,groceries
101795,45,52.8,35.1,10.51,49.42,0.468,11.7,9.2,1,1,0,13.9,5,57,1947,mobile,Northeast,plus,home
101796,57.5,40.5,21.5,6.86,16.24,0.583,1.2,74.1,0,1,13.4,11.3,5,42.4,1229,desktop,West,basic,groceries
101797,39.7,74.6,18.2,3.01,43.31,0.699,7.5,40.3,2,5,30.7,11.8,3.67,57,1225,desktop,South,plus,groceries
101798,25.3,68.2,7.7,6.82,30.71,0.584,9.3,36.2,2,1,16.9,8.5,5,61,1253,desktop,Midwest,basic,groceries
101799,21.3,60.2,10.9,2.74,78.64,0.662,15.8,89.4,2,3,23.2,10.3,5,60.2,2181,mobile,Northeast,basic,groceries
101800,52.6,104,50.2,8.12,87.58,0.341,9.5,19.5,2,3,11.1,12.5,5,47,2646,desktop,Northeast,plus,electronics
101801,56.5,90.9,22.1,6.82,87.18,0.02,3.5,76.2,1,1,17.1,15.4,5,53.9,2598,mobile,West,premium,groceries
101802,53.2,52.3,15.9,6.07,31.85,0.632,4,51.5,1,2,19.3,8.7,5,53.5,1215,mobile,South,plus,groceries
101803,45.3,,40.1,5.4,114.72,0.326,2.6,81.3,2,1,25.8,14.1,5,44.9,2601,mobile,Northeast,basic,groceries
101804,34.8,94.7,1,1.8,64.96,0.041,25.3,89.5,5,3,20.6,6.9,,63.5,1320,tablet,West,basic,
101805,53,62.5,4.9,9.56,62.56,0.213,17.6,85.4,1,1,2.7,10,,58.4,2100,,South,plus,electronics
101806,61.9,81,19.7,3.05,33.88,0.557,12.8,52,0,0,16,2.6,5,53,940,mobile,Northeast,plus,beauty
101807,36.7,83.5,36.5,5.64,50.65,0.475,10.5,8.2,0,0,1.3,6.1,5,37.7,1448,mobile,South,basic,home
101808,23.3,69.2,21.7,4.82,18.58,0.571,16.6,57.6,0,2,7.9,10.2,4.72,56.8,902,mobile,South,basic,groceries
101809,47.7,122.3,35.9,4.75,100.38,0.24,5.5,76.1,2,1,26.7,19.1,5,50.8,2364,,Northeast,basic,groceries
101810,39.5,109.8,28.6,7.32,103.6,0.149,7,64.9,0,1,4.7,16.6,5,53.1,2744,desktop,West,plus,beauty
101811,37.6,33.2,30.9,7.32,49.04,0.405,9.4,64,1,2,12.7,13.7,,46.5,1926,,Midwest,plus,home
101812,45.9,,45,5.65,103.9,0.237,7,48.6,1,3,11.1,9.6,5,53.9,2615,mobile,South,premium,electronics
101813,25.9,77.2,1.7,3.93,76.15,0.294,26.4,90.9,6,0,33.1,5.6,5,58.5,1820,tablet,Northeast,plus,groceries
101814,20.5,56.2,16.7,5.17,30.02,0.503,13.2,,2,0,17.9,2.7,5,48.4,1259,mobile,Midwest,premium,groceries
101815,32.5,75.5,27.9,10.37,74.92,0.388,6.6,,2,1,7.8,13.2,5,51.7,2459,mobile,Midwest,basic,groceries
101816,46.9,,19.6,9.68,66.9,0.624,14.2,,3,1,9,5.9,5,54.9,2067,desktop,South,basic,electronics
101817,43.3,114.7,36.6,6.51,81.04,0.16,3.9,77.1,0,2,22.2,11.6,5,53.5,2209,,West,basic,electronics
101818,37.3,91.2,10.2,9.25,37.72,0.502,5.6,70,3,2,5.2,2.7,5,64.4,1941,mobile,West,premium,home
101819,41.7,127,44.5,4.86,124.37,0.357,6.2,28.2,0,1,16.5,6.3,5,59.8,3128,mobile,West,premium,groceries
101820,47.9,76.9,31.6,6.6,87.26,0.569,0.6,30.2,1,0,11,16.2,3.81,39.1,2886,,Midwest,premium,groceries
101821,49,70.3,26.5,8.66,40.86,0.452,8.8,33.2,1,4,10.7,13.3,5,43,2191,mobile,Midwest,premium,
101822,28,71.6,53.4,10.06,56.08,0.724,9.4,46.6,4,5,12,12.7,,54.3,2035,mobile,West,basic,electronics
101823,28.1,63.8,16.4,5.06,91.98,0.207,12.5,61.3,2,2,32.8,7.8,5,57.8,2137,mobile,West,basic,home
101824,25.9,74.7,17,4.4,73.97,0.329,22.5,89.1,4,3,20.4,1,5,43.4,1733,,South,plus,beauty
101825,26.7,67.7,5.4,7.71,42.11,0.65,14,,3,1,5.5,14.3,5,57.4,1726,desktop,Midwest,plus,home
101826,35.8,103,16.2,2.54,105.65,0.131,2.7,55.5,0,0,22.6,6.5,,51.5,2487,mobile,South,premium,home
101827,53.8,,10.8,10.93,50.62,0.481,8.4,42.9,3,1,6.5,10.8,5,51.8,2241,mobile,South,premium,groceries
101828,37.7,60.1,4.7,5.27,31.62,0.549,12.8,,0,0,14.4,9.3,5,39,1405,mobile,South,basic,groceries
101829,30.3,57.4,20.3,3.61,41.57,0.335,15.5,57,3,2,34.6,10.8,4.59,49.3,1701,,Northeast,basic,electronics
101830,27.1,79.4,31.8,8.31,80.45,0.424,3.5,71.2,2,4,18.1,10.1,5,37.4,2479,desktop,Midwest,basic,groceries
101831,36.8,81.7,14.9,4.39,33.03,0.653,11.1,66.2,0,0,12.5,9.3,5,43.9,1348,tablet,West,plus,groceries
101832,45.8,51.7,18.1,6.38,55.12,0.311,10,40.6,5,3,9.8,12,4.99,48.6,1785,desktop,Midwest,plus,home
101833,57,50.7,27,3.94,81.59,0.196,9.4,42.9,3,2,26.7,9.7,4.64,52.5,2208,desktop,Northeast,premium,electronics
101834,50.8,67.2,29.3,4.32,61.75,0.574,4.7,72.8,3,0,9.7,21.4,3.27,62.5,1625,mobile,Northeast,plus,
101835,40.4,102.1,42.1,7.47,87.9,0.278,6.7,,1,0,19.7,10.1,5,37.6,2231,mobile,Midwest,basic,beauty
101836,47.9,72,28.3,6.71,33.18,0.692,11,44.9,5,3,15.9,12.4,5,59.6,1198,desktop,South,plus,
101837,35.5,83.8,18,2.5,31.01,0.642,11.5,25.5,3,0,5.9,7,3.35,63.8,1155,tablet,West,basic,groceries
101838,48.4,,35.8,2.53,98.59,0.451,14.5,154.6,3,5,30,4.3,4.93,55.1,2663,tablet,Northeast,premium,electronics
101839,38.4,,27,5.89,84.94,0.162,2.9,33,3,1,12.4,13.9,5,49.6,2065,desktop,Northeast,basic,beauty
101840,59.8,,19.6,7.08,26.42,0.624,14.6,55.5,0,0,13,9.7,5,45.1,1495,mobile,South,plus,home
101841,44.7,,20.9,3.51,42.1,0.444,15.9,87.7,4,5,0,9.8,,58.2,1877,mobile,Northeast,premium,beauty
101842,39,89.5,8,6.61,43.2,0.442,20.8,108.1,1,2,6.7,8.1,5,50.4,2074,mobile,South,premium,beauty
101843,33,59.9,9,5.99,38.95,0.134,20.3,68,1,2,0,3.4,5,60.8,1336,tablet,Midwest,basic,groceries
101844,37.6,37.7,13.9,3.54,73.71,0.209,16.6,112.7,4,4,31,7,,45,1987,mobile,South,basic,beauty
101845,36.3,58.5,14.4,10.36,37.79,0.265,4.7,39.7,2,1,14.7,8.2,5,46.2,2208,desktop,West,plus,groceries
101846,18,111,23.1,3.19,102.71,0.267,14.5,97.7,2,2,40,15.1,4.12,52.2,2169,desktop,West,basic,groceries
101847,36.8,79.4,26.7,9.45,50.13,0.688,10.2,74.6,1,0,13.2,11.8,5,63.9,1752,mobile,Northeast,basic,home
101848,28.1,59.6,13.2,4.68,112.17,0.145,24.7,156.8,5,4,1.9,3.8,4.53,66.5,2378,mobile,West,basic,electronics
101849,38.1,113.5,34.7,5.32,96.44,0.202,8.5,49.5,2,1,15.1,8.1,5,48.7,2220,desktop,South,basic,groceries
101850,54.6,71.4,24.7,5.51,40.58,0.421,7.7,72,0,0,7.2,20.9,5,59,1384,mobile,West,basic,groceries
101851,53.8,83.1,32.5,6.28,104.62,0.112,2.6,57.8,1,1,8.4,11.2,5,59.7,2290,mobile,Midwest,plus,electronics
101852,37.4,72.6,25.4,3.99,33.86,0.492,6.5,60.1,1,0,19.7,6.6,4.75,48.8,1631,desktop,Northeast,plus,groceries
101853,41.7,67.8,11.6,7.03,26.98,0.65,7.3,90.7,1,0,7.3,2.4,5,61.9,1604,desktop,Northeast,basic,beauty
101854,37.8,131.7,28.8,5.58,90.41,0.097,7.1,103.2,0,2,5.4,8.7,5,69.8,1890,tablet,West,plus,electronics
101855,31.6,65.9,28.9,5.31,24.95,0.689,8.5,80.2,1,0,1.7,10.3,5,53.7,1251,desktop,West,plus,home
101856,21.3,104.2,8.8,4.23,41.76,0.407,5.3,78.3,4,1,48.8,3.6,4.46,36,794,mobile,West,basic,groceries
101857,32.6,55.9,26.2,6.19,34.57,0.383,7.8,63.8,2,0,0.2,3.3,5,53.1,1952,desktop,West,premium,groceries
101858,54.2,101.3,19.5,9.16,75.9,0.515,6.7,34.6,2,4,5.7,22.5,4.29,52.6,2849,desktop,Northeast,premium,home
101859,37,120.5,21.8,4.65,99.78,0.24,14.1,35.8,0,1,11,11.6,5,53,2540,mobile,Northeast,plus,groceries
101860,66.8,150.2,26.7,3.59,131.53,0.084,3.8,46.9,0,1,1,5,5,39.8,2994,mobile,Northeast,plus,home
101861,21.6,,39.5,5.26,21.96,0.524,13.8,80.4,2,1,0,5.9,4.95,55.3,949,desktop,Northeast,plus,electronics
101862,32.7,74.5,30.9,6.6,68.07,0.217,4.5,50.7,0,1,0,7.3,5,51.9,1859,desktop,Midwest,plus,home
101863,46.8,65.8,20.1,10.49,46.22,0.134,5.2,31.9,1,1,0,16.1,5,51.1,1621,desktop,Midwest,basic,home
101864,40.4,58.7,20,5.52,41.73,0.583,9.4,57.2,2,1,8.6,10.4,5,58.4,1296,,West,plus,beauty
101865,50.3,58.8,18.8,3.73,39.67,0.839,13.3,15.5,3,3,13.1,1.7,3.13,56.8,1528,mobile,West,basic,electronics
101866,27.3,51.3,19.5,2.33,65.89,0.32,21.7,,4,2,20.6,12.6,4.23,66.7,1309,mobile,West,basic,home
101867,42,80.9,7.9,4.82,91.13,0.45,21.7,101.4,2,3,18.2,9.3,4.86,68.1,2163,mobile,Northeast,basic,groceries
101868,34.4,90.7,13.1,6.06,27.84,0.837,6.4,30.7,3,1,14.2,8.6,5,46.2,1738,mobile,Midwest,premium,groceries
101869,32.9,88,9.5,5.1,80.46,0.452,30.8,146.5,1,1,8.1,7.8,4.92,62.5,2010,mobile,West,plus,groceries
101870,63.3,92.2,45.2,3.82,85.76,0.196,6.9,65.7,0,0,10.7,8,5,59.1,2154,desktop,West,plus,beauty
101871,29.5,87.3,17,4.8,82.64,0.297,11.2,,1,1,8,8.2,5,38.4,1619,mobile,Midwest,basic,home
101872,46.6,156.9,51,7.06,93.56,0.077,8.1,86.6,3,5,20.4,0.2,5,60.4,3202,mobile,West,premium,electronics
101873,35.8,70,31.1,7.14,74.81,0.474,10.3,50.8,3,5,11.8,9.2,4.92,60.7,1714,desktop,West,plus,groceries
101874,23.2,67.8,22.3,6.98,41.93,0.446,12.9,58.6,2,0,6.3,12.6,5,61.9,1652,desktop,South,basic,groceries
101875,43,95.9,15,4.53,84.09,0.194,5,60.3,0,1,10.4,10.6,5,71.9,2079,mobile,Northeast,premium,beauty
101876,38.7,52,25,6.05,33.85,0.674,9.2,24.3,2,0,5.5,6.5,5,54.6,1743,mobile,Midwest,basic,home
101877,46.3,96.5,41.1,8.94,46.03,0.342,3,47.6,2,2,4.2,15.1,5,51.5,1439,desktop,Midwest,plus,home
101878,46.9,125.2,22.7,4.53,93.89,0.185,6.2,82,1,1,2.2,21.4,,43.5,1982,desktop,Northeast,basic,home
101879,44.6,,19.6,5.74,113.91,0.262,10,63,0,1,15.3,16.3,4.82,56.2,3240,mobile,West,premium,electronics
101880,41.5,26.6,14.9,5.9,32.67,0.577,18.1,30.9,2,1,16.6,13.7,5,57.9,1530,mobile,West,premium,groceries
101881,48.6,67.8,35,10.79,44.52,0.55,5.7,35.9,1,2,0,8,5,49.3,1751,desktop,West,plus,groceries
101882,50.7,74.4,31.3,8.96,51.33,0.489,6,42.4,1,1,15.1,13.7,5,41.6,2248,mobile,South,basic,groceries
101883,31,,17.3,3.93,23.95,0.852,16,79.5,1,1,13.8,3.9,4.36,64.9,964,mobile,West,plus,groceries
101884,31.8,63.6,33.7,9.37,64.62,0.217,11,68,5,3,0,15.4,5,49.8,2513,desktop,South,premium,groceries
101885,45.7,66.6,9.4,4.51,115.35,0.152,2,64.1,1,1,13.2,8.9,5,56.5,2563,desktop,South,plus,groceries
101886,39.9,135.7,43.9,4.36,116.28,0.219,12.7,76,0,2,15,9.9,4.74,52.6,2552,desktop,Midwest,premium,electronics
101887,43.5,73.2,28.1,9.02,24.87,0.626,7.2,44.9,3,1,3.8,3.3,5,58.2,1637,mobile,West,basic,groceries
101888,38,68.3,28.4,7.2,35.82,0.454,15.1,70.3,1,3,14.3,4.9,5,47.8,1647,mobile,West,basic,home
101889,18,60.7,12,6.76,32.48,0.442,8.8,75.9,2,0,7.4,14,4.71,68.3,1861,desktop,West,basic,home
101890,52.6,82.5,21.2,11.41,97.1,0.456,7.4,40.1,4,3,0.2,16.3,4.94,42.9,3051,desktop,West,plus,electronics
101891,51.8,60.2,29.3,8.5,81.67,0.322,15.8,12.4,4,0,0,7.6,5,41.6,1780,tablet,Northeast,plus,groceries
101892,52.8,79.4,8.7,3.36,116.31,0.225,11.5,53.3,3,2,21.5,18.4,3.21,57.1,2912,desktop,Northeast,premium,electronics
101893,48.2,,18.8,6.88,36.47,0.758,13.1,57,3,0,10.7,7.4,5,58.1,1635,mobile,West,plus,home
101894,47,56.5,27.7,7.97,89.86,0.61,11.9,61.5,2,2,6.2,12.4,5,62.2,2447,mobile,Northeast,basic,groceries
101895,45.8,83.1,18.3,6,98.7,0.111,11.9,74.5,0,1,4.8,13.2,5,69.2,2813,desktop,Northeast,basic,groceries
101896,37,66.3,57.8,6.46,29.83,0.747,18.2,36.3,0,1,12,16.1,5,53.7,1078,mobile,South,basic,beauty
101897,45.5,62.8,30.9,11.81,49.34,0.454,1.8,81.5,3,0,2.9,2.3,5,38.4,1816,desktop,West,basic,home
101898,37.4,62.6,34,6.64,22.33,0.582,14.5,56.8,2,1,6.6,8.1,5,51.7,1055,mobile,South,basic,groceries
101899,42.9,77,15.5,5.58,97.73,0.196,9,46.1,1,0,9.4,12.1,5,50.4,2657,mobile,Midwest,plus,groceries
101900,66.7,68.4,26,5.38,34.11,0.616,9,28.4,0,0,12.3,10.9,,73.5,1505,mobile,Midwest,premium,groceries
101901,46,79,29.5,2.73,94.93,0.403,22.3,113.1,2,0,33.6,7.4,5,56.2,2093,mobile,Northeast,basic,home
101902,47.4,60,15.4,8.82,77.41,0.172,6.5,34.8,0,0,21.4,10,5,66.2,2093,desktop,West,basic,groceries
101903,51.2,61.9,16.7,8.36,72.68,0.554,8.6,92.4,3,3,8.1,9.9,5,60.3,2302,desktop,West,basic,groceries
101904,26.2,70.3,18.5,3.54,57.27,0.489,12,57.5,2,2,13.1,14.1,4.61,54.2,2025,desktop,Midwest,premium,groceries
101905,28.3,,5.2,7.88,31.67,0.599,17.5,17,6,2,7.3,10.9,5,58.9,1415,mobile,Northeast,plus,beauty
101906,33.3,114.1,40.9,5.07,97.77,0.325,10.4,73.4,0,1,1.2,11.8,5,61.4,2805,mobile,Midwest,premium,beauty
101907,38.7,62.6,21.9,7.13,28.31,0.512,6.4,47.9,2,0,14,8.9,5,56.8,1395,desktop,West,basic,beauty
101908,39.9,97.2,8.5,10.65,45.25,0.495,11.4,32.3,4,1,5.5,9.1,5,55.7,1734,mobile,Midwest,basic,home
101909,40,84.3,32.3,2.6,98.46,0.374,5.3,76.2,1,1,17.5,11.1,4.16,53.3,2756,desktop,Northeast,premium,home
101910,25.2,78.4,47.2,8.88,37.47,0.616,7,52,3,1,10.3,2.6,5,58.2,1528,mobile,South,basic,beauty
101911,27,95.3,12.7,6.72,55.3,0.588,8.2,31.2,4,2,11.2,13.2,5,56.5,1955,mobile,West,premium,groceries
101912,48.4,60.2,25.2,3.96,34.2,0.466,9.9,,1,0,17,8.2,,68.4,1171,mobile,West,basic,home
101913,19.4,79.7,19.4,5.69,38.11,0.782,10.7,20.2,1,1,5.7,6.2,5,55.3,1639,tablet,Northeast,basic,groceries
101914,27.7,99.7,14.4,3.24,70.85,0.246,19,60.8,5,6,22,4.1,3.72,57.8,1544,tablet,West,basic,electronics
101915,33.3,77.4,8.4,6.82,46.8,0.506,11,63.2,0,1,2.2,6.8,5,56.3,1633,desktop,South,plus,home
101916,35.9,93.8,35.2,6.48,62.71,0.345,10.7,17.6,5,0,0.8,10,5,62.2,2016,mobile,Midwest,basic,home
101917,38.1,106.2,1,5.17,63.22,0.21,18.8,114.3,2,3,15.1,8.4,5,51.4,1891,mobile,Midwest,plus,groceries
101918,18,87.2,21.8,6.56,21.31,0.786,14.1,50.4,2,0,0,10.6,5,51.5,1008,mobile,Midwest,basic,groceries
101919,52.1,130.4,20.3,4.25,87.96,0.149,10.6,,0,2,6.4,10.8,5,60.8,2307,mobile,Northeast,premium,electronics
101920,38.1,71.9,19.2,6.78,35.38,0.624,11,88.4,3,0,15.6,9.7,5,69.7,1905,mobile,South,premium,groceries
101921,18.3,77.4,30,5.6,41.9,0.557,15.5,60.1,1,0,10.1,5,5,49.2,1522,desktop,South,plus,groceries
101922,40.3,66,21.8,10.24,52.17,0.35,7.3,49.9,1,0,6.2,9,,59.8,1953,desktop,Northeast,basic,
101923,36.9,72.9,20.8,8.33,26.39,0.782,14.8,90.2,4,0,12.8,8.2,5,55.2,1635,mobile,Northeast,plus,groceries
101924,38.3,67.3,20.7,8.28,58.13,0.683,11.7,56.8,2,1,11.7,11.2,,71.5,1525,desktop,West,basic,groceries
101925,25.2,100,20.4,2.28,65.7,0.365,5.6,94.6,1,1,13.3,7.3,5,66.5,1644,tablet,Midwest,plus,home
101926,42,90.3,27.2,7.82,101.33,0.41,6.5,,1,2,0.4,8.6,5,40.8,2132,mobile,South,basic,home
101927,50.9,106.5,21.3,3.49,137.64,0.315,0.1,67.9,1,3,2.8,14.2,4.89,51.5,2770,tablet,Northeast,basic,electronics
101928,38.7,100.9,3.4,3.67,98.93,0.271,15.9,90.6,3,1,17,6.9,5,48.4,2156,mobile,West,basic,groceries
101929,32.6,85.4,13.3,8.71,49.83,0.5,2.8,23.3,3,2,12.1,11.4,5,48.6,1672,desktop,Midwest,basic,groceries
101930,48.5,76.2,51.5,5.92,78.83,0.074,3.8,83.6,1,2,4.7,13,5,50.4,2893,desktop,South,premium,beauty
101931,23.8,59.7,17,2.99,43.88,0.743,5.3,45.8,0,2,0,13.4,4.92,39.6,1466,desktop,Midwest,plus,groceries
101932,43.8,86.3,66.5,6.83,55.7,0.464,0.4,48,2,5,6.6,23.5,3.32,54.3,1938,mobile,Midwest,plus,electronics
101933,49.7,85.7,47.4,8.98,61.23,0.17,7.6,62.1,4,5,15.4,14.2,5,47.3,2272,mobile,West,basic,home
101934,41.3,88.4,16.6,5.12,68.71,0.26,16.1,47.1,4,3,9.8,18.2,5,52.5,1609,desktop,Northeast,plus,home
101935,25.6,71.8,21.4,10.34,81.37,0.444,11.5,43.7,1,2,8.3,17.7,5,59.9,2361,desktop,Northeast,plus,groceries
101936,35.7,60.5,31.2,8.05,50.63,0.614,20.5,43.3,2,1,14.2,4,5,44.2,1628,,South,basic,groceries
101937,42.8,58.5,19.2,5.96,100.61,0.366,27.4,,5,3,12.6,9.7,5,48.5,2765,mobile,Northeast,plus,groceries
101938,40.8,107,38.4,5.78,77.86,0.129,3.8,49.7,1,2,27,9.5,5,51.3,2097,mobile,Midwest,premium,beauty
101939,37.5,68.4,47.6,7.1,37.39,0.433,13,16.8,1,1,15.2,13,5,58.5,1632,desktop,Midwest,plus,electronics
101940,49.8,116.1,43.4,4.58,82.38,0.198,5.2,75.2,1,2,20,13,4.84,56.3,2079,tablet,South,premium,electronics
101941,40.3,114.6,32.9,6.53,66.04,0.43,3.6,62.4,3,1,2,10.4,5,56.2,1925,mobile,South,plus,home
101942,42.4,61.9,28.1,7.08,40.02,0.661,17,,1,0,14.7,3.7,5,54.1,1433,desktop,West,plus,groceries
101943,22.3,96,24.6,3.36,46.94,0.065,23.3,65.4,1,0,24.1,10.7,4.44,66.6,1466,tablet,West,plus,beauty
101944,32.4,82.2,19.9,2.56,72.18,0.382,6.5,68.4,6,3,34.5,6,4.47,46,1865,mobile,West,basic,groceries
101945,36,121.2,30.3,1.35,80.85,0,5.3,100,4,5,31.9,2.3,4.78,47.3,1655,mobile,Midwest,basic,
101946,42.2,,18.8,4.36,132.99,0.214,11.3,66.2,1,1,29,9.4,5,50.3,3380,desktop,Northeast,premium,home
101947,50,45.1,16.4,7.29,33.24,0.604,8.6,73.3,1,0,2.3,6.2,,63.2,1587,tablet,West,plus,groceries
101948,40.9,94.2,19.5,6.86,63.83,0.403,8.3,53.1,0,2,0,2.6,5,51.3,1937,desktop,West,premium,electronics
101949,42.2,108.2,39.6,8.25,55.74,0.313,1.2,73.9,4,3,9.4,15.3,5,36.9,2316,desktop,South,plus,electronics
101950,18,62.6,37.3,9.29,58.93,0.394,4.8,62.2,5,3,8.1,15.1,5,68.9,1879,desktop,Northeast,basic,groceries
101951,35.4,93,31.6,2.93,17.69,0.663,16.6,11.5,4,0,17.3,3.9,4.93,51.9,912,mobile,West,basic,
101952,34.7,63.4,5.2,7.52,34.52,0.699,15.8,86.9,2,1,14.9,10.5,5,56.9,1324,mobile,West,basic,groceries
101953,30,114.7,41.6,4.64,113.94,0.253,0.1,70.8,1,1,17.8,10.8,5,51,2822,mobile,West,basic,electronics
101954,41,87.8,29.9,1.93,124.82,0.228,19.1,88.5,0,0,18,14.2,4.89,54.3,3180,mobile,Northeast,premium,groceries
101955,50,65.1,13.5,3.64,64.91,0.317,11.3,93.7,3,3,9.9,12,4.79,53.4,1957,mobile,Midwest,plus,groceries
101956,28.9,,16.5,3.94,106.93,0.161,6.3,57.2,1,0,16.6,10,5,57.5,2307,mobile,Northeast,plus,home
101957,53.8,71.6,41.7,8.91,57.57,0.6,11.5,76.3,0,1,3.4,8.7,5,57.9,1998,desktop,South,basic,groceries
101958,47,91.6,21.9,8.72,51.12,0.107,10.7,25.9,1,2,13.7,7.9,5,53.4,1845,desktop,Midwest,basic,groceries
101959,45.6,95.6,49.3,3.64,96.41,0.152,7.7,77.4,3,3,0,8.8,5,38.9,1726,mobile,Northeast,basic,electronics
101960,52.3,88.4,48.9,6.85,111.66,0.147,8.3,63.8,0,0,0,11.5,5,50.3,2940,mobile,Northeast,basic,beauty
101961,28.5,91.4,4,2.57,47.25,0.824,8.9,,0,1,9.3,8,4.81,57.5,1498,mobile,West,basic,groceries
101962,57.7,66.4,50.7,8.06,66.01,0.393,11.2,33.2,3,4,5,11.3,5,37.9,2189,desktop,South,plus,electronics
101963,31.5,58.3,42.4,7.84,30.94,0.694,17,,1,2,21.3,11.3,,52.6,1739,mobile,South,basic,home
101964,39.3,75.1,36.4,8.28,58.13,0.683,11.7,56.8,2,1,11.7,11.2,5,44.6,2175,tablet,Northeast,premium,groceries
101965,34.5,84.7,52.5,5.15,109.69,0.182,11.6,65.3,2,2,18.4,8.7,5,53.2,2407,mobile,Midwest,basic,
101966,30.9,119.5,27.7,6.06,81.96,0.075,10.9,68.7,1,1,12.6,6.8,5,55,1994,desktop,West,plus,home
101967,51.2,130.1,45,5.77,103.91,0.111,6,54.1,1,2,16.3,10.8,5,41.6,2205,desktop,Northeast,basic,beauty
101968,47.6,109.1,26.2,4.99,93.76,0.179,3.4,26.7,2,2,23.4,14.6,4.98,44.3,2652,tablet,Northeast,plus,groceries
101969,59.1,64.6,27.2,6.31,19.57,0.646,7.5,63.8,0,0,25,6.7,5,46.5,1272,desktop,South,premium,groceries
101970,51.5,71.1,26.4,10.31,26.56,0.651,4.3,35.4,2,1,10.7,6.7,5,48.9,1503,tablet,South,basic,beauty
101971,49.1,59,15.5,6.9,19.01,0.423,12.1,12,0,0,18.9,5.9,4.15,42.4,1078,desktop,West,basic,groceries
101972,39,56.7,37.6,7.42,48.47,0.397,9.6,32.1,2,1,17.4,13.3,5,53,1882,mobile,West,plus,groceries
101973,53,96.5,44.8,5.24,105.71,0.423,0.2,44.9,0,2,22.3,7.2,5,41.2,2773,mobile,Northeast,premium,beauty
101974,34.6,121.3,6.6,1.19,97.19,0.323,8.9,59.6,2,0,37.8,8.3,4.27,54.6,1863,mobile,Midwest,basic,home
101975,37.4,60.2,20.7,6.91,45.04,0.541,7.8,68.8,3,1,4,4.5,5,48.6,1171,desktop,Midwest,plus,groceries
101976,40.1,101.4,25.9,8.59,51.37,0.471,7.1,48.1,3,2,0,10.6,5,39.5,1638,desktop,South,basic,
101977,28.5,,4.8,3.47,20.1,0.777,8.4,,0,1,18.6,6.3,4.69,52.6,968,,South,basic,home
101978,23.7,67,8.9,4.42,98.71,0.228,12.6,109.3,5,4,28.9,7.8,5,54.6,2018,desktop,Northeast,basic,groceries
101979,31.5,80.4,15.9,3.15,92.38,0.254,27.7,115.6,1,2,6.6,7.5,5,57.4,2728,mobile,West,basic,groceries
101980,30.7,84.8,41.5,8.49,76.39,0.435,0.9,36.7,1,2,12.7,10,5,48.3,1887,desktop,South,basic,beauty
101981,40.5,89.1,42.6,7.68,20.97,0.643,14,,1,0,4.8,7,5,48,1499,mobile,West,basic,groceries
101982,40.5,70.4,35.4,11.04,50.11,0.362,8.7,27.7,5,5,2.4,20.9,4.95,37.7,1933,desktop,Northeast,basic,groceries
101983,47.1,66.9,39.8,8.55,53.76,0.225,8.9,63.1,3,3,1.4,10.6,,51.5,2129,desktop,Midwest,basic,groceries
101984,26.7,91.9,30.1,9.59,82.75,0.512,14,31,3,3,11.6,9.3,5,42.5,1997,mobile,Midwest,plus,home
101985,37.6,65.8,1,11.87,49.98,0.41,16.5,57.9,6,5,6.7,9,5,50.8,2009,desktop,Midwest,plus,beauty
101986,37.8,90.9,13.5,2.44,67.99,0.277,32.5,105.4,6,4,31.8,12.9,,64.1,1685,mobile,West,basic,groceries
101987,41.8,63.3,7.6,4.65,86.46,0.397,32.4,66.1,1,2,25.4,8.6,5,62.3,2117,mobile,Northeast,basic,beauty
101988,44.4,82,45.9,4.82,73.45,0.654,8.1,,2,0,0.1,9.2,5,54.2,1490,mobile,Northeast,basic,groceries
101989,38.7,49.5,9.6,8.81,22.25,0.352,15.8,37.7,1,1,14,4.3,5,39.3,1440,mobile,Midwest,basic,groceries
101990,34.9,134.3,51.4,6.51,118.59,0.115,4.9,23.3,2,1,35.9,11.8,5,44.3,3470,desktop,West,premium,home
101991,37,70.5,19.6,3.19,22.06,0.593,7.6,49.1,3,1,27.9,6.1,5,71,1104,mobile,Northeast,basic,beauty
101992,46.4,108.3,19.7,5.16,102.62,0.313,6.1,81.3,2,1,21.4,8,5,56.2,2949,mobile,West,basic,home
101993,27.8,93.7,29.3,5.1,42.37,0.549,5.2,46.7,0,1,2.3,7,5,52.8,1235,desktop,Northeast,basic,groceries
101994,32.5,63.1,17.1,8.9,33.2,0.254,4.4,58.6,1,2,9.8,9.3,5,55.5,1372,mobile,South,plus,beauty
101995,43.9,82.1,12.9,2.63,89.48,0.222,0.4,58.4,0,1,13,9.2,5,25.5,1796,mobile,South,plus,home
101996,42.5,73.9,19.3,6.21,82.51,0.381,1.4,42.9,1,0,10.9,11.5,4.93,44.2,2216,mobile,Northeast,basic,groceries
101997,50.9,68.5,24.5,5.05,24.01,0.758,9.4,49.7,0,1,9.8,12,5,46,704,mobile,South,basic,beauty
101998,52.8,53.7,12.7,6.75,22.72,0.651,10.1,22.7,0,0,8.2,6.4,5,37.6,1236,mobile,Midwest,basic,groceries
101999,48.1,67.3,14.3,6.08,18.99,0.677,12.3,53.4,0,0,15,8.4,5,36.1,1585,mobile,South,premium,groceries
102000,34,86.5,10,2.99,70.49,0.216,13.4,120.1,4,3,33.7,7.9,4.61,68.2,1933,mobile,Northeast,plus,home
102001,39.6,78.3,13.4,1.51,75.09,0.443,6.7,97.9,4,8,17.5,10.3,3.56,47.8,1807,mobile,South,plus,home
102002,49.6,62.1,8.6,7.07,33.72,0.417,16.4,64.9,0,0,12.3,8.3,,72.9,1776,desktop,Midwest,plus,groceries
102003,48.3,78.9,44.5,1.79,79.56,0.189,2.5,,2,2,13.8,2.3,4.89,59,1842,mobile,West,plus,electronics
102004,50.4,125.2,39.4,2.53,93.42,0.181,5.4,,1,2,15,9.9,5,54.8,1770,mobile,West,basic,beauty
102005,32.6,39.1,20.1,6.36,69.04,0.303,14.9,97.2,1,2,21.1,11.9,5,71.1,1963,tablet,West,basic,groceries
102006,32.4,105.6,15.7,2.14,99.11,0.282,13,44,1,3,8,6.9,4.3,51.2,2179,mobile,West,premium,beauty
102007,48,81.9,43.7,4.94,65.99,0.214,7.5,13.4,1,4,7.4,14.2,5,52.1,1845,mobile,Northeast,plus,
102008,38.2,102.4,18.4,5.15,95.99,0.351,3.8,55.4,1,2,17.8,8.5,5,53.7,2240,mobile,South,premium,beauty
102009,59.1,41.7,4.9,5.23,42.14,0.781,9.6,49.5,1,1,4.3,9.3,5,63.2,1990,desktop,West,premium,
102010,47,50,43.2,7.68,24.7,0.752,9.5,39,1,0,13.1,8.4,5,59.5,1458,desktop,Northeast,plus,groceries
102011,58.8,85.6,26,5.52,38.56,0.514,10.2,75.4,1,0,8.3,13.2,5,57,1173,desktop,Midwest,plus,home
102012,42.8,53.5,14.8,8.16,45,0.609,6.2,35.6,2,2,7,12,5,43.7,1336,desktop,West,plus,groceries
102013,53,,34.8,1.64,105.92,0.094,7.6,67.7,1,0,0,9.4,5,62.3,2658,desktop,Northeast,premium,beauty
102014,41,70.6,38.6,6.72,67.74,0.218,9.9,39.4,0,0,7,14.7,5,47.1,2096,desktop,Northeast,plus,groceries
102015,52.9,82.8,34.1,3.55,106.34,0,6.6,71.4,1,2,30.6,13.3,4.15,41.8,2324,tablet,Midwest,basic,electronics
102016,46.3,104.6,12,4.86,110.15,0.297,13.5,19.1,1,3,19.5,7.5,4.91,51.9,2474,mobile,Northeast,basic,beauty
102017,42.4,50.9,30.3,5.32,22.84,0.584,11.6,43.6,4,1,5.2,6,5,66.5,1578,desktop,West,premium,home
102018,40.6,88.8,32.9,7.91,46.63,0.368,8.4,51.3,3,1,5.3,11.1,5,64.8,1575,desktop,Midwest,plus,groceries
102019,29.8,72.4,23.4,6.68,22.9,0.718,12.5,45,1,1,4.8,6.8,5,56.4,1081,mobile,Northeast,plus,home
102020,45.7,70.6,54,10.95,56.56,0.358,12.5,9.2,0,2,14.3,13.6,5,51.4,1838,tablet,South,plus,electronics
102021,43.6,106.2,37.9,6.57,126.48,0.283,7.3,69.7,2,1,26.8,10.2,5,50.1,3041,desktop,South,premium,groceries
102022,39.4,154.1,21.3,4.13,112.23,0.354,3.8,64.8,0,2,23.9,11,5,52.3,2517,mobile,West,premium,electronics
102023,45.9,75.6,23.6,9.58,75.31,0.402,10.8,45.1,2,2,0,7,5,52.4,2104,mobile,South,basic,electronics
102024,44.6,73.1,40.5,3.64,92.72,0.017,6.4,85.2,0,0,23.7,13.4,5,51.8,2146,desktop,West,premium,groceries
102025,38.8,,17.5,4.15,89.7,0.459,14.3,106.8,2,1,31.8,5.3,4.93,56.2,1892,mobile,Northeast,basic,groceries
102026,54.4,55.3,21.4,3.96,91.34,0.341,4.1,23.3,0,2,12.6,5.5,5,60.8,2246,mobile,Northeast,premium,electronics
102027,54.6,61.2,17.6,10.51,54.9,0.29,14.1,65.6,3,2,5.1,8.1,5,83.7,2038,desktop,Midwest,premium,electronics
102028,31.1,119,11.1,2.69,52.43,0,17.1,91,2,3,16.9,8.4,5,60.4,1096,mobile,West,basic,groceries
102029,45.4,95.6,35.4,3.27,83.44,0.145,3.9,65.1,1,2,22.8,10.3,4.56,59.1,2158,desktop,Northeast,plus,electronics
102030,30.3,51.1,27.7,7.27,21.04,0.496,13.2,,0,0,2.3,6.4,5,53.7,1216,desktop,South,plus,home
102031,34,70.1,15.9,3.19,35.85,0.347,23.6,120.4,4,3,14.1,6.1,5,61.8,1413,mobile,West,basic,groceries
102032,25.8,70.5,1,6.1,39.09,0.651,13.3,46.1,0,0,23.9,0.2,5,61.3,1809,mobile,West,premium,groceries
102033,22,94.2,52.7,1.84,81.62,0.16,6.9,58.8,0,2,17.8,14.5,5,31.8,2187,desktop,South,premium,electronics
102034,52,,20,8.38,73.77,0.439,0.9,36.6,1,3,4.3,14.2,4.2,41.8,2280,mobile,Midwest,plus,groceries
102035,48.8,76.6,40.1,8.02,27.54,0.483,15,37,2,0,7,12.5,5,52.9,1644,mobile,Northeast,basic,home
102036,31.4,,6,5.6,67.75,0.518,12.2,54.4,4,1,6.4,9.7,5,56.7,2232,desktop,Midwest,plus,groceries
102037,58.2,54.1,26.7,5.4,24.05,0.649,24,81.2,1,0,14.5,7.6,5,54.1,1678,desktop,West,premium,groceries
102038,32.3,100.3,9.5,2.51,45.36,0.355,17,138.8,4,1,14.5,2,4.5,66.4,1507,tablet,West,plus,groceries
102039,26.2,52,27.5,3.16,74.61,0.383,18.1,132.5,6,2,48.7,10.1,4.71,68.1,1506,mobile,West,basic,groceries
102040,41,65.8,8.2,8.1,43.61,0.657,6.5,34.3,2,0,2.4,5.3,5,36.6,1695,desktop,Northeast,premium,home
102041,24.2,37.2,21.8,4.86,15.62,0.463,9.6,7.8,1,1,1.9,7.5,5,59.6,726,mobile,West,plus,groceries
102042,35.3,111.2,39.2,5.14,65.23,0.241,0.1,78.7,1,0,18.4,4.1,5,64.3,2840,desktop,West,premium,electronics
102043,27,102.4,19.7,4.55,88.04,0.161,2.3,68.2,1,2,23.6,9.7,5,49.1,2266,mobile,West,plus,home
102044,31.7,94.5,53.8,6.62,112.55,0.27,7.9,33,0,1,10.6,13.4,,49.7,3157,desktop,Midwest,premium,
102045,44.5,96,25.2,9.31,87.73,0.373,18,60,0,1,7.5,13.5,5,59.7,2272,tablet,West,basic,groceries
102046,40.4,131.1,32.6,2.97,101.58,0.274,6.9,74.9,0,2,13.6,17.4,4.49,51.9,2297,mobile,West,premium,groceries
102047,45.1,112.9,35.3,4.97,119.91,0.249,10.6,43,2,4,28.1,7.2,5,45.7,2902,mobile,South,premium,electronics
102048,41.7,75.8,32.2,2.57,34.91,0.843,13.3,36.7,3,1,0,8.3,5,57,1093,desktop,West,basic,groceries
102049,35.5,62.8,9.8,3.97,40.44,0.772,14.9,,5,0,7,7,5,55.3,807,mobile,West,plus,groceries
102050,37.1,52.4,6.4,3.89,59.22,0.446,13.1,54.8,2,2,10.3,7.7,4.08,65.5,1464,desktop,Northeast,basic,beauty
102051,45.1,89.6,32.5,4.23,76.56,0.269,8.7,43.8,1,1,23.6,13.2,4.59,54.2,1705,desktop,Northeast,plus,electronics
102052,35.5,87.5,32.2,4.01,27.61,0.663,6.7,61.7,0,1,12.8,10.2,4.75,38,961,mobile,Midwest,plus,beauty
102053,32.6,73.8,10.3,3.63,45.57,0.497,23.4,119.8,4,6,14.7,12.4,5,55,1039,mobile,Northeast,basic,beauty
102054,38.5,73.4,38,6.21,71.91,0.651,7.4,57.6,1,4,7.5,17.1,4.4,42.1,2128,,Midwest,basic,electronics
102055,39,84.7,27.5,7.92,60.88,0.286,5.4,44.5,4,2,11.5,12.2,,59.7,1880,desktop,Midwest,basic,groceries
102056,52.9,102,28.2,11.72,49.31,0.302,10.7,28.2,4,3,2.7,9.3,5,69.8,2397,tablet,Midwest,premium,groceries
102057,33.8,50.5,41.5,6.73,7.05,0.588,17.8,,3,1,19.3,7.1,4.67,52.8,1081,mobile,South,plus,home
102058,20.2,54.3,12.1,2.79,104.4,0.611,17.4,62.2,4,1,24.1,3.4,2.92,57.2,2324,tablet,West,basic,electronics
102059,38.7,131.7,10.4,4.4,113.08,0.176,7.7,83.9,2,2,15.2,14.4,5,57.7,2912,mobile,Northeast,premium,home
102060,42.1,80.1,43,7.67,46.62,0.434,0.4,,2,2,10.6,13.8,5,46.6,1833,mobile,South,basic,electronics
102061,44.7,81.1,11.3,8.3,82.67,0.407,11.2,41.9,5,3,1.2,8.8,,51.2,2541,tablet,South,premium,home
102062,29,,16.2,5.82,116.64,0.356,12.8,37.3,4,3,28.3,15.8,,57.7,3297,mobile,West,basic,home
102063,51.2,84.9,26.9,10.62,34.71,0.754,11.2,56,4,0,11.3,0.4,,47.5,1787,desktop,Midwest,basic,groceries
102064,30.1,,35.2,5.07,40.11,0.831,12.9,35.6,2,3,1.6,0.9,4.12,50.7,1448,desktop,Midwest,plus,home
102065,33.1,65.5,46.1,6.02,138.67,0.075,6.5,,1,1,32.4,8.8,5,42.5,3607,desktop,West,premium,electronics
102066,28.6,80,10.6,4.76,39.73,0.262,6.1,56.8,1,2,5.3,16.2,4.74,45.3,1340,tablet,Midwest,basic,home
102067,57.7,,60.6,5.31,57.69,0.189,1.8,82.7,0,2,20.9,16.7,,51.2,2165,mobile,Midwest,premium,
102068,28.9,95,13.8,5.36,68.81,0.384,23.8,118,7,1,31,5.9,5,56.7,2212,tablet,Midwest,premium,home
102069,45,62.5,28.3,3.79,38.71,0.529,15.2,51.4,4,4,10.3,7.3,4.52,55.8,1402,tablet,Northeast,plus,groceries
102070,32.7,64,38.4,4.46,71.34,0.423,12.3,39.1,1,1,12.1,4.9,5,52.2,1844,desktop,South,basic,groceries
102071,44.6,126.4,42.2,5.59,103.36,0.331,8.3,81.2,1,2,5.1,8.6,5,46,2883,mobile,Northeast,premium,electronics
102072,33.5,96.6,2.5,1.92,126.92,0.248,33.7,107.6,3,3,22.9,10.5,4.56,58.7,2671,mobile,Midwest,basic,electronics
102073,38.9,81.6,22.5,5.92,32.25,0.61,8.2,71,0,1,10.7,6.9,5,43.3,1204,desktop,Northeast,basic,home
102074,52.4,97.8,38.6,4.63,98.66,0.24,6.7,118.3,0,2,22.8,15,5,63.7,2130,desktop,Midwest,basic,electronics
102075,29.3,60,18.4,7.4,31.32,0.18,30,115.6,4,4,20.7,8,5,68.6,1294,tablet,Northeast,basic,groceries
102076,29.3,,21,5.03,84.3,0.4,22.2,61.4,6,3,20,4,4.48,62.8,2375,mobile,West,basic,groceries
102077,30.3,82.2,26.1,7.56,34.5,0.473,11.3,62.5,4,3,0,13,5,61.5,1522,mobile,South,basic,groceries
102078,38.9,,25.9,1.49,25.67,0.294,19.6,146.2,6,1,38.7,9.1,4.49,67.3,811,tablet,West,basic,groceries
102079,47,110.3,1,5.79,91.96,0.298,12.4,42.3,2,1,34.9,13.2,5,65.1,1944,,Midwest,basic,
102080,36.8,75.2,26.6,5.53,47.44,0.679,3.4,69.7,0,0,11.2,2.5,5,64,1462,mobile,Midwest,plus,groceries
102081,21.1,85.8,23.6,7.67,64.86,0.478,20.8,86.4,0,1,16.1,10.6,5,69.7,2051,desktop,Midwest,basic,home
102082,32.6,62.8,12.6,5.43,43.45,0.35,11.8,67.4,4,1,16,8,4.89,57.3,1904,mobile,Midwest,premium,groceries
102083,29.8,101.9,19.9,4.05,93.39,0.417,9.4,58.2,1,0,30.1,17.4,4.25,48.8,2418,,South,premium,beauty
102084,37.5,81.1,38.4,5.84,83.82,0.519,9.2,29.5,1,1,8.6,4.8,5,56.9,1998,mobile,West,plus,groceries
102085,35.6,112.4,32,4.12,86.07,0.182,0.1,67.4,0,1,0,12.8,5,39.1,2063,mobile,West,basic,groceries
102086,22.3,78.1,9.2,2.35,110.67,0.238,26.6,62.9,4,3,0,7,4.89,74.2,2757,desktop,South,basic,beauty
102087,37.5,61.6,19.4,1.82,80.43,0.206,18.1,74.1,2,2,30.6,8.4,4.61,40.7,1897,mobile,Midwest,basic,groceries
102088,47,64.1,19.3,4.54,95.47,0.201,5,40.1,1,1,25.7,18.5,4.51,40.8,2351,mobile,Midwest,premium,home
102089,30.1,77.9,6.8,9.21,68.75,0.514,11,43.9,5,4,2.5,8.3,5,43.9,1959,desktop,Northeast,plus,beauty
102090,26.8,64.5,24.4,4.5,88.14,0.449,21.2,73.2,5,2,7.6,10.3,5,67.8,2409,mobile,South,premium,beauty
102091,48.7,58.5,16.7,7.4,37.18,0.54,8.4,7.2,1,1,16.5,7.8,5,44.8,1598,mobile,Midwest,basic,electronics
102092,68.5,91.2,28.8,3.62,109.84,0.215,4.9,63.1,1,3,7,12.4,,43.7,2209,mobile,West,plus,groceries
102093,31.4,54.2,11.4,3.54,66.23,0.196,18.4,79.7,5,3,50.8,9.2,2.8,62.7,1703,mobile,West,plus,home
102094,44.6,101.1,29.6,4.05,108.61,0.3,0.5,47.5,1,0,17.5,13.9,4.75,41.1,2091,mobile,Northeast,basic,beauty
102095,44.9,90.3,21.1,3.87,44.44,0.9,7.5,73.4,2,0,19.4,1.4,4.32,49.6,1344,desktop,Northeast,basic,beauty
102096,56,131.7,24.5,3.17,78.25,0.03,2.4,99.5,1,2,1,12.3,5,54.6,2859,tablet,South,premium,electronics
102097,36.6,,10.5,4.59,112.99,0.088,1.3,44.7,3,3,17.1,5.6,5,51.8,2328,tablet,West,plus,home
102098,30.2,66.7,18.7,7.48,46.89,0.669,17.3,67,4,3,6.3,7.7,5,61.8,1562,mobile,Midwest,plus,electronics
102099,35.7,88.7,26.2,7.45,35.38,0.755,12.7,50.7,0,1,21.2,8.7,5,39.8,1295,mobile,South,plus,
102100,35.2,54.6,16.9,5.41,42.03,0.795,10.2,41.8,1,1,6.7,11.3,4.86,44.9,1581,desktop,South,basic,
102101,28.9,63.2,18.4,9.63,24.62,0.505,17,61.9,2,1,16.5,7.2,5,52.2,1434,mobile,South,basic,beauty
102102,41.9,67.8,15.2,7.13,56.56,0.665,7.1,46.4,2,2,14.7,7.4,5,53.7,1898,mobile,South,plus,home
102103,49.8,91.2,18.1,7.45,35.41,0.438,15.6,35.5,3,3,11.5,11.7,5,53.3,1530,desktop,South,basic,groceries
102104,55,112.8,50.3,4.27,89.12,0.052,5.3,,1,2,29.7,5.5,4.8,58.1,2478,mobile,West,basic,electronics
102105,50,,27.5,2.66,59.79,0.217,7.3,70.4,1,1,19.8,7.4,5,57.8,1803,desktop,West,premium,electronics
102106,42.5,67.9,14.9,6.59,42.26,0.663,15.4,55.7,4,1,27.6,8.8,5,63.2,1495,mobile,West,basic,beauty
102107,45.3,66.5,28,3.63,40.61,0.385,0.2,51.7,2,3,5.6,8.8,4.12,28.2,1480,mobile,West,plus,groceries
102108,46.1,61,13.3,10.66,60.34,0.44,10.4,55.1,1,2,6.2,15.5,5,49.9,1928,tablet,West,basic,groceries
102109,44.2,92.8,42.1,7.16,45.84,0.497,13.6,34.5,2,0,11.4,9.8,5,57,1641,mobile,Midwest,plus,groceries
102110,49.4,42.6,19.3,6.07,74.68,0.491,12.8,40,2,2,5,6.2,5,49.4,2199,mobile,Midwest,plus,groceries
102111,45.8,73.3,33.4,7.2,36.87,0.801,4.5,23.6,1,2,10.2,8,5,43.8,1440,mobile,Northeast,premium,groceries
102112,44.2,71.6,38.7,9.34,38.8,0.484,10.1,31.1,3,1,0,11.3,5,56.2,2279,mobile,Midwest,premium,electronics
102113,28.9,50.3,23,4.85,24.09,0.459,4.5,85,0,0,4.4,7.5,5,57.4,1496,mobile,Northeast,plus,groceries
102114,64,115.5,1,3.16,90.66,0.135,9.6,74.2,1,3,13.1,7,,41,2120,desktop,Northeast,premium,electronics
102115,51.4,119.9,30.5,4.49,80.83,0.367,8.4,60.8,1,0,13.4,10,,55.1,1930,desktop,South,basic,beauty
102116,27.9,104.9,26.2,3.09,26.58,0.281,32.4,127.6,1,2,20.9,8.9,4.38,61.4,1206,mobile,West,basic,
102117,43.4,113.7,29.3,5.62,121.96,0.291,6.6,62.9,2,1,10.3,9.9,,63.1,2973,desktop,Midwest,premium,home
102118,49.1,112.6,21,9.77,77,0.46,7.5,68.9,1,2,14.1,3.1,5,53.1,2418,mobile,South,basic,groceries
102119,39.7,91.2,9,7.55,45.29,0.342,7.3,36.7,1,1,9.7,11.6,5,48,1236,mobile,South,plus,groceries
102120,57.3,51.9,31.4,5.07,89.39,0.225,2.9,72.1,0,1,22.8,13.5,4.56,51.5,2726,desktop,Northeast,plus,
102121,25,130.8,20.4,2.55,89.74,0.159,18.4,85.8,4,3,54.8,11.5,4.98,74.4,2080,mobile,West,basic,electronics
102122,38.8,64.1,2.9,8.91,62.66,0.344,13.4,56.6,3,4,5.3,6.8,5,56.9,2161,tablet,West,plus,electronics
102123,34.3,,11.1,5.64,33.94,0.475,8.5,65.8,3,1,13.7,5.4,5,59.4,1435,mobile,Midwest,basic,groceries
102124,49.2,129.4,20.7,5.68,106.86,0.252,4.4,84.9,1,2,19,8.7,5,38.9,2671,desktop,South,premium,electronics
102125,33.4,99.1,45.6,5.24,101.12,0.161,4.9,94.4,2,4,11.1,10.1,5,64.7,2503,mobile,Midwest,premium,groceries
102126,40,81.7,22.5,4.83,32.32,0.65,14.5,70.4,0,1,3.9,6.6,4.57,72,1240,mobile,South,basic,groceries
102127,21.8,,9.3,6.65,37,0.751,6.3,,0,0,17.5,5.8,5,54.5,1803,mobile,West,plus,groceries
102128,37,46.8,28.6,9.69,31.98,0.747,12.4,43,0,0,14.3,9.1,5,62.4,1368,mobile,Midwest,plus,home
102129,35.7,,13,2.61,27.29,0.067,16.9,,3,3,13.3,3.8,5,57.5,755,mobile,West,basic,home
102130,49.5,90.6,5.4,9.68,77.89,0.21,4.1,29,2,4,11.8,1.9,5,54.7,2141,desktop,Northeast,plus,groceries
102131,31.4,46.1,24,5.6,15.37,0.908,7.4,41.4,2,0,18.1,1.8,5,40.9,932,desktop,Midwest,basic,beauty
102132,38.5,67.7,7.3,3.63,35.2,0.454,16.8,60.3,2,2,11.3,5.8,3.93,54.9,1430,tablet,West,premium,
102133,45.6,75.8,4.8,6.81,31.44,0.464,10.5,54.7,1,1,11.6,4.4,5,45.6,1540,mobile,South,basic,
102134,43.8,76.8,24.1,4.8,104.74,0.356,24.2,61.2,4,4,32.8,7.1,5,43.2,1962,mobile,South,premium,groceries
102135,38.4,100.9,7.5,3.95,107.51,0.091,7.5,68.9,0,1,12.2,18.4,4.73,59.5,2409,mobile,West,premium,home
102136,35,88.6,26.5,5.49,83.16,0.473,4.5,58.6,4,0,0,14.7,5,59.8,2370,mobile,South,basic,home
102137,22.2,84,13.3,5.08,16.24,0.358,19,74.6,3,3,26,7.3,5,62.1,1225,mobile,West,premium,
102138,34.4,61.5,36.8,2.81,28.39,0.542,14,54.1,5,0,15.6,6.7,4.73,48.3,1148,mobile,South,plus,groceries
102139,40.2,,32.5,7.19,119.87,0.311,6.4,41.8,2,0,1.6,10.7,5,47.1,2898,tablet,South,premium,groceries
102140,52.2,,39.4,3.96,71.15,0.31,0.5,55.9,0,0,15.3,16.1,5,49.9,1984,mobile,Northeast,premium,beauty
102141,38.7,54,32.6,9.49,48.7,0.681,10.9,30.7,2,3,2.3,11.5,5,54.7,1609,desktop,Midwest,plus,electronics
102142,19.8,62.9,19.1,5.72,39.24,0.66,12.1,52.5,1,1,20.7,6.5,5,57.9,986,desktop,Midwest,plus,groceries
102143,35.8,52.1,17.3,4.64,10.87,0.845,17,63.6,1,0,10.8,8.8,5,58.6,1384,mobile,West,premium,groceries
102144,31.7,93.3,29.7,5.09,79.59,0.387,20.5,,3,2,29.2,4.7,,52.8,1905,mobile,Midwest,plus,groceries
102145,55.6,73.4,30.6,4.64,88.24,0.139,1.6,18.5,0,1,20.5,12.9,5,51.7,2470,mobile,Northeast,premium,electronics
102146,38.7,,45.4,3.07,86.16,0.221,11.5,61,1,1,0,8.7,4.84,34.1,2496,mobile,West,premium,beauty
102147,43.4,38.9,36.1,8.35,35.36,0.628,8.8,44.5,1,1,11.2,8.4,5,63.6,1697,desktop,West,basic,home
102148,18,,18.5,3.57,26.25,0.444,19.3,80.2,1,2,10.2,7.6,5,65.3,1253,desktop,West,basic,electronics
102149,45.4,53.2,35.6,8.53,35.07,0.511,13.1,74.3,1,1,0,6.4,5,64.8,1613,mobile,West,premium,groceries
102150,42.7,48.4,22.1,8.13,36.69,0.688,14.6,57.2,1,1,6.2,2.5,5,46.1,1912,desktop,Midwest,plus,
102151,51.1,114.3,64.2,2.71,81.69,0.097,13.9,57,2,3,24.7,2.3,3.77,54,1651,desktop,Northeast,premium,electronics
102152,30.2,85.4,5,2.53,98.59,0.451,14.5,154.6,3,5,30,4.3,3.04,64.6,1896,mobile,Midwest,basic,
102153,28.4,,34.7,8.61,62.28,0.449,7.6,50.5,2,0,7.4,15.7,5,46.6,1806,desktop,South,basic,
102154,27,82.6,31.2,5.3,79.12,0,14.9,,3,3,32.7,5.4,,55.5,2399,mobile,West,plus,groceries
102155,34.5,,27.1,6.35,30.61,0.409,10.1,59.8,2,1,17,12.3,5,57.1,1675,tablet,West,premium,home
102156,44.1,,40,6.25,62.31,0.333,1,37.2,0,2,11,12.6,5,43.1,1743,,South,basic,groceries
102157,24.2,74.2,3.2,5.05,107.66,0.43,16.3,129.2,2,1,40.4,9.8,4.57,67.2,2164,mobile,West,basic,home
102158,44.3,63.2,27.1,5.27,113.3,0.09,3.9,66.7,0,2,15.8,7,5,50.8,2121,tablet,West,plus,beauty
102159,31.2,82.8,29.7,3.68,34.59,0.287,19.5,,8,2,28.4,5.3,4.49,69.2,1254,mobile,West,basic,beauty
102160,49.1,91.2,31.1,6.51,69.71,0.27,8.7,,1,1,11.2,0.2,5,52.5,1621,tablet,Midwest,plus,electronics
102161,36.9,74.9,17.2,1.37,26.69,0.675,11.3,49.4,0,1,5.2,8.4,5,70,645,mobile,West,basic,beauty
102162,41.4,112.4,53.9,6.87,114.67,0.152,3.8,,1,1,15.4,13.5,5,44.3,2771,desktop,Northeast,plus,home
102163,25.7,112.5,15.2,2.69,80.04,0.546,15,88.4,5,2,35.5,7.7,4.57,62.8,1955,desktop,Northeast,basic,home
102164,32.4,74.5,32.4,10.95,69.12,0.452,15,43.1,1,0,2.9,10.5,5,57.8,2457,mobile,Midwest,basic,groceries
102165,45.3,58.7,45.1,4.6,43.27,0.446,5.4,,0,1,22.5,13.3,4.92,50.1,1134,mobile,Northeast,plus,beauty
102166,38.5,104.2,15.1,10.84,68.97,0.584,9.2,46,0,2,0,13.8,5,64.5,2371,desktop,West,basic,groceries
102167,34.9,43.3,3.8,3.26,33.95,0.686,14.5,82.7,3,0,9.1,8.3,5,55.5,1059,mobile,South,basic,groceries
102168,52.8,99.2,36.5,3.62,123.51,0.263,9.4,65.8,2,1,13.9,13.3,5,59.3,3051,mobile,South,premium,home
102169,34.4,119.1,15.1,5.25,89.06,0.255,24.3,,3,5,33.5,15.5,4.41,69.6,2125,,Northeast,premium,beauty
102170,44.3,70.8,32.6,2.29,95.54,0.023,7.2,32.8,3,4,24.3,8.4,,50.2,1804,desktop,Midwest,plus,electronics
102171,22.5,81.2,50.8,4.89,77.14,0.258,1.6,55.3,1,1,0,8.6,5,47.5,2527,desktop,South,premium,beauty
102172,33.9,64.4,15.4,3.41,60.24,0.221,17.2,92.8,1,1,10,18.1,4.18,63.3,1737,desktop,Northeast,basic,groceries
102173,35.1,79.1,33.7,5.45,72.81,0.347,7.1,52.7,0,2,5.8,21.9,3.71,60.5,2046,mobile,South,basic,home
102174,51.8,87.6,64.5,3.35,86.7,0.139,6.9,83,3,6,6.2,16.8,3.7,58.9,2097,,Northeast,basic,beauty
102175,43.8,,29.7,2.77,30.29,0.51,19.5,80.2,1,0,0,10,4.87,57.6,840,desktop,West,basic,groceries
102176,41,78.7,38.7,4.96,62.06,0.367,10.1,69.9,1,1,1.3,17,4.34,53.4,1916,desktop,South,plus,groceries
102177,45.7,47.7,23.5,9.36,22.23,0.844,5.2,70.7,2,1,22.4,14.3,,55.4,884,desktop,West,basic,home
102178,35.3,72.8,27.3,4.98,38.59,0.572,10.8,48.6,3,0,10.3,7.3,5,37.5,893,desktop,Midwest,basic,groceries
102179,53,85.4,34.3,3.86,87.59,0.182,2.3,73,0,2,0,7.9,5,51.4,2282,tablet,Northeast,premium,groceries
102180,35.2,84.5,22.1,10.65,97.96,0.409,17.9,63.3,0,1,17.8,13.5,5,55.1,2836,mobile,South,plus,electronics
102181,45.3,108.4,29.8,4.75,87.51,0.222,7.3,,3,6,29,8,4.49,56.6,2106,mobile,West,premium,groceries
102182,27.3,82.2,12.1,4.19,87.84,0.43,3.5,70.1,4,3,28.4,8.1,5,54.4,1997,mobile,Northeast,basic,
102183,24.2,93.9,3.5,2.28,76.99,0.184,20.5,100.3,3,5,29.7,9.9,4.29,63.6,1985,desktop,West,basic,home
102184,30.9,67.3,34.6,7.92,34.2,0.427,7.1,14.3,2,7,3.7,10.1,,41.9,1696,mobile,West,premium,electronics
102185,33.3,73.6,24.3,5.2,41.02,0.663,5.3,42.7,0,0,20.7,15.5,4.8,49.5,1751,tablet,South,basic,home
102186,33.2,62.9,10.4,6.04,69.12,0.129,5.2,,1,2,13.2,9.9,5,61,2535,mobile,South,premium,home
102187,39.1,81.1,18.7,7.43,64.68,0.485,7,67.2,3,1,4.6,10.6,,30.4,1953,mobile,Northeast,basic,groceries
102188,43.7,55.2,17.2,4.89,23.73,0.644,20.9,85.1,0,1,14.7,4.5,5,62.3,1427,tablet,Midwest,plus,groceries
102189,54.2,72.7,35.2,6.97,61.66,0.337,14.8,38.2,1,1,0,4.7,5,64.3,2456,mobile,South,premium,groceries
102190,34.9,56.8,48.4,7.68,22.39,0.914,10,31.1,1,0,0.5,5.5,5,57.2,1578,desktop,Midwest,basic,groceries
102191,57,60.8,20.2,9.65,60.5,0.352,8.2,84.3,2,3,0,13,5,59.3,2092,tablet,West,basic,home
102192,28,92.5,34.3,5.41,98.61,0.024,25.7,110,2,4,15.3,5.8,5,48.5,2985,tablet,West,premium,groceries
102193,37.8,45.1,12.7,10.36,35.17,0.473,12.8,73.7,2,2,4.4,7.3,5,53.2,2094,mobile,West,plus,home
102194,28.5,111.3,26.8,6.11,81.36,0.282,12.3,,1,3,15.1,6.6,5,46.1,2607,desktop,Midwest,premium,electronics
102195,23,61.4,9.8,5.06,33.55,0.722,7.5,,3,1,9.4,10.6,4.64,71.9,1096,mobile,West,basic,electronics
102196,33.3,76.5,35.9,7.95,69.83,0.329,4.3,45.2,0,2,13,10.5,5,58.2,1901,desktop,Northeast,plus,groceries
102197,44.7,64.8,29.4,6.31,44.25,0.952,8.8,81.7,1,1,22.5,9.1,5,57.2,1434,mobile,West,basic,groceries
102198,44,91.2,44.6,4.24,92.29,0.129,1.7,52.4,0,2,20.4,16.7,5,47.9,2522,desktop,South,premium,electronics
102199,44.5,61.4,29.2,4.08,30.43,0.837,14.8,58.9,1,1,24.7,4.1,4.52,40,1004,mobile,Midwest,basic,beauty
102200,33.5,52.3,43.3,5.73,34.2,0.449,6.5,40.3,1,1,10.9,21.6,3.79,43.6,1470,mobile,Midwest,plus,home
102201,27,,6.1,3.22,28.74,0.252,14.1,121.6,5,1,24.3,4.5,4.44,55.4,1256,mobile,South,basic,electronics
102202,57.6,65.1,44.8,6.33,44.65,0.432,9.8,25.2,0,1,2,11.1,5,52,1510,mobile,Midwest,basic,groceries
102203,26.9,91.9,14.5,5.94,68.2,0.32,20.2,73.5,2,2,19.2,7.7,5,53.7,1570,desktop,West,plus,groceries
102204,46.7,54.4,13.9,7.92,38.28,0.732,9.9,28,2,1,21.6,9.9,5,52.5,1804,mobile,South,basic,beauty
102205,35,96.8,43,6.13,80.53,0.316,10.9,24,0,1,4.3,17.5,4.98,50.8,1783,desktop,Northeast,premium,electronics
102206,29.9,71.9,16.4,0.3,90.73,0.095,4.1,51.7,3,2,14,6.1,3.98,51.6,2184,desktop,West,plus,groceries
102207,28.8,40.4,22.1,6,31.01,0.294,10.7,53.3,2,5,32,8.6,,39,972,desktop,South,basic,
102208,41.2,87.2,1.7,5.11,57.3,0.518,6.3,21.4,3,4,4.7,10.5,4.96,57.1,1709,mobile,Northeast,basic,groceries
102209,38.9,90,17.9,8.83,108.96,0.455,5.6,13.3,1,2,17.5,12.4,5,42.7,2779,desktop,Northeast,plus,groceries
102210,32.2,67.8,31.5,4.59,38.86,0.456,17.3,53.9,2,0,11.5,3.6,4.93,63.9,1204,tablet,South,basic,groceries
102211,33.8,103.3,11.1,3.82,43.4,0.424,23.8,,3,2,32.2,12.9,4.7,51.2,1244,mobile,Midwest,basic,groceries
102212,37.9,89.8,14.4,1.13,103.52,0.365,20.1,75.7,2,3,0,11.5,3.91,59.3,2255,mobile,South,basic,electronics
102213,24.2,49.8,28.6,7.05,33.99,0.62,4.2,36.3,2,0,13.4,9.3,5,49.3,1362,desktop,Northeast,basic,groceries
102214,48.2,108.9,68.1,4.14,93.97,0.292,11.5,15,2,1,18.2,6.4,5,44.4,2397,,Midwest,premium,home
102215,43.4,101.5,46.4,2.57,111.19,0,10.5,91,1,2,13.5,12.2,5,56.5,2616,desktop,Northeast,premium,
102216,40,79,23.4,9.19,51.47,0.54,15.2,12.8,3,2,6.1,6.5,5,46.4,2041,tablet,Midwest,plus,groceries
102217,40.6,69.3,20.8,8.14,54.5,0.426,6.9,41.5,0,0,5.1,16.8,,53.8,1763,desktop,West,basic,groceries
102218,42.4,63.3,23.8,5.06,44.26,0.513,5.3,52.3,2,0,0.7,4.4,5,37.8,2028,desktop,Midwest,plus,groceries
102219,43.5,48.6,25.9,7.43,54.94,0.622,9.8,55.5,1,1,12.8,10,,57.6,2020,mobile,West,basic,beauty
102220,34.3,99.8,15.4,7.35,65.04,0.246,19.2,80.7,6,5,27.7,10.3,4.93,49.6,2234,,Midwest,plus,groceries
102221,38.9,68.8,49.6,7.25,54.65,0.595,6.8,31.2,1,1,9.5,11.3,5,47.8,2302,mobile,West,premium,groceries
102222,48.1,90.6,45.3,3.24,82.3,0.18,6.1,80.9,5,5,33.5,11.3,,46.2,2027,mobile,Northeast,premium,electronics
102223,34.5,89.5,37.3,2.24,104.75,0.038,10.1,47,1,1,17.8,12,,52.5,2557,mobile,Northeast,basic,groceries
102224,25.5,47.8,32.1,6.02,21.42,0.726,5.2,62.9,2,0,12.5,5.6,5,51.6,1453,desktop,West,basic,home
102225,33.4,97.2,16.6,2.84,61.7,0.373,19.1,49,2,2,24.4,8.6,4.78,61.8,1421,mobile,West,basic,home
102226,43.9,45.5,22.4,8.13,20.41,0.665,20.2,24.9,2,2,24.8,6.5,5,45.1,1325,desktop,Midwest,premium,home
102227,35.2,61.6,33.3,2.71,25.43,0.472,7.9,69.3,0,1,9.7,0.7,5,47.8,867,,Midwest,basic,beauty
102228,56.5,60.4,31,8.75,54.71,0.428,1.6,41.6,3,1,9.3,13.3,5,45.8,1816,desktop,West,plus,groceries
102229,33.7,108,31.8,6.94,73.2,0.515,10.4,14.4,1,2,15.4,10.7,5,52.4,2530,mobile,South,plus,groceries
102230,44.5,124.8,26.7,4.79,75.87,0.261,5.3,50.1,0,2,0,10.6,5,60.3,2194,desktop,South,premium,electronics
102231,35.6,105.3,36,6,98.92,0.277,10.5,59.4,4,2,31,14,4.6,75.2,2304,mobile,Northeast,basic,electronics
102232,39.9,106.6,24.5,5.72,120.38,0.238,4.6,,0,2,19.6,5.7,5,45.1,3133,mobile,Northeast,premium,home
102233,42.2,71.7,25.3,3.64,84.29,0.317,8.8,34.4,0,1,18.6,9.3,5,42.8,1637,,West,plus,groceries
102234,37,55.3,20.2,5.13,30.13,0.55,31.4,145.5,0,1,13.3,5.1,5,57.9,1760,mobile,West,basic,beauty
102235,39.1,139.6,37.2,4.1,90.85,0.246,4.9,27,0,0,18.2,14.8,5,53.6,2427,mobile,West,premium,
102236,39.5,63.1,42.4,5.22,30.65,0.426,9.9,25.5,0,1,16.4,5.9,5,54.6,1191,mobile,Midwest,plus,groceries
102237,42.8,53.5,22.3,7.74,31.89,0.612,8.9,42.8,1,1,24.2,11,5,55.7,953,desktop,Northeast,plus,groceries
102238,41.7,76.3,42.4,10.28,53.32,0.556,5.1,51.4,2,1,6.5,7.3,5,45.5,1717,,Midwest,basic,groceries
102239,46.6,78.7,20.6,6.68,26.96,0.611,10.6,55.5,1,2,6.8,5.9,5,55.6,1268,desktop,Midwest,plus,groceries
102240,42,83.9,35.7,6.52,56.07,0.275,10.6,26.4,1,1,15.7,7.2,,44,1583,desktop,South,basic,electronics
102241,49.2,86.1,45.4,2.87,96.16,0.069,4,,1,1,21.9,7.5,5,54.4,2624,mobile,West,premium,groceries
102242,35.4,76,1,7.35,55.75,0.324,15.5,27.5,2,3,14.3,18.5,4.92,62.2,1703,mobile,South,plus,electronics
102243,41.8,90,14.8,1.51,91.63,0.323,6.7,87.6,4,0,9,2.1,4.22,60.2,2306,mobile,West,premium,groceries
102244,27.4,106.7,36.8,6,119.53,0.142,10.4,78.7,0,2,12.8,5.8,5,61.1,3070,mobile,West,premium,groceries
102245,43,74.7,27.6,5.38,34.48,0.703,14.4,12.5,0,0,7.9,7.5,4.89,54.8,953,tablet,West,basic,groceries
102246,32.4,85.4,25.4,9.09,62.27,0.47,1.7,68.6,1,2,13.5,7.8,5,43.5,2146,desktop,Midwest,plus,groceries
102247,31.7,,14.2,6.81,20.02,0.625,10.1,55,4,3,22.5,7.6,4.74,56.8,905,mobile,West,plus,electronics
102248,46.7,,42.9,2.77,88.34,0.449,8.3,55.6,2,1,18,10.8,5,57.4,2184,tablet,Northeast,premium,beauty
102249,42.5,80.3,28.5,5.25,33.29,0.545,13.6,67.4,2,0,26.3,4.9,4.6,45.1,1327,desktop,South,plus,groceries
102250,31.3,66.8,14.7,4.65,20,0.679,5.9,,2,0,0,7.1,4.99,49.7,1014,desktop,Midwest,basic,groceries
102251,20.2,57.1,31.2,5.75,31.91,0.799,15.4,100.1,0,2,16.2,4.8,4.77,54,1325,desktop,Northeast,basic,home
102252,49.2,62.7,23.2,5.14,38.31,0.604,9.2,77.5,0,1,13.4,9.2,,43.6,1655,desktop,Northeast,plus,groceries
102253,31.8,43.7,10.3,4.16,60.59,0.411,9.7,53.2,1,1,0,11.7,5,55.7,2008,desktop,West,premium,beauty
102254,42.4,,16.4,6.53,38.87,0.673,8.8,9,2,0,12.8,12.6,5,56.3,1327,mobile,West,basic,home
102255,53,94,27.3,3.83,65.27,0.285,12.3,72.2,0,1,15.3,5.3,5,59.7,1741,desktop,Northeast,plus,home
102256,56.2,98.1,74.7,4.87,102.04,0.23,8.2,47.8,0,1,19.4,11.8,5,57.1,2706,desktop,Northeast,premium,electronics
102257,38.5,73.9,23,5.49,91.52,0.441,9.3,,2,0,7,11.7,4.48,58.5,2312,desktop,South,plus,home
102258,49.5,90.1,38.4,5.44,113.27,0.127,4.3,71.3,0,2,0,14.6,5,44.9,2557,mobile,Midwest,premium,home
102259,41,107,24.2,4.77,74.52,0.353,23,97,3,4,25.7,5,5,53.4,1732,mobile,West,plus,groceries
102260,34.9,93.5,36.6,8.08,99.27,0.045,2.3,,1,0,18.6,15.7,5,43.1,3142,mobile,West,premium,home
102261,40.8,57.4,23.8,3.34,26.33,0.606,20,44.6,1,2,19.9,10.1,5,54,890,mobile,Northeast,plus,groceries
102262,34.5,71.9,8,2.02,63.16,0.232,24.2,67.7,2,2,30.3,0.2,4.94,61.3,1757,mobile,South,basic,groceries
102263,37.3,114.3,34.1,1.62,90.96,0.202,9.6,76.6,3,2,4.5,10.3,3.73,56.5,2092,desktop,South,basic,electronics
102264,37.2,90.5,17,6.33,76.7,0.414,5.3,32,1,1,9.2,15.2,4.41,48,1720,mobile,South,plus,home
102265,47.1,61.7,42.5,4.28,20.47,0.611,13.1,70.9,1,0,5.6,11,5,58.3,1132,mobile,West,plus,home
102266,36.8,85.6,55.7,5.09,99.19,0.178,12.4,,1,1,18.3,11,4.88,58.9,2399,mobile,West,basic,groceries
102267,30.9,88.4,13.3,4.54,125.5,0.556,19.1,109.4,2,1,34.5,17.1,4.18,63.7,2409,mobile,South,basic,groceries
102268,37.1,71.7,5.3,8.46,59.97,0.372,10.4,35.5,2,1,8.8,3.8,5,51.7,2122,desktop,Midwest,premium,
102269,36.4,64.2,20.4,8.68,46.45,0.289,8.7,35.5,0,2,6,13,5,51,1824,mobile,South,basic,groceries
102270,30.5,96,15.2,0.98,85.05,0.31,17.1,84.4,2,1,12.9,8.3,4.08,55.9,2146,mobile,Northeast,basic,groceries
102271,30.9,75.6,26.1,5.97,21.81,0.569,9.7,82.7,0,1,5.7,11,5,56.9,1314,desktop,South,premium,groceries
102272,37.5,59,29,5.77,42.94,0.722,15,74.4,0,0,10.7,4.7,4.72,53.7,1354,mobile,Midwest,plus,beauty
102273,33.1,88.9,24.4,2.21,89.16,0.24,19.8,100.7,1,4,3.8,11,4.73,64.4,2023,mobile,West,plus,groceries
102274,31.9,55.9,11.4,9.77,48.71,0.548,15.9,57,1,1,0,13.6,5,54.2,2223,desktop,Northeast,premium,groceries
102275,33.3,49.9,32.5,7.51,21.8,0.758,12.2,101,2,2,27.9,9.6,5,61.3,1589,desktop,Northeast,basic,groceries
102276,41.6,,36.6,4.88,89.33,0.199,2.2,41.7,0,2,17.5,2.8,,42.1,2352,mobile,South,plus,groceries
102277,53.6,66.2,26.4,6.38,24.89,0.518,15.2,66.6,0,1,20.1,7.7,5,43.7,1241,desktop,West,basic,
102278,41.5,97.9,16.8,1.92,65.56,0.295,22,,1,2,21.7,13.3,4.49,51.8,2454,mobile,Midwest,premium,electronics
102279,38.8,53.4,33.3,6.49,35.59,0.345,18.8,,1,0,21.7,9.8,5,53,1272,mobile,West,basic,groceries
102280,38.3,108.5,15.4,2.11,118.79,0.671,22,87.5,4,3,37.4,12.5,2.72,56.5,2314,tablet,West,basic,
102281,25.3,33.3,19.1,3.34,81.79,0.343,16,137.2,4,0,40.7,5.6,5,52.8,2057,mobile,Midwest,premium,beauty
102282,24.3,73.3,4.4,1.09,45.68,0.581,21.3,58,1,2,10.1,5.8,4.14,56.2,1374,mobile,Northeast,basic,groceries
102283,20.3,43.2,18.7,2.63,43.46,0.651,14,38.3,2,2,13.6,8.9,4.45,65.2,1089,desktop,West,basic,groceries
102284,52.7,84.7,40.9,9.42,47.58,0.497,11.8,60.9,3,3,4.9,5.7,5,37.1,1932,desktop,Midwest,plus,groceries
102285,44,54.2,24.4,3.45,32.14,0.67,14.3,63.1,0,0,1.3,1.3,4.51,55,1003,desktop,Northeast,basic,groceries
102286,42,,34.8,5.87,84.52,0.244,8.7,79,2,4,31.1,16.5,4.06,50.1,2503,mobile,Midwest,premium,
102287,36.1,87,18.1,4.32,52.72,0.254,8.8,,4,3,35.1,6.2,4.39,37,1289,mobile,West,basic,groceries
102288,33.6,95,30.5,3.21,63.27,0.239,14.6,44.4,2,1,15.5,9,5,51.5,1773,tablet,Midwest,premium,groceries
102289,46.6,71.7,19.5,9.2,34.85,0.295,12,55.3,1,1,13.7,12.2,5,61.4,1517,tablet,West,basic,groceries
102290,36.2,73.6,30.6,9.45,27.02,0.503,10.3,65.6,3,1,10.2,5.7,5,40.7,1439,desktop,Northeast,basic,home
102291,19.5,113.7,14.6,1.83,49.68,0.398,24,102.8,1,2,20.7,13.2,5,57.7,1824,mobile,West,plus,groceries
102292,54.1,75.4,16.2,7.15,44.3,0.627,12.9,57,1,1,7.8,8.6,,53.6,1615,mobile,West,basic,home
102293,44.7,97.4,28.4,6.55,51.95,0.078,9.8,59.2,3,6,0.4,16.1,5,60.3,1436,desktop,South,plus,electronics
102294,27.6,77.5,21.6,6.77,86.89,0.419,13.4,78.3,1,5,11.8,12.9,,65.8,1891,mobile,West,plus,electronics
102295,42.3,70,35.4,8.94,55.57,0.304,6,32.8,2,5,2.1,10.6,5,50.3,1996,mobile,Midwest,plus,groceries
102296,21.5,71,29.9,5.18,44.11,0.581,5.9,46.5,0,2,9.6,11.7,5,48,1591,desktop,West,basic,groceries
102297,31.1,104.7,10.3,2.85,76.34,0.319,10.7,64.7,4,2,21.2,7.4,4.66,45.4,2029,desktop,South,basic,
102298,40,,14.3,6.97,34.63,0.568,6.9,65.5,4,1,16.4,6.9,5,51.5,1644,mobile,South,basic,home
102299,54.9,67.4,11.5,7.04,40.93,0.354,14.2,51.3,3,4,14.8,2.4,5,44.6,1720,desktop,South,plus,groceries
102300,33.2,94.3,18.6,9.4,67.56,0.443,14.9,60.2,0,1,12.8,14.1,5,71.4,2096,mobile,South,basic,electronics
102301,51.1,95.6,21.6,7.32,49.32,0.523,6.1,34.2,7,3,11.4,17.1,5,41.5,1565,desktop,South,basic,electronics
102302,32.9,,11.3,7.42,71.29,0.513,7.2,45.3,5,0,12,9.4,5,42.4,2036,mobile,West,premium,groceries
102303,55.4,35.1,28.8,7.89,24.76,0.587,4.4,15.5,1,2,4.9,12.1,5,52.6,1678,mobile,South,basic,home
102304,53.9,88.2,39.5,3.91,96.17,0.267,10.6,96.2,0,0,11,8.2,,60.4,2459,tablet,Northeast,premium,groceries
102305,31.4,70.2,15.3,6.27,27.4,0.645,4.5,47.2,2,1,0,11.4,5,62,1508,mobile,West,premium,electronics
102306,47.5,81.7,31.6,5.04,116.15,0.192,0.1,75.4,0,0,22.6,9.3,5,49,2604,mobile,Midwest,plus,beauty
102307,49.2,78.3,3.8,5.29,126.04,0.186,0.1,48.6,2,1,24.1,7.1,5,48.5,2956,tablet,Midwest,premium,home
102308,41.4,81.4,13.4,9.83,50.33,0.024,3.7,35.2,0,2,5.3,2.7,5,44.8,1631,desktop,South,plus,home
102309,54.2,,40.6,8.86,71.16,0.677,5.6,34.9,4,2,0,17.6,5,62.1,1767,desktop,South,plus,groceries
102310,40,70.4,44.7,8.03,37.41,0.484,6.6,48.9,4,1,7.3,14.3,5,58.5,1967,mobile,Midwest,plus,home
102311,47.5,40.4,25.8,2.85,22.12,0.682,17.7,65.4,1,0,16.6,8.1,5,65.1,936,desktop,South,basic,groceries
102312,54.2,89.3,20.6,1.49,111.2,0.193,7.7,43.8,1,0,15.5,4.9,4.59,41.2,2616,desktop,West,premium,beauty
102313,27.8,32.9,15,7.42,25.77,0.442,9.3,30.9,2,0,6.2,10.1,5,44.5,1301,desktop,Midwest,plus,groceries
102314,35,,17.2,2.11,72.4,0.306,25.9,48.8,4,3,34.7,16.2,4.52,51.7,2269,mobile,Midwest,premium,groceries
102315,39.9,87.6,37,5.58,81.22,0.401,4.9,58.6,3,3,6.1,17.9,4.03,64.3,2161,desktop,West,plus,beauty
102316,35.8,81.1,27.9,6.91,52.67,0.481,5.4,32,5,2,8.4,14.7,4.67,54.5,2011,desktop,South,premium,electronics
102317,32.7,68.7,3.2,4.29,44.72,0.215,11.3,112.7,4,2,24.2,10.2,5,65.2,1404,desktop,South,plus,groceries
102318,44.5,84.7,38.2,6.48,73.4,0.177,11,,2,1,8,4.5,,62.7,1950,desktop,South,basic,home
102319,49.9,77.5,15.5,3.55,35.15,0.558,8.9,32.6,1,1,11.6,4,5,58.1,1325,mobile,West,basic,groceries
102320,27.1,107.4,12.4,3.47,31.45,0.045,15,45.5,4,4,33.2,7.9,5,57.8,1256,mobile,Midwest,basic,groceries
102321,40,59.3,38.6,9.49,53.1,0.158,12.8,38.4,0,0,6,16.1,5,53.5,1903,desktop,South,basic,groceries
102322,37.5,51.7,2.9,3.5,66.87,0.411,15.9,64.2,2,4,20.2,5.1,4.91,62.5,2019,mobile,Northeast,basic,beauty
102323,41.2,72.2,27.1,8.06,52.63,0.506,6.8,33.4,0,1,10.1,12.9,5,41.3,2160,desktop,South,basic,electronics
102324,24.4,69.9,14.3,4.56,88.65,0.47,23.3,67.5,4,4,28.4,12.5,4.78,49.3,2301,desktop,Northeast,plus,electronics
102325,48.1,,20,11.92,67.21,0.424,4.6,32,1,2,6.1,11.7,5,57.3,2369,mobile,South,plus,electronics
102326,40.4,62.5,36.3,6.97,31.69,0.506,7.6,40.2,1,0,24,13.1,5,60,808,desktop,South,basic,home
102327,36.2,73.6,43.3,12.14,28.85,0.488,9.2,36.2,4,3,4.4,5.6,5,40.7,1331,desktop,Midwest,basic,
102328,50.4,117.3,28.5,5.35,138.15,0.1,0.1,44.9,2,3,15.1,15.6,5,38.5,2694,desktop,Northeast,basic,beauty
102329,18,65.6,28.2,1.64,24.83,0.819,6.4,60.8,0,1,12.8,9.6,4.09,52.5,1288,mobile,West,basic,beauty
102330,60.9,89,39.2,6.7,48.54,0.132,3.7,84.2,4,4,24.8,8,,57.1,1338,tablet,Northeast,plus,
102331,40.5,85.4,63.6,4.44,102.88,0.08,6.9,,2,4,23.7,11.6,5,50.3,2422,mobile,South,premium,electronics
102332,52.6,94.6,33.4,5.05,101.14,0.046,10.5,49.1,1,2,21.5,5.5,5,45.1,2824,tablet,Midwest,plus,electronics
102333,31.8,93.2,12.5,5.31,49.26,0.113,8.4,74.7,3,1,11.8,12.6,5,52.2,1622,desktop,Northeast,plus,home
102334,41.7,118.3,30.9,4.23,83.98,0.344,11.5,53.5,3,4,27.2,4.6,4.87,60.6,2666,desktop,Midwest,premium,electronics
102335,50,156.2,21.4,5.86,98.77,0.205,0.8,56,0,1,22.8,7.9,5,56.8,1950,mobile,West,basic,beauty
102336,34.5,36,13.7,7.11,18.5,0.689,20.2,62.1,0,1,16.1,7.8,5,61.6,1212,desktop,Midwest,basic,home
102337,46.1,60.8,17.6,9.16,67.1,0.551,6.5,42.9,1,1,9.1,20.1,,56.9,2257,desktop,West,plus,groceries
102338,47.7,104.1,39.6,8.21,57.05,0.243,5.6,39.5,2,1,4.3,11.3,5,41.4,1606,mobile,West,basic,groceries
102339,55.7,,27.2,2.45,97.45,0.111,6.4,76.9,1,1,13.8,8,5,65.8,2065,desktop,West,basic,beauty
102340,43.1,67.7,42.5,5.81,33.66,0.76,14.9,20.6,2,1,0,8.7,5,55.1,1245,mobile,Northeast,premium,groceries
102341,30.6,77.4,21.2,2.98,24.9,0.554,3,63.8,3,1,10.5,7.9,4.18,50.6,1241,mobile,South,plus,groceries
102342,25.5,70.7,31.3,1.49,43.12,0.573,11.9,78.7,1,2,15.7,5.5,3.55,65.4,1465,mobile,West,plus,electronics
102343,40.2,70.9,24.9,8.33,57.03,0.512,10.3,57.5,2,2,13.9,17.4,5,60,2229,desktop,Midwest,premium,home
102344,39.7,111.3,45.7,2.42,95.27,0.231,8.8,32.6,0,2,21.2,18.2,3.55,49.8,2326,desktop,West,basic,electronics
102345,18.8,60.4,19.4,2.15,51.35,0.255,15.5,55.9,3,3,35.3,12.1,,54.1,1792,mobile,West,premium,groceries
102346,39.2,75.8,32.9,10.55,60.58,0.4,7,6.5,2,4,7.8,12.5,5,42.3,2571,mobile,Midwest,premium,electronics
102347,27.2,105.9,26.1,1.42,82.91,0.327,25.5,158,1,7,18.7,10.5,4.25,67.1,1615,mobile,Northeast,basic,electronics
102348,41.7,120.1,19.7,4.06,116.43,0,3.7,51.9,2,2,29.7,10.2,4.74,50.6,2605,tablet,Midwest,plus,home
102349,37.9,59.8,51.6,9.01,33.6,0.525,10.4,81.4,3,0,3.1,10.1,5,50.3,1353,desktop,West,plus,beauty
102350,33,65.1,11.3,3.58,65.49,0.395,22.9,113.7,5,3,28.1,11.1,4.11,63.8,1881,mobile,Northeast,basic,groceries
102351,48.7,,44.2,4.45,133.51,0.321,0.1,,0,2,20.1,11.5,5,55.2,3205,mobile,Northeast,premium,electronics
102352,40.5,90.8,22.7,4.09,79.95,0.219,7.4,70.8,0,1,18.1,0.2,5,61,2266,mobile,Northeast,premium,electronics
102353,32.1,97.4,12.9,6.26,79.22,0.172,6.9,79.1,1,2,28.1,10.8,5,42.2,1879,desktop,Northeast,basic,home
102354,53.4,61.8,12.2,6,24.32,0.486,7.5,15,0,1,2.5,10.2,5,58.9,1688,mobile,Midwest,basic,groceries
102355,43.3,80.3,48.7,5.82,75.88,0.451,16.4,,1,5,12.1,9.8,5,50.8,1936,mobile,West,plus,groceries
102356,35,,19.6,2.22,49.75,0.606,11.9,,2,1,22.3,16.3,3.31,54.6,1416,mobile,Northeast,plus,groceries
102357,46.3,84.9,22.7,5.31,62.59,0.276,8.4,21.5,4,4,5.1,5.2,4.59,55.7,1694,desktop,Midwest,plus,groceries
102358,31.2,54.3,8.9,4.77,91.43,0.299,11.1,52.6,1,3,14.2,14.8,5,59,2415,tablet,West,basic,electronics
102359,46.8,101,16.9,5.68,62.73,0.44,4.8,55.1,0,2,5.5,5.2,5,60.2,1901,desktop,South,plus,groceries
102360,34.6,72.3,16,11.24,28.09,0.324,14.7,36.5,1,1,13.1,8.7,5,58.1,1266,mobile,Midwest,plus,beauty
102361,43.9,44.3,11,8.03,25.59,0.706,15,21.7,0,0,12.8,7.1,5,45.5,1373,mobile,Midwest,plus,groceries
102362,37.8,47.7,22.9,9.33,58.36,0.385,11.9,70.5,2,1,0,12.5,5,39.5,2107,desktop,West,plus,groceries
102363,29.5,137.8,21.3,4.44,47.95,0.221,10.2,67.5,1,2,14.1,9.2,5,51,1448,tablet,South,plus,electronics
102364,22.1,70.6,20.2,1.84,81.98,0.129,21.9,64.8,2,2,19.8,4,4.5,71.2,1914,mobile,Northeast,premium,beauty
102365,36.5,91.4,17.3,3.22,49.64,0.429,16.9,83,4,4,23.8,11.7,4.2,41.4,1206,mobile,Northeast,basic,groceries
102366,52.3,73.6,26.9,7.76,37.85,0.543,7.7,61.7,0,0,16.1,4.6,5,37,1912,tablet,Northeast,plus,groceries
102367,52.9,84.6,28.2,8.27,65.59,0.372,17,55,0,1,1.1,12.7,5,55.4,2293,desktop,Midwest,plus,groceries
102368,37.6,53.1,30.1,4.18,30.36,0.7,7.7,66.2,2,0,17.7,10.9,3.8,44.5,1087,mobile,Northeast,basic,groceries
102369,19,113.8,13.1,4.46,49.4,0.298,31,163.4,1,1,36.9,7.2,,64.5,1230,desktop,South,basic,groceries
102370,34.1,105.9,1,2.23,75.42,0.324,19.9,85.1,4,3,41,8.5,4.13,58.4,1033,mobile,Northeast,basic,beauty
102371,48.5,83.1,25.5,3.67,102.97,0.324,12.1,71.5,4,3,10.5,11.1,4.31,80.2,2243,desktop,South,basic,home
102372,19.8,,14.2,4.34,44.76,0.611,14.2,58.4,0,2,16.5,0.2,4.57,53,1695,,West,basic,groceries
102373,49.7,108.2,27.8,7.54,97.68,0.23,11.1,85.5,1,0,22.5,5.5,5,57.5,2754,desktop,West,premium,
102374,24.1,55.7,30.9,6.35,25.33,0.644,11.7,51.4,1,0,7.4,5,5,58.7,1448,tablet,South,plus,beauty
102375,53.8,97,26.4,8.09,79.45,0.398,5,42.2,3,2,15.3,8.7,5,55.6,2395,desktop,West,plus,electronics
102376,49.2,,1.6,4.55,8.31,0.714,26.3,44.9,2,0,8,4.9,5,43.7,902,mobile,South,basic,groceries
102377,21.7,85.9,9.8,6.77,43.17,0.275,20.6,142.3,1,1,13.2,0.2,5,69.1,1206,desktop,West,plus,
102378,22.4,71.1,26.5,4.56,30.13,0.356,10.5,82.5,2,0,6.9,5.4,4.83,62.7,911,desktop,Northeast,basic,groceries
102379,36.3,91.5,30.5,10.45,47.54,0.429,13.9,42.4,2,2,10.2,9.6,5,57.1,1943,desktop,Midwest,plus,groceries
102380,39.6,118.8,39,6.86,90.94,0.391,13.5,32,5,1,2.2,16.9,4.11,47.5,2421,,South,plus,
102381,45.8,85.9,20.1,3.7,97.53,0,10.9,45.9,2,1,2.4,11.7,5,52.1,2285,mobile,South,premium,groceries
102382,41,146,20.4,4.49,121.83,0.314,2.9,29.2,3,1,16.7,10.8,,37,2829,mobile,Northeast,premium,beauty
102383,51.3,105.8,48.1,4.95,84.87,0.382,14.8,78.1,2,2,23.8,8.6,5,53.7,2391,desktop,Northeast,basic,electronics
102384,18,75.4,4.9,2.45,49.35,0.322,20.9,74.6,1,5,22.5,6.2,,54.8,1613,mobile,Northeast,premium,groceries
102385,27.2,60.3,26.4,3.36,91.09,0.509,7.7,109.7,2,1,19.2,7.5,5,63.6,2518,mobile,South,premium,home
102386,35.6,68.2,12.1,4.94,49.52,0.389,19.1,53.4,1,2,7.5,5,5,67.8,1259,desktop,South,plus,groceries
102387,26.1,48.4,26.9,5.84,37.55,0.73,8.8,78.7,3,2,23.9,14.9,3.97,51.8,1516,mobile,West,basic,groceries
102388,46.5,70.7,16.9,4.77,40.62,0.586,14.3,61.2,2,1,4.6,12.2,5,67.1,1051,desktop,South,plus,groceries
102389,34,96.7,10.9,7.29,60.27,0.38,3.1,40.6,1,3,17.5,7.7,5,32.2,1677,,South,plus,electronics
102390,40.4,124.6,54.7,4.66,114.99,0,8.1,100.1,0,1,13.9,8,5,57.8,3134,desktop,Northeast,premium,
102391,45.3,65.5,8,5.62,35.41,0.551,11.8,79.6,1,1,10.5,5.9,5,45.3,1186,desktop,Northeast,basic,beauty
102392,31,94.1,10.3,1.69,71.46,0.552,23.8,69.4,2,1,35.3,10.1,4.07,63.2,2077,mobile,Northeast,basic,groceries
102393,44.2,70.1,34.2,10.79,48.04,0.423,8.2,26.7,1,2,11,9.5,5,49.7,1988,desktop,Midwest,premium,groceries
102394,23.9,65.4,7.6,3.99,84.65,0.298,26.7,134.4,3,3,16.7,10.4,5,67.3,1918,desktop,West,basic,home
102395,29.5,87.2,31,8.47,68.38,0.509,3.5,44.2,3,1,3.4,17.2,5,57.7,1820,desktop,South,basic,groceries
102396,33.3,97.7,41.1,5.32,36.95,0.47,10.3,76.1,1,2,0,9.1,5,41.3,1465,mobile,West,basic,groceries
102397,48.1,53.9,53.7,6.36,139.61,0.159,0.8,51,3,0,26.2,11,5,37.8,3184,mobile,Midwest,basic,groceries
102398,38.2,106.9,9.9,5.72,63.32,0.224,3.9,49.5,1,1,17.7,3.8,5,42.6,1767,,Midwest,plus,electronics
102399,36.5,83.7,37.4,10.04,63.7,0.617,12.7,39,3,3,15,12.2,,46.9,2230,desktop,South,basic,home
102400,48.6,98.2,48.1,3.01,87.08,0.11,5.4,,3,5,35,13.4,4.48,47.5,2537,mobile,South,premium,
102401,54.9,125.2,20,5.58,77.98,0.098,7.8,,0,1,17,12.5,5,40.2,2114,mobile,Northeast,premium,electronics
102402,28.9,47.7,28.7,6.53,33.7,0.836,4.1,33.2,0,0,23.4,3.9,5,50.5,1767,desktop,West,basic,groceries
102403,53.1,106.1,23.8,6.63,45.38,0.449,6.2,24.4,2,2,4.9,17,4.97,55.3,1927,desktop,South,plus,electronics
102404,53.6,84.2,26.5,5.91,99.31,0.341,6,42,0,1,18.9,14.6,4.77,53.5,2337,desktop,Northeast,plus,home
102405,51.7,53.5,21.8,8.4,42.53,0.51,18.1,45.3,4,2,6.6,6.4,5,62.2,1641,mobile,West,plus,groceries
102406,42.3,62.2,5.9,7.74,36.9,0.21,8,41.6,1,0,15.1,7.2,5,45.2,1524,mobile,Midwest,plus,groceries
102407,62.9,77.5,19.4,6.29,31.6,0.477,20.1,30.8,3,2,12.9,5.3,4.38,58.4,1490,desktop,South,basic,beauty
102408,45.7,,18.2,8.7,64.99,0.612,15.8,72.1,0,2,5,18,5,59.4,2084,,West,basic,electronics
102409,20.5,,21.6,5.55,87.63,0.255,15.3,91.1,2,0,12.4,10.3,5,68.8,2162,desktop,Northeast,premium,groceries
102410,41.1,102.4,27.1,3.94,120.14,0.309,6.6,53.7,1,1,14.4,11.4,5,51.3,2868,mobile,Midwest,premium,beauty
102411,31.2,94.5,27.9,9.23,36.49,0.885,14.6,68.6,2,1,16,3.4,5,50.6,1197,mobile,South,basic,electronics
102412,35.2,69.3,29.9,9.39,62.19,0.623,11,58.1,5,3,14.9,11.3,5,53.2,2282,desktop,West,premium,home
102413,27.8,89,33,7.25,57.04,0.36,6,25.7,2,2,3.4,14.2,5,47.6,2063,tablet,Midwest,plus,
102414,35,80.1,29.2,8.01,70.66,0.562,15.5,51.7,0,1,4.8,16,5,59,2141,tablet,South,plus,beauty
102415,35.4,59.2,24.1,4.38,12.79,0.661,13.2,55.2,1,1,10.5,3,5,56.4,1074,mobile,Midwest,plus,groceries
102416,43.4,43.5,20,6.89,28.77,0.863,5.9,48.9,0,2,0,7.8,5,57.8,1562,mobile,Midwest,premium,groceries
102417,46.3,116.1,38.6,5.67,97.93,0.306,6.6,34.8,0,2,12.5,10.4,,36,2770,,Midwest,basic,
102418,25.3,94.8,1.9,5.72,38.66,0.34,12.5,129.6,4,4,22.2,12.3,4.49,51.4,1124,desktop,West,basic,electronics
102419,30.2,78.8,6.4,4.45,96.5,0.191,15,,4,3,24.9,3.7,4.17,51.5,2581,desktop,Northeast,premium,
102420,28,46,30.8,7.94,26.77,0.98,14.7,56.7,0,0,24.4,10.6,5,55,1287,mobile,South,plus,groceries
102421,47.6,52.7,46.2,5.69,67.58,0.191,5.9,,2,1,9.8,15.8,4.76,41.7,1959,mobile,South,plus,home
102422,37.2,61.5,30.7,10.1,35.43,0.499,7.4,58.7,4,3,11.4,19.6,4.69,46,1845,desktop,Midwest,basic,electronics
102423,46.7,66.2,24.4,8.67,90,0.309,6.3,73.9,0,2,16.5,13.1,5,51.6,2613,desktop,South,plus,electronics
102424,36.1,,26.2,6.76,108.95,0.113,7.9,73.7,3,1,16.6,13.9,5,49.6,2802,,Midwest,plus,electronics
102425,39.9,68.9,17.4,7.92,39.09,0.33,7.8,62.5,1,1,10.8,6.6,5,59,1924,mobile,Midwest,premium,groceries
102426,43.9,115,25.2,5.01,74.17,0.235,6.5,70.7,3,3,5.3,14.2,5,39.3,2194,mobile,West,premium,electronics
102427,49.5,90.6,38.9,5.88,92.23,0.205,13,61.8,1,0,27.9,13,4.81,57.4,2251,tablet,South,premium,beauty
102428,48.7,70.1,15.7,5.53,113.88,0.266,0.4,111.5,0,1,11.3,14.9,5,29,2965,mobile,West,premium,beauty
102429,35,73,13.4,7.9,56.58,0.341,4.2,68.7,3,2,20.4,17.1,4.47,53.6,1696,desktop,South,premium,groceries
102430,37.8,62.6,23.2,6.63,79.79,0.469,10.7,62.5,0,2,0,13.2,4.69,37.2,1665,mobile,Northeast,plus,home
102431,48.2,67.1,50.5,8.44,65.54,0.303,7.4,61.7,2,0,9,10.6,5,53.7,2072,desktop,Midwest,basic,home
102432,49.2,83.1,41.4,7.62,65.14,0.21,12.3,59.8,2,2,26.9,15.4,5,64.7,2748,mobile,South,premium,groceries
102433,45.9,82.9,20.1,8.4,65.12,0.249,4.7,45.6,2,0,13.5,9.8,5,48.1,2419,mobile,South,premium,groceries
102434,45.4,65,41.7,8.99,53.85,0.515,12,67.2,0,1,9.1,9.5,5,60.3,2016,desktop,South,basic,beauty
102435,32.2,115.4,16.1,2.56,108.28,0.092,24,119.6,2,3,24.9,5.8,4.84,55.5,2639,desktop,Northeast,premium,groceries
102436,39.4,116.1,36.7,5.74,76.62,0.27,12.7,71.2,2,3,9,12.5,5,54.7,1781,desktop,West,basic,groceries
102437,29.3,61.2,4.9,5.05,40.28,0.63,25.1,53.2,1,1,17,3.3,5,48.8,1080,mobile,Midwest,basic,home
102438,57.5,51.9,5.6,6.74,31.6,0.616,9,50.5,1,0,16.5,7.3,5,51,1516,mobile,Northeast,basic,groceries
102439,53.4,68.1,25,7.8,61.74,0.564,14.2,57.8,0,1,14.2,8.1,5,70.4,2319,mobile,Midwest,plus,
102440,42.5,59.2,21.3,7.17,66.58,0.531,13.4,32,2,2,7,9.9,5,60.5,1976,mobile,Midwest,basic,groceries
102441,57.5,92.9,12.3,4.7,83.22,0.179,5.1,57,2,3,15,10.7,5,49,1953,desktop,South,premium,electronics
102442,43.2,,18,6.25,31.54,0.552,5.8,45.1,2,0,21.5,6.5,5,48,1367,desktop,Northeast,basic,groceries
102443,44.8,62.7,23.3,10.49,60.8,0.377,10.3,31,0,2,9,14.7,5,44.9,1850,mobile,Midwest,plus,electronics
102444,52.6,77,59.7,4.71,88.07,0.376,2.3,48.4,0,1,6.2,16,4.2,39.7,2264,desktop,Northeast,plus,beauty
102445,58.5,,12.1,11.11,54.12,0.628,9.9,34.6,3,3,7.3,2.2,5,31.3,2155,mobile,Midwest,premium,
102446,54.3,51,44.3,7.13,44.21,0.693,10,32.8,1,1,0,9.1,5,64.2,1475,mobile,West,basic,groceries
102447,40.9,93.2,14.8,5.75,108.79,0.129,1.6,78.1,0,1,20.3,9,5,49.3,2452,mobile,Northeast,basic,home
102448,40.1,70.7,1.1,7.49,26.84,0.593,9.8,38.7,3,0,13.1,7,5,49.2,1959,desktop,Midwest,premium,groceries
102449,30.3,89.8,17.5,2.42,90.82,0.035,12.7,122.3,2,1,11.7,4,4.55,58.4,1766,mobile,Northeast,plus,home
102450,38.7,,14.8,6.92,35.22,0.75,7.7,52.8,1,1,0,13.5,5,64.2,1346,mobile,West,plus,groceries
102451,44.9,73.2,43,4.14,69.02,0.204,0.1,36.1,0,0,23.4,9.9,4.55,42.7,1871,desktop,South,plus,home
102452,31.3,92.7,14.3,8.18,74.89,0.461,14.4,84.8,0,2,14.1,9.9,5,53.4,1993,mobile,West,basic,groceries
102453,37.6,67.2,27.6,4.55,25,0.551,7.6,67.2,1,1,0.2,12,5,56.1,1309,desktop,West,plus,groceries
102454,30.8,68.5,18.4,6.78,40.72,0.98,16.3,59,1,0,20.7,9.6,5,55.8,1371,mobile,Midwest,plus,
102455,32.4,71.3,12.9,6.27,39.6,0.762,10.1,50.9,0,0,8.1,9.3,5,42.7,1701,tablet,Midwest,basic,groceries
102456,43,,18.6,8.99,44.02,0.221,14.8,26.9,5,4,5.8,13.9,5,58.3,1606,desktop,South,basic,electronics
102457,40.6,96.9,38.3,5.94,76.29,0.34,11.3,60.9,0,0,0.1,12.2,5,58,2174,desktop,Northeast,premium,groceries
102458,46.8,105.3,47.3,6.6,67.62,0.232,5.2,40,2,3,21,10.5,5,54,1878,mobile,West,basic,home
102459,35.4,,12,6.97,57.94,0.285,16.8,,3,0,10.6,11.6,5,52.7,2163,desktop,South,basic,groceries
102460,42,33.3,14.3,4.27,34.05,0.674,11.4,80.4,2,1,8.5,10.3,5,72,1172,mobile,Northeast,basic,groceries
102461,46.6,54.9,33.1,5.82,16.26,0.59,14.5,67.1,0,1,2.9,9.4,5,53.7,999,desktop,West,basic,beauty
102462,35.8,95.4,1,1.57,55.49,0.233,19,88.3,2,2,42.1,5.8,4.71,56.6,1362,mobile,West,plus,groceries
102463,33.1,59.8,10.6,10.36,65.04,0.415,9.1,63.2,3,3,13.2,5.8,5,51,2315,mobile,South,basic,home
102464,33.4,113,21.9,1.63,67.65,0.619,11.4,60.2,2,3,25.4,3.7,4.07,57.7,1620,tablet,Northeast,basic,groceries
102465,27.6,86.4,25.1,7.66,88.73,0.249,15.1,40.1,2,5,45.6,12.1,5,41.7,2001,mobile,Northeast,basic,groceries
102466,20.4,88.9,19.3,8.01,40.1,0.818,10.6,67.6,2,2,10.2,5.5,4.95,59.5,1320,mobile,West,plus,groceries
102467,34.1,94.1,46.8,10.57,90.23,0.237,10.9,20.3,0,1,14.3,13,,49.6,2532,tablet,South,plus,groceries
102468,43.2,84.9,29.1,3.09,30.75,0.522,22.9,46.5,0,0,13.1,7.1,5,46.1,1319,desktop,West,basic,groceries
102469,38,125.9,46,6.12,113.22,0.205,9.9,47.3,3,0,23.4,7.4,5,47.9,3039,tablet,Northeast,premium,beauty
102470,41.4,106.8,44.2,3.77,121.34,0.137,4.6,79.5,0,0,14.8,4.6,5,56.8,2939,desktop,West,premium,home
102471,25.8,84.5,26.8,6.23,36.97,0.487,12.8,50.3,0,0,13.3,11.4,5,55.8,1788,tablet,Northeast,plus,home
102472,32.1,70.7,23.5,5.1,36.59,0.471,1.7,18.1,1,1,16.5,3.6,4.92,36.1,1641,desktop,South,basic,groceries
102473,50.9,79.8,56,5.22,81.43,0.23,8.6,33.2,2,0,25.1,14.8,,45.6,1430,mobile,Northeast,plus,beauty
102474,20.8,21.6,4.9,6.51,10.6,0.38,6.4,64.3,0,1,10.7,4.3,5,51.9,640,mobile,West,basic,groceries
102475,24.2,46.5,7.7,5.94,24.66,0.605,6.7,30.9,1,3,19.8,9.4,4.68,53.9,1495,desktop,South,basic,groceries
102476,38.8,80.8,37.8,5.37,30.58,0.622,17.5,83.6,3,1,1.7,10.9,5,48.6,1064,desktop,West,basic,home
102477,19.4,72.8,30.5,8.65,22.01,0.824,9.4,67,0,0,0.1,10.3,5,47.4,1364,mobile,South,basic,groceries
102478,44,133.1,31.7,3.16,92.6,0.2,5.5,68.3,0,2,18.1,17.4,4.92,51.5,1937,mobile,Midwest,basic,home
102479,44.6,45,31.8,3.97,32.65,0.543,5,41.5,1,1,15.3,9.7,5,48.6,1560,mobile,West,plus,groceries
102480,49.1,51.7,11,5.4,23.78,0.447,3.6,4.8,1,1,17.5,7.1,5,50.1,1252,mobile,South,basic,beauty
102481,27.9,48.9,17.5,5.72,31.64,0.537,17.3,,1,2,22.3,2.2,4.92,68.2,1116,,Midwest,basic,groceries
102482,40.3,72.5,34.3,6.71,37.77,0.643,13.1,34,0,1,12.2,0.2,5,60.5,1178,,South,basic,home
102483,34.7,81.9,15.6,3.48,38.6,0.403,20.9,,2,2,10.9,7.2,4.93,58.9,1605,,Midwest,basic,groceries
102484,49.9,99.2,25.8,4.67,57.4,0.076,14.9,39.6,2,1,30.5,2.5,4.98,57.6,1773,mobile,West,premium,electronics
102485,51.8,75.5,22.4,6.28,23.61,0.613,9,10.2,1,2,15.8,2.5,4.66,49,1608,mobile,West,premium,groceries
102486,23.9,117.5,18.9,2.44,44.07,0.489,15.2,91.3,3,3,14.5,7,4.03,49.6,1210,mobile,West,basic,home
102487,39.8,128.4,19,2.27,87.84,0.067,11.5,55.6,1,2,15.4,9.7,5,49.3,2160,mobile,West,premium,electronics
102488,50.9,62.9,26.4,5.48,40.26,0.623,5.3,52.9,3,1,0,8.1,4.92,54.5,1101,desktop,Northeast,basic,groceries
102489,33.7,,17.1,4.32,68.11,0.198,28.6,80.9,1,4,6.5,9.1,5,72.8,1751,tablet,West,basic,groceries
102490,49.2,,38.1,10.64,59.77,0.572,1.9,25.5,3,3,13.2,12.2,5,43.2,2240,mobile,Midwest,basic,electronics
102491,53.2,123.6,38.3,2.87,95.17,0.176,7.1,102.8,1,1,33.7,9.7,4.95,50.4,2681,tablet,Midwest,premium,groceries
102492,37.9,97.8,35.4,4.28,114.97,0.131,2.4,66.4,3,1,40.3,3,4.63,55.2,2326,tablet,West,plus,electronics
102493,40.3,72.7,12.2,3.7,63.17,0.419,21.7,47.7,2,2,40.1,13.2,4.84,51.2,1583,mobile,South,basic,home
102494,38,52.4,17.5,6.29,27.91,0.613,12.2,35,1,1,15.1,6.4,5,53,865,mobile,West,basic,groceries
102495,40.2,95.8,19.5,6.19,58.68,0.542,9.1,85.9,3,2,1.9,4.3,5,50.5,1684,mobile,Midwest,basic,electronics
102496,40.3,93.3,30.8,8.69,41.39,0.316,7.3,60.6,4,3,8.7,12,5,49.9,1900,mobile,South,plus,groceries
102497,28.1,95.3,1.8,2.34,54.89,0.311,17,95.4,7,4,19.2,5.1,3.95,55.8,1356,mobile,West,basic,groceries
102498,35.3,77,5.8,6.4,81.03,0.133,14.6,,4,7,10.9,9.2,4.75,42.3,2421,mobile,Northeast,basic,
102499,45.1,116.8,40.1,6.13,90.96,0.316,6.1,38.7,2,4,10.4,12.2,5,58.7,2353,desktop,West,plus,electronics
102500,35.6,95.1,22.1,3.88,58.45,0.414,13.6,118.4,5,1,23.6,3.3,5,81.2,1716,mobile,West,basic,
102501,35.5,101.8,9.8,5.02,54.43,0.121,15.9,115,4,5,34.2,11.3,5,52.7,1847,mobile,Northeast,premium,groceries
102502,36.3,79.9,22,7.34,57.05,0.449,14.3,98.4,0,2,3.2,9.5,4.9,55.4,1282,mobile,Midwest,plus,groceries
102503,48.7,80.9,32.1,5.1,83.77,0.111,7,60.8,2,1,16.8,10.1,5,50.4,2603,tablet,Northeast,premium,electronics
102504,33.1,105.4,37.1,4.31,112.98,0.259,5.6,53.1,0,2,1.2,8.6,5,61,2995,mobile,Northeast,premium,home
102505,24.3,69.7,26.3,3.67,30.72,0.503,9.2,61,1,1,17.6,12.7,4.24,48,1153,mobile,Midwest,plus,groceries
102506,45.8,80,18.2,10.69,77.75,0.544,8.8,50.3,1,0,5.4,15.5,5,55.6,2224,mobile,West,plus,home
102507,31.8,81.4,15.6,2.65,48.84,0.122,28.4,,2,2,0,7.4,4.84,72.6,1398,mobile,Northeast,plus,electronics
102508,30.4,45.2,4.9,2.35,77.09,0.223,15.5,46.1,1,0,18.7,9.1,,63.8,2000,tablet,West,basic,home
102509,41.4,109.9,42.5,8.87,86.49,0.316,12,47.5,4,3,16.1,4.4,5,57,2327,tablet,South,premium,
102510,18,95.7,6.3,4.26,95.77,0.139,9.9,97.3,1,3,23.6,9.5,4.78,48.7,2057,mobile,Northeast,basic,groceries
102511,19.6,81.1,27.3,10.11,58.78,0.386,15.6,26.8,4,2,7.4,7.9,5,65.4,2478,mobile,West,plus,electronics
102512,23.1,87.9,22.6,5.44,39.38,0.455,14.2,,2,0,0.3,9.1,5,58.2,1573,mobile,West,basic,groceries
102513,33.3,,13.1,4.96,34.45,0.6,2.5,63,2,0,22.2,3.9,5,55.2,1414,mobile,West,basic,groceries
102514,41,91.2,39.3,6.08,89.45,0.289,8.8,81.6,0,2,16.4,8.7,5,52.6,2053,mobile,West,plus,electronics
102515,44.5,60.2,18.3,6.97,30.27,0.475,9.6,40.2,1,1,14.5,3.3,,33.2,1380,mobile,South,plus,home
102516,50.9,53,46.1,6.59,50.26,0.434,17.4,67,1,1,10.8,19.9,4.34,61,2270,desktop,Midwest,premium,electronics
102517,34.7,83.4,32.6,3.72,74.32,0.467,1.1,64.7,2,3,10.3,15.7,,44.4,1894,,Midwest,premium,electronics
102518,40.3,91.9,19.7,7.38,52.21,0.689,6,52.8,4,2,9.7,10.8,5,35.9,1906,mobile,Northeast,plus,beauty
102519,34.9,32,15.8,7.79,63.66,0.311,7.2,58.5,0,1,16.2,8.8,5,51.1,2231,desktop,South,premium,groceries
102520,48.7,50.7,26.5,6.28,44.51,0.725,18.7,19.6,2,1,21.7,0.2,5,63.1,1224,mobile,Northeast,plus,groceries
102521,41.7,78.1,35.3,9.16,58.82,0.569,10,44.8,7,3,11.9,18.3,4.95,43.6,2469,desktop,Midwest,premium,groceries
102522,32.7,43,50.9,8.05,30.11,0.668,5.3,63.4,1,0,25.6,5.4,5,43.1,1342,mobile,Northeast,basic,home
102523,46.7,59.1,1,6.44,34.34,0.65,10.3,50.1,1,0,19,8.9,5,52.2,1347,desktop,Midwest,plus,home
102524,31.9,47.6,34.1,10.42,66.68,0.468,10.5,60.9,0,2,1.2,8.3,5,40.7,2343,desktop,Midwest,premium,electronics
102525,26.1,56.7,22.2,7.93,49.61,0.68,16.7,46.3,2,1,5.8,7.9,5,55.6,1597,desktop,West,plus,home
102526,50.3,55.8,22.7,4.33,24.88,0.306,11.8,30.1,0,0,14.1,15.4,4.64,56,657,desktop,West,plus,home
102527,44.8,132.7,6,4.75,95.32,0.219,10.7,34.9,0,1,15.4,5.4,5,65.9,2397,,Northeast,basic,beauty
102528,30.4,63.8,11.5,5.94,31.6,0.501,19.1,,2,1,11.6,12,4.46,54,1395,mobile,South,plus,home
102529,30.7,,11.5,3.31,66.34,0.362,14.6,105.8,3,0,33.5,2.9,,61.2,1280,desktop,West,plus,beauty
102530,35.7,73.9,54.3,9.59,59.13,0.429,12.6,48.8,5,3,14.7,9.6,5,43.2,2426,mobile,Midwest,basic,electronics
102531,43.7,58.2,20.6,6.23,27.84,0.615,17.1,54.1,1,0,13.7,6.9,5,41,1568,tablet,South,basic,home
102532,27.4,,20.2,5.18,56.44,0.362,15.1,75.8,0,2,0,16.2,5,65.7,1277,mobile,Midwest,basic,home
102533,36.2,97,16.5,6.77,115.23,0,7.4,77.7,0,0,12.5,10.4,5,56.9,2678,desktop,West,premium,beauty
102534,31.7,47.2,27.8,7.44,17.91,0.885,11.3,58.6,2,0,10.2,9.6,5,43,1440,mobile,South,basic,groceries
102535,36.3,49.4,1,10.19,49.51,0.066,14.6,45.7,1,1,2.1,14.5,5,69.1,1906,mobile,Midwest,plus,groceries
102536,24.7,124,30.9,2.93,147.33,0.167,10.7,84.1,0,2,16.6,14.7,4.61,57.1,2950,tablet,Midwest,premium,electronics
102537,23.3,,3,5.11,71.69,0.512,17.3,61.8,3,1,41.4,9.3,,61,2016,mobile,West,premium,home
102538,40.5,46.6,23.7,2.67,44.85,0.638,9.9,82.6,1,2,19.2,5.5,4.24,67.6,1247,tablet,Midwest,basic,groceries
102539,37.2,87.4,48.4,3.28,93.19,0.059,13.5,77.1,1,2,27.7,2.7,4.02,52.4,2226,mobile,Northeast,premium,electronics
102540,42.9,85.3,51.9,5.08,98.67,0.316,10.7,58.4,0,1,6.9,13.4,5,48.3,2651,desktop,Northeast,premium,groceries
102541,32.7,,38.9,5.6,29.64,0.888,8.7,54.9,2,0,3.4,5.3,4.7,39.5,1297,mobile,Midwest,basic,groceries
102542,22.9,42.7,25.2,5.44,22.52,0.539,6.7,67.8,4,0,26.1,0.2,5,57.8,1077,mobile,South,plus,home
102543,45,76,54.1,2.65,107.65,0.03,1,57.3,0,2,14.5,6.8,5,34.2,2632,tablet,Midwest,premium,electronics
102544,43.9,139.2,31.2,4.77,23.57,0.345,12.8,28.5,2,1,1.8,1.2,5,55.5,1316,mobile,West,basic,
102545,42.4,36.8,30.9,5.85,22.94,0.671,9.6,37.5,1,3,9.8,8.7,,41,500,desktop,South,plus,home
102546,33.9,57.4,9.9,5.41,39.26,0.586,16.6,45.6,3,2,14.3,6.3,5,58.9,1638,mobile,West,basic,electronics
102547,37.1,65.3,36.9,8.57,25.72,0.486,10,65.4,0,2,16.6,11.7,5,58.6,1441,desktop,Northeast,basic,home
102548,36.3,103.7,23.6,4.48,94.31,0.285,18.6,129.5,3,2,32.6,12.4,5,51.7,2185,mobile,Northeast,premium,groceries
102549,33.4,82.6,22.2,5.06,44.61,0.334,3.1,86.6,4,4,22,10.3,4.56,54.3,1100,mobile,South,basic,groceries
102550,31.6,87.3,41.8,5.06,48.56,0.627,10.1,33.6,2,0,3.2,8.3,5,49.5,1202,tablet,Midwest,basic,groceries
102551,39.7,128.8,51.8,3.82,79.81,0.062,3.5,76.6,2,3,18.7,11.4,5,49.6,2335,mobile,West,premium,electronics
102552,35.1,62.7,1,9.87,58.09,0.651,9.9,43.1,2,2,8,5.8,5,61.9,1952,desktop,Midwest,basic,groceries
102553,49.1,83.8,21.7,5.31,75.92,0.276,8.1,38.9,1,0,13.6,13.2,5,53.9,1877,mobile,South,plus,home
102554,49.7,44.5,26.7,8.64,26.83,0.433,4.7,8.4,1,3,11.3,5.3,5,57.1,1228,desktop,South,basic,home
102555,42.2,157.1,49.5,4.15,92.46,0.368,13.3,,0,1,21.8,15.5,5,58.1,2661,mobile,South,premium,electronics
102556,55.1,123.4,61.4,2.61,134.18,0.193,4.3,33.2,1,0,5.6,10.1,5,54.9,3047,mobile,Midwest,premium,home
102557,48.8,100.7,67.9,3.6,79,0,8.7,75.7,1,2,4,11.1,5,63.7,2742,mobile,West,premium,home
102558,45.1,110.5,24,5.3,103.75,0.165,7.2,77.8,4,2,29.7,14,5,47.5,3012,,Midwest,premium,electronics
102559,48.9,47.9,22,6.5,29.32,0.612,9,40.5,0,1,11.7,1.5,5,58.8,1290,desktop,West,basic,groceries
102560,41.1,23.8,31,1.86,28.03,0.245,15.7,30.9,2,1,11.2,7.8,4.69,50.9,564,mobile,South,basic,groceries
102561,43.1,65,43.7,8.18,43,0.265,8.5,51.9,4,4,3.4,13.3,5,57.8,2004,mobile,West,premium,home
102562,41.2,57.9,16.6,6.13,36.04,0.547,13.5,35.8,2,0,12.4,6.7,,49.8,1515,tablet,Midwest,plus,groceries
102563,37,109.6,21,8.8,67,0.429,4.2,,1,1,4.2,14.1,5,48.5,2573,mobile,Midwest,plus,groceries
102564,45.2,58.9,9.2,5.06,30.95,0.649,7.3,,0,2,15.8,4.9,5,51.4,968,mobile,Midwest,basic,groceries
102565,47.5,66.2,43.1,0.62,17.87,0.649,4,64.1,1,1,5.1,2.9,3.81,48,899,desktop,West,basic,
102566,35.5,102.8,31.7,9.27,52.21,0.386,5.2,58.5,2,2,6.6,6.9,5,36.8,2028,mobile,South,basic,beauty
102567,48,77.1,17.6,6.27,49.13,0.51,10.7,51,2,2,12.5,6.9,5,54.8,1453,desktop,South,basic,groceries
102568,43.9,104.8,28.1,4.51,93.81,0.296,4.4,,0,0,23.3,9.2,5,45.9,2444,tablet,Midwest,premium,groceries
102569,44.7,,19.3,7.76,71.57,0.585,3.5,43.3,2,2,10,17.5,5,44.5,1954,desktop,South,basic,groceries
102570,26.9,65.3,28,4.18,30.19,0.66,12.1,67.1,0,0,18.5,4.5,5,39.3,1223,mobile,South,basic,beauty
102571,32.1,116.5,24.7,5.47,75.45,0.201,0.1,39,0,0,11,10.1,5,20.9,2283,mobile,South,premium,groceries
102572,40.1,137.6,4.2,1.59,44.7,0.112,8.4,58.9,3,8,14.6,11.8,2.67,42.1,1228,,Northeast,plus,electronics
102573,44,66.9,10.4,7.03,68.42,0.398,6.9,30,0,2,12.6,11.3,5,50.4,2392,desktop,South,plus,home
102574,29.8,,19.3,5.94,51.63,0.262,5.3,59.9,1,0,16.3,8.1,5,51.3,1954,mobile,West,basic,home
102575,39.9,34.6,26.7,10.84,96.26,0.572,16.6,14.3,1,0,9.6,13.7,5,65.7,2827,desktop,Midwest,premium,groceries
102576,42.3,69.3,16.6,5.14,40.4,0.854,12.7,70.7,0,1,4.9,3.5,4.43,40.2,1484,mobile,South,plus,electronics
102577,24.5,51.5,29.5,6.54,28.81,0.519,14.2,15.6,0,1,11.7,3.7,5,48.8,1382,desktop,South,basic,groceries
102578,28.5,88.9,16.8,4.19,48.76,0.216,17.2,77.4,3,4,17.1,10.1,4.87,67.7,1776,mobile,West,plus,groceries
102579,46.6,94.3,24.5,6.55,60.32,0.284,8,,1,1,5,7.1,5,52.7,1917,mobile,South,basic,home
102580,30.9,,12.7,3.37,98.24,0.489,20.6,83.7,1,3,21.2,6.6,4.29,52.5,2389,mobile,Midwest,basic,groceries
102581,40.7,87,42,5.66,94.91,0.461,4.8,33.7,0,0,2.6,11.7,,38.5,2484,desktop,Northeast,plus,groceries
102582,41,,21.9,11.42,75.35,0.398,6.6,22.3,1,2,5.5,12,5,56.2,2362,mobile,Midwest,basic,home
102583,42,97,26.1,2.54,53.03,0.45,4.7,47.2,0,1,2.4,9,5,55.1,1847,mobile,Midwest,premium,home
102584,33.6,90.2,24.5,5.86,19.58,0.051,27.8,,0,1,13.8,4.7,5,72,1396,tablet,West,premium,groceries
102585,47.3,100,16.6,6.14,56.19,0.576,5.3,,2,2,16.4,7.8,5,47.4,1515,mobile,West,plus,groceries
102586,48.5,51.5,17.3,4.94,26.79,0.379,13.3,91.5,3,0,8.9,0.2,5,59.3,813,desktop,Northeast,basic,groceries
102587,44.6,84,7.5,1.44,58.11,0.09,8.2,116.1,3,1,28.7,8.7,4.94,42.8,1445,mobile,Midwest,plus,beauty
102588,38.2,58.4,22.8,3.34,36.19,0.727,12.7,64.9,1,1,16.4,8.8,4.26,45,1534,mobile,South,plus,groceries
102589,32.4,130.2,20.9,4.4,125.57,0,19.9,87.5,2,3,22.9,2.7,5,48.1,2795,mobile,West,basic,groceries
102590,33.1,,26.2,9.09,77.12,0.294,6,23.8,1,3,4.7,13.1,,42.2,2485,desktop,Midwest,basic,electronics
102591,40.5,117.1,32.2,3.96,97.42,0.127,11.1,48.3,2,3,9.5,6.6,5,44.8,2501,mobile,West,plus,electronics
102592,45.1,130.8,52.8,5.23,105.54,0.282,6.5,42.9,1,1,7.7,15.3,5,53.6,2271,mobile,South,plus,groceries
102593,34.2,103.9,51.9,2.14,99.83,0.182,12.9,94.3,0,1,11.5,10.6,5,62.8,2338,mobile,Midwest,premium,home
102594,47.6,102,49.9,6.33,61.09,0.61,6.2,35.8,2,3,2,7.6,4.72,39.4,1538,desktop,South,basic,electronics
102595,27.9,82.3,1.9,1.92,57.73,0.238,20.9,52.9,1,4,0,8.6,,48,1174,mobile,West,basic,beauty
102596,52.1,74.6,28.5,9.1,70.09,0.3,16.2,,4,1,10.3,9.2,5,57.5,2063,mobile,South,basic,groceries
102597,42.3,136.9,45.7,5.15,87.73,0.107,4.7,,3,3,23.1,16.1,4.54,56.8,2773,mobile,Midwest,premium,electronics
102598,28.4,70,1,1.3,44.07,0.449,8.2,73.4,1,2,4.9,2.8,4.82,59.1,1280,mobile,Northeast,basic,home
102599,57.4,61.4,19.3,9.74,84.04,0.453,0.3,61.4,0,2,17.2,4.1,5,46.5,2352,mobile,South,basic,electronics
102600,36.7,63.4,23.1,7.12,14.02,0.502,6.1,59.4,2,1,15.2,5.7,5,55,1151,tablet,South,basic,home
102601,26.5,67.9,21.9,10.75,71.68,0.424,7.9,35.4,1,1,0,12.7,5,54,2662,desktop,South,premium,groceries
102602,57.8,102.8,26.2,7.13,57.9,0.278,0.1,78,0,1,16.1,8.7,5,47.3,2023,desktop,Northeast,premium,home
102603,49.3,110.5,36.7,3.11,96.86,0.174,0.1,44.9,0,0,9.5,14.4,5,38.9,2241,tablet,Northeast,premium,home
102604,47.4,66.2,27.3,7.63,85.14,0.536,8.5,39.8,3,2,6.6,9,5,51.6,2475,mobile,Northeast,basic,groceries
102605,38.1,88.2,47.8,8.17,89.66,0.499,6.9,65.3,2,1,10.5,13,5,48.7,2379,mobile,South,plus,home
102606,21,64.1,12.5,8.83,36.86,0.782,10,,0,1,18.2,8.5,5,47.4,1663,mobile,Northeast,basic,beauty
102607,42.2,24.8,20.7,4.9,27.54,0.549,10.8,66.9,0,1,0.3,5.7,5,73.9,1019,tablet,West,basic,beauty
102608,48.8,83,34.4,8.3,61.7,0.342,7.5,,2,1,6.2,6.2,5,33.6,2044,mobile,South,basic,home
102609,39.5,79.9,15.6,6.79,42.07,0.524,7.8,36.4,2,3,16.7,9.3,5,54.3,1605,mobile,South,premium,electronics
102610,46.5,91.3,48,5.41,108.77,0.17,6.5,60.1,0,0,24.1,9.5,5,56.2,2799,,Northeast,premium,groceries
102611,46.6,,36,8.92,55.73,0.288,9.2,51.4,5,3,7.5,11.9,5,42.3,2119,mobile,South,plus,groceries
102612,29.2,66.2,7.7,4.69,81.15,0.068,15.7,123.5,4,3,49.7,3,5,57.3,2256,desktop,Midwest,premium,groceries
102613,34.2,52.6,24.2,8.34,26.93,0.595,15.4,56.3,2,1,4.2,8,5,59.1,1577,desktop,Northeast,basic,groceries
102614,41,156.1,15.5,2.69,87.88,0.147,3.7,,1,2,14,6.6,,47.8,2130,mobile,South,basic,home
102615,28.6,52.1,34.3,4.94,81.25,0.371,20.6,56.2,2,1,15.4,6.1,5,54,2332,mobile,South,premium,groceries
102616,55.5,42.8,42.8,6.02,32.62,0.372,14.4,33.7,3,0,6.3,9.4,5,61.5,1682,desktop,West,basic,groceries
102617,36.2,91.8,1,9.02,78.83,0.407,2.8,,1,1,15,5.4,5,32.3,2091,tablet,Midwest,plus,beauty
102618,26.8,82.8,22,4.92,43.59,0.295,13.2,134.7,6,3,14.8,15.9,3.16,65.4,1313,desktop,Northeast,basic,
102619,46.2,89,31.2,6.8,87.79,0.084,8.9,70.5,1,2,2.9,7.2,,67.1,2595,mobile,West,premium,home
102620,43.4,44.7,1,6.73,26.38,0.828,12.5,36.6,1,0,18.6,8.6,5,48.3,1017,tablet,West,basic,groceries
102621,25.6,108.2,9.1,5.78,87.56,0.187,8.6,56.2,0,2,2.5,12.5,4.99,59.8,2514,desktop,West,basic,electronics
102622,60.2,107.5,47.1,6.97,86.79,0.235,3.5,,2,0,10.3,12.2,5,60,2601,tablet,West,premium,
102623,47.4,69.1,33.6,8.59,44.82,0.349,4.3,35.1,0,1,13.3,11.1,5,35.4,1373,mobile,Midwest,basic,home
102624,35.8,58.7,21.2,7.38,69.87,0.319,11.6,20.9,0,1,4.8,14.6,5,61.7,1629,mobile,West,plus,groceries
102625,40.1,57.4,46.1,8.38,59.27,0.442,10.1,72.7,1,0,10,8.4,5,71.9,1663,mobile,Midwest,plus,groceries
102626,28.6,53.2,17.7,2.92,23.83,0.618,14.9,65.7,1,1,22.3,1.6,3.55,52.9,1115,desktop,Midwest,basic,groceries
102627,29.1,106.5,11.2,5.26,65.34,0.079,17.8,85.2,4,1,27.2,10.8,5,59.2,1930,mobile,Northeast,basic,home
102628,48.1,82.1,22.4,5.82,87.91,0.382,12.5,81,0,0,8.5,16.1,5,51.1,2049,desktop,South,basic,groceries
102629,39.6,,40,8.97,48.47,0.434,4.8,38.1,4,1,15.8,10.1,5,59.6,1235,desktop,Midwest,basic,home
102630,55.2,109.9,37.9,4.82,140.52,0.213,2.8,63.5,2,1,24.2,14.3,,57.3,2697,mobile,West,plus,
102631,40,,17.2,11.07,38.36,0.54,3.5,4.8,2,3,1.5,17,5,36.1,1646,mobile,South,plus,groceries
102632,37.7,83.5,7.9,5.02,43.89,0.602,10.2,51.6,2,2,5.2,3.5,5,45.2,1445,mobile,Midwest,basic,home
102633,35.7,109.5,49,8.69,102.03,0.181,13.4,,1,0,21.5,11.6,5,65.8,3132,desktop,Midwest,premium,groceries
102634,51.1,93.1,34.3,5.3,116.73,0,9,,0,1,11.5,10.3,5,46.7,2338,mobile,Northeast,plus,home
102635,34.6,,8.6,4.65,71.63,0.335,19.2,101.2,4,4,0,5.8,5,64.6,1937,mobile,Midwest,premium,groceries
102636,49.6,54,11.2,5.35,22.73,0.642,14.9,56.7,1,3,17.6,11.2,4.41,66.4,1165,mobile,West,plus,groceries
102637,39.5,78.2,37.6,7.22,73.96,0.399,11.1,69.9,2,2,0,10.7,5,68.5,1895,,West,basic,groceries
102638,42.5,76.8,19,7.81,22.63,0.588,8.8,24.5,2,1,22.8,0.8,5,66.5,1489,,South,basic,groceries
102639,28,,6.9,8.46,74.4,0.322,4.2,46.5,4,1,5.6,12.7,,46,2168,mobile,Northeast,plus,groceries
102640,56,71.9,23.1,4.78,44.75,0.685,15.7,10.9,0,1,11.5,8.8,4.9,60.3,1401,mobile,South,basic,groceries
102641,46.8,92.3,45.7,5.62,107.33,0.304,7.8,58.4,1,1,11.5,11.7,5,56.2,3108,mobile,South,premium,beauty
102642,47.8,58.7,19.9,9.26,38.35,0.679,7.2,52.7,0,0,21.6,5.7,,50.2,1414,mobile,West,basic,home
102643,44.3,74.1,20,7.18,37.5,0.64,11,50,4,0,26.8,6.3,5,52.5,1521,mobile,Midwest,premium,groceries
102644,50.8,81.2,42.3,3.08,49.24,0.235,16.1,117.2,4,4,43.5,11.4,5,66.9,2467,mobile,Midwest,premium,electronics
102645,46.5,102.6,37.5,3.94,115.7,0.191,0.7,82.6,1,2,27.8,7.8,4.61,47.4,2887,mobile,Midwest,basic,home
102646,38.4,80.5,27.8,7.87,33.74,0.558,5.5,42.3,1,2,13,7.4,5,42.1,1827,desktop,Midwest,basic,beauty
102647,45.3,100.4,30.8,6.85,105.08,0.219,4.7,98.5,3,3,27.2,4.3,5,53.2,2703,mobile,Northeast,premium,electronics
102648,32.7,105.2,21.3,3.57,96.73,0.239,8.5,65.3,2,2,13.2,18.4,4.79,46.6,2109,mobile,Midwest,plus,
102649,39.6,66.8,30.5,7.65,34.39,0.417,12.9,21.5,2,3,11.1,14,5,57,1618,desktop,South,plus,groceries
102650,44.3,86.6,18,4.37,27.93,0.324,12.2,90.4,2,0,14.8,2.3,5,63.1,898,tablet,South,basic,groceries
102651,18.5,60.3,18,6.89,23.17,0.662,12.3,62.7,4,1,2.4,9.8,5,51.8,1081,mobile,South,basic,electronics
102652,43.6,146.8,30.7,6.07,73.93,0.051,12.4,52.1,2,0,37.1,4.4,5,53,2323,mobile,West,basic,beauty
102653,62,72.6,26.1,5.7,31.73,0.885,17.6,36.8,1,1,15.8,4.6,,62.1,1745,desktop,Midwest,premium,groceries
102654,23.6,28.1,35.9,8.41,23.54,0.561,9.9,57.8,1,2,13,10.6,5,58.2,1815,desktop,South,basic,home
102655,43.7,67.4,28.2,4.28,43.6,0.749,9.1,75,2,2,20.4,5.5,4.95,66.2,945,tablet,Midwest,plus,home
102656,42.1,57.6,46.8,5.62,56.28,0.488,6.9,33.6,5,3,6.3,9.4,,58.4,1836,desktop,West,plus,electronics
102657,44.7,55.9,25,9.6,58.23,0.517,10.3,38.7,2,0,6.1,19.6,4.79,48.9,1849,desktop,South,basic,home
102658,48.4,104.4,34,7.59,71.28,0.262,13.3,65.4,3,2,0,10.9,5,62.9,1816,desktop,Midwest,basic,groceries
102659,42.4,60.6,24.3,7.01,58.6,0.284,10,44.4,5,1,0.5,15,4.86,59.3,1547,desktop,South,plus,groceries
102660,42,40.4,13.9,7.26,20.63,0.554,15.6,51.3,0,1,15.5,3.6,5,49.2,1297,desktop,Midwest,basic,groceries
102661,47.5,89,11,6.78,116.44,0.347,10.2,55.2,1,2,24.3,7.3,5,69.5,2612,mobile,Northeast,plus,groceries
102662,49,,1,7.51,67.46,0.465,11.5,,2,2,17.2,10.8,5,45.8,1895,mobile,South,plus,home
102663,37,71.9,1,2.48,103.61,0.442,23.7,56.3,3,0,44.2,11.3,4.3,54.9,2258,mobile,West,basic,beauty
102664,35,83.5,32.7,7.99,75.65,0.19,6.4,22.9,1,0,0,11.2,5,59.4,1770,mobile,Northeast,basic,beauty
102665,18,56.1,9.2,5.21,26.78,0.274,11.9,118.3,6,2,31.5,13.4,3.75,55.5,1085,mobile,West,basic,groceries
102666,63.3,59.8,41.3,5.85,73.21,0.722,2.9,,2,2,0.1,10.8,5,39.6,1589,desktop,South,basic,groceries
102667,25.6,52.4,32.7,7.55,43.61,0.562,7.9,69,1,0,10.2,1,5,66.2,1825,desktop,West,basic,home
102668,45.6,88.1,37.5,8.35,49.54,0.596,3.6,42.7,3,4,0,9,5,38,1896,mobile,Midwest,basic,electronics
102669,18,40,24.2,5.93,33.42,0.521,2.9,31.8,1,0,16.5,8.8,5,34.7,839,desktop,Midwest,plus,
102670,43.5,,29.8,5.68,60.59,0.201,10,41.4,2,1,6.3,9.4,5,57.3,1666,desktop,Midwest,premium,groceries
102671,24.2,59.9,11.8,8.05,36.97,0.47,10,63,3,1,9.1,13.4,5,56.8,1535,mobile,Northeast,basic,groceries
102672,39.5,86.4,31,4.15,32.06,0.707,7.6,,1,1,11.2,6.2,5,32.6,2029,,Northeast,premium,home
102673,40.1,87.5,37.7,8.74,57.79,0.503,5.4,,2,4,12.9,16.1,5,45.3,1527,mobile,Midwest,basic,home
102674,46.2,132.7,36.4,4.1,91.68,0.232,11.2,,1,0,12.8,9.2,4.97,66.8,2477,mobile,West,premium,groceries
102675,18,100.1,20.9,6.32,34.41,0.461,4.8,41,2,0,6.6,9.6,5,42.1,1699,mobile,South,premium,groceries
102676,46.1,67,28.9,9.06,44.06,0.54,14,47.1,1,0,16.5,10.7,5,46.4,1466,desktop,West,basic,groceries
102677,36.9,81.3,8.6,2.76,82.2,0.391,9.9,85.6,2,3,19,5.3,4.62,55.7,1995,tablet,Northeast,basic,beauty
102678,18,51.8,16.9,6.09,30.75,0.64,10.2,48.8,1,0,13.2,2.1,5,43.5,1153,mobile,Northeast,basic,groceries
102679,36.7,86.5,24.7,3.72,55.57,0.446,21.9,69.3,2,4,16.7,3.7,5,79.2,1891,mobile,Northeast,basic,electronics
102680,18,95.4,8.1,5.31,78.33,0.247,20.7,38.7,1,1,33.4,0.8,5,49.4,2435,tablet,South,basic,
102681,29.8,60.6,11.2,8.44,33.18,0.712,19.5,72.2,1,3,14,6.7,5,54.8,1503,desktop,South,basic,electronics
102682,42.4,99.5,5.2,4.93,97.46,0.288,11,,2,0,18.2,4.2,5,40.1,2838,mobile,South,plus,home
102683,29.9,65,18.4,4.43,65.54,0.312,11.5,,3,2,17.2,11.5,5,51.6,2062,,Midwest,premium,groceries
102684,26.1,49.5,25.6,4.65,69.78,0.047,0.8,78.3,3,4,25.1,10.1,,40.3,1834,mobile,Northeast,plus,groceries
102685,48.6,69.7,23.6,8.15,39.09,0.541,14.3,36.5,3,3,19.1,17.5,4.99,55.7,1730,mobile,South,premium,groceries
102686,48,50,22.9,7.93,31.06,0.695,0.6,57.4,1,0,14.3,6.2,5,40.5,1433,desktop,South,basic,groceries
102687,31.7,158,52.2,2.95,71.89,0.075,2.9,45.1,1,2,2.2,7.4,5,60.4,1792,tablet,Midwest,basic,electronics
102688,45.2,,29.8,5.01,41.34,0.525,13.1,78.6,2,1,33.9,7.9,4.66,48.3,1418,tablet,Northeast,plus,groceries
102689,57.3,97.3,31.2,4.5,94.89,0.076,8.5,90.4,5,0,22.1,9.7,5,43.2,1804,desktop,Northeast,basic,home
102690,39.9,,35.6,7.97,69.92,0.443,13.5,66.9,1,0,8.7,8.3,5,52.2,1735,desktop,Midwest,plus,home
102691,41,86.3,25.4,10.26,41.3,0.636,9.3,45.1,1,2,17.5,8.3,5,64.1,1409,mobile,South,premium,beauty
102692,47.9,60.4,20.9,1.23,19.73,0.599,12.2,65.9,1,2,0,6.3,4.3,37.8,1050,mobile,South,plus,groceries
102693,33.5,46.1,10.9,7.14,10.02,0.847,15.6,29.9,4,2,0,6.6,4.85,63.9,772,mobile,Northeast,plus,groceries
102694,63,90.8,26.9,6.53,124.27,0.283,5.6,61.7,1,3,21.9,13.8,4.74,54.8,2776,mobile,Northeast,plus,beauty
102695,43.1,,33.5,7.22,26.99,0.508,14,,1,0,7.8,12.3,5,39,1390,desktop,Northeast,plus,groceries
102696,40.9,95.1,1,2.28,62.39,0.161,15.2,79.4,1,1,32.5,5.9,3.49,67.5,1380,desktop,Northeast,basic,home
102697,24.3,82.9,23.7,4.97,68.75,0.333,22.4,50.1,2,3,23.6,9,4.32,43.6,1487,mobile,West,basic,home
102698,54.2,81.7,46.6,3.79,98.27,0.187,19.2,87.7,2,3,21.3,6.2,5,42.5,2439,mobile,Midwest,premium,electronics
102699,30.7,40.5,15.6,8.39,22.36,0.496,13.2,56,0,2,18.5,6.2,4.56,59.2,1669,mobile,Midwest,plus,home
102700,39.1,67.8,27.8,8.57,34.77,0.829,13.2,70.9,1,2,3.2,5.5,5,56,2077,desktop,West,basic,home
102701,33.6,41.5,36.9,5.92,32.2,0.432,23.4,44.2,1,2,18.1,6.2,4.38,74.2,1232,mobile,West,basic,home
102702,38.5,106.6,11.6,3.19,56.31,0.261,12.4,119.4,2,3,16.8,1.7,5,56.9,1276,mobile,West,basic,beauty
102703,34.8,51.6,11.7,5.99,76.51,0.202,8.6,,1,1,32.6,10,5,40.2,2359,mobile,Midwest,premium,home
102704,33.2,40.3,1.2,4.67,62.76,0.304,29.4,64.2,4,1,24,6.8,5,49.8,1767,mobile,Northeast,basic,beauty
102705,32.9,72.8,25.3,1.58,26.43,0.506,9.1,43,1,0,20.1,2.2,5,34.6,741,mobile,West,plus,groceries
102706,25.1,106.8,20.6,2.19,57.5,0.61,16.5,94.3,2,3,15.1,4.8,4.88,56.2,1913,mobile,West,premium,groceries
102707,49.8,103.2,43.9,4.96,86.79,0.3,9.4,,0,2,14.2,13.2,5,47.5,2313,mobile,South,basic,electronics
102708,38.8,77.5,39.7,8.36,59.8,0.328,13.6,42.3,0,1,1.4,15.4,,36.8,1866,desktop,Midwest,plus,groceries
102709,33.1,78.4,35.3,3.31,43.51,0.267,19.9,25,3,1,19.9,13.1,4.53,56.8,1113,mobile,Midwest,basic,home
102710,49.1,73.2,27.4,7.46,65.44,0.462,11.4,30.3,6,2,27.5,7.5,5,50.4,2018,desktop,South,plus,groceries
102711,25.1,45.1,27,6.76,36.58,0.746,8.4,74.3,2,0,0,6.4,5,63.8,1577,mobile,West,basic,groceries
102712,47,60.2,30.1,5.13,38.44,0.562,9.4,71.5,2,1,10.3,4.8,5,44.3,1240,mobile,Midwest,basic,home
102713,32.7,89.7,7.1,3.09,69.56,0.205,9.2,64.6,0,2,0,3.4,4.73,59.5,1799,mobile,West,plus,groceries
102714,36.8,107.4,34.5,6.41,71.5,0.486,10.1,79,3,7,0,11.2,,58.1,2267,desktop,Midwest,plus,
102715,40.2,72,19.5,7.6,28.51,0.723,3.1,52.6,1,2,3.6,6.6,5,51.2,1426,mobile,West,plus,groceries
102716,18,62.9,9.5,3.52,29.14,0.741,8.1,55.8,0,1,7.7,16.1,3.01,59.5,1207,desktop,West,plus,home
102717,41.8,79.1,53.6,4.3,66.98,0.439,11.5,70.3,2,1,5.2,7.9,4.91,54.3,2191,desktop,Northeast,premium,home
102718,41.6,,5.5,5.64,68.12,0.421,7.4,69.8,0,1,11.7,10.2,5,53.4,1785,desktop,South,basic,home
102719,51.4,63.9,36.9,7.77,29.68,0.703,16,21.8,1,1,11,5,5,47.1,1557,mobile,Northeast,basic,home
102720,32.1,,36.6,4.48,108.59,0.202,3.5,,3,3,23.4,12.7,5,64.9,2445,mobile,South,basic,beauty
102721,40.7,82.5,4.7,5.94,49.03,0.339,13.3,,5,3,22.3,11.2,5,60.9,1236,mobile,Northeast,basic,groceries
102722,46.1,110.1,13.1,7.7,60.94,0.424,10.7,,1,1,0.5,9.7,5,54.6,2598,desktop,West,plus,electronics
102723,39.4,115.3,38.6,3.18,123.27,0.251,16.3,44.3,0,0,22.4,11.6,5,53,2886,desktop,West,basic,home
102724,30.1,,47.6,4.85,24.7,0.78,5.4,63.7,1,0,16.7,9.1,5,46.4,844,mobile,Midwest,basic,home
102725,46.7,61.8,46.4,3.34,83.28,0.416,6.3,87.8,1,0,7.8,14.9,3.75,55.1,1958,mobile,Midwest,plus,home
102726,30.7,105.3,15.6,4.4,70.25,0.658,15.7,33.3,3,0,7.3,13.2,5,25.1,2188,mobile,South,plus,beauty
102727,42,74.9,41.7,3.6,119.69,0.124,9,74.2,1,2,27.7,7.7,5,56.6,2478,desktop,Northeast,basic,electronics
102728,32,98.1,41.2,6.46,28.2,0.518,5.4,22,2,0,11.6,10.5,5,52.6,928,mobile,West,plus,home
102729,46.1,48.2,23.6,5.11,21.36,0.247,20,76.5,2,1,8.4,13.4,5,49.1,835,desktop,West,basic,beauty
102730,38,57.2,1.6,7.84,66.41,0.104,24.2,54.6,4,4,38.9,4.2,5,59.2,1879,tablet,South,basic,groceries
102731,33,70.6,54.8,7.27,36.14,0.787,19.8,21.6,0,1,7.2,12,5,65.3,1170,desktop,South,basic,home
102732,53.1,,21.3,10.85,64.67,0.332,5.8,40.6,2,1,12,7.4,5,48.4,1705,tablet,South,plus,groceries
102733,42.5,53.4,24.9,7.91,67.62,0.564,2.4,,0,2,1.2,9.2,5,40.6,2256,mobile,West,basic,home
102734,18,64.6,19.3,3.99,23.23,0.693,10.5,73.6,0,0,3.6,3.9,5,52.9,977,mobile,West,basic,beauty
102735,34.6,58.1,1,6.65,28.82,0.539,13,46.2,3,1,30.2,12.8,5,62.9,1247,tablet,South,plus,groceries
102736,29.3,79.2,48.3,6.78,52.58,0.642,6.8,39.1,2,0,6.7,12.2,5,43.6,1855,tablet,South,premium,groceries
102737,37.1,50.7,1.3,6.14,34.18,0.625,12.9,46.7,1,2,19.2,9,5,52.8,1334,mobile,West,basic,groceries
102738,38.5,102,12.8,4.86,80.51,0.319,25,94.4,12,1,43.9,10,4.39,60.2,2030,mobile,West,plus,groceries
102739,43.9,86.6,18.1,7.06,94.53,0.241,8.9,77.8,0,1,14.8,4.6,5,71.9,2532,desktop,Northeast,basic,electronics
102740,45.6,,8.6,4.25,80.37,0.188,11.4,143.3,4,5,21.3,3.7,4.1,50.8,1832,tablet,South,basic,home
102741,50.1,107.6,1,2.95,65.75,0.129,6.3,82.3,2,0,10.1,12,3.92,50.8,1648,desktop,Northeast,basic,groceries
102742,30.1,106.4,32.6,3.03,133.58,0.15,7.1,93.7,1,2,8.7,6,5,62.1,2196,desktop,West,plus,electronics
102743,44.1,78.4,21.9,7.89,47.3,0.397,10.6,45,3,1,7.9,9.1,5,56.1,2063,desktop,West,plus,groceries
102744,36.4,75.1,11.5,2.35,57.3,0.2,12.9,108.8,4,4,11.5,15.3,3.38,54.7,1809,mobile,West,basic,home
102745,28.8,109.1,7.7,6.62,78.11,0.223,18.8,109.7,3,1,33.9,15.1,5,59.6,2346,tablet,Northeast,basic,groceries
102746,18,65.7,45.8,8.32,30.24,0.653,14.1,48.9,3,0,16.6,5,5,53.3,1208,mobile,South,basic,home
102747,47,61.7,37.7,6.26,42.59,0.697,14.3,45.8,0,1,5.6,7.6,5,44.5,1382,mobile,West,basic,groceries
102748,27.7,112.7,16.9,5.47,47.66,0.275,26.2,115.9,2,0,27.6,11.4,,59.3,1806,mobile,Midwest,premium,groceries
102749,58.3,114.7,23.3,5.78,111.25,0.031,10.8,113.6,0,2,15.6,6.4,5,64.2,2603,desktop,West,plus,beauty
102750,29.5,55.6,23.2,6.64,22.74,0.536,14.6,36.8,1,1,0,5.8,5,46.2,1681,desktop,West,premium,home
102751,31,70.1,19.6,7.51,42.45,0.528,6.2,72.1,4,4,12.6,13.3,,61,1594,,Northeast,plus,electronics
102752,46.2,93.7,28.6,6.52,46.75,0.444,7.9,29.6,4,1,9.6,4.1,5,57.6,1820,desktop,South,basic,electronics
102753,36.1,85.8,21,6.72,71.22,0.585,6.4,,1,3,6,12.6,,28.2,2180,mobile,Midwest,plus,
102754,45.6,128.4,28.3,5.11,88.7,0.186,7.9,70.9,5,0,25.9,10.7,4.85,59.7,2476,mobile,West,plus,home
102755,18,69,24.8,2.66,76.43,0.241,21.7,,4,3,33.1,5.5,4.71,63.7,1436,mobile,West,basic,home
102756,38.8,59.3,23.2,9.09,35.7,0.639,6.6,35.7,1,1,12.5,6,5,42.4,1572,mobile,West,basic,groceries
102757,34.5,89.1,16.1,7.87,30.22,0.624,13.1,72.7,1,0,7,8.8,5,59.8,1645,mobile,Midwest,basic,groceries
102758,39,57.8,24.1,8.3,47.47,0.369,7.6,30.4,1,3,3,5.9,5,42.4,1661,tablet,South,basic,groceries
102759,49.6,,45.1,12.31,64.22,0.601,10,39.9,2,2,2.3,7.5,5,50.4,2761,desktop,West,premium,home
102760,45.4,35.1,38.3,7.4,24.91,0.608,5.3,,0,0,12.6,6.5,5,46.3,1323,mobile,West,plus,home
102761,42.6,57.2,25.3,3.88,74.68,0.476,13.2,73.8,0,2,2,8.7,3.99,61.6,1953,desktop,West,plus,electronics
102762,42.1,98.5,17,8.65,58.81,0.456,8.4,53.9,5,1,9.2,11.2,5,49.1,1934,desktop,West,basic,groceries
102763,18,89.1,48.9,5.59,109.88,0.32,9.3,62.3,2,1,25.2,9,5,42.6,3161,tablet,Northeast,premium,electronics
102764,45.3,,30.4,6,19.65,0.501,12.4,48.8,1,1,3.4,4.6,4.56,64,1294,desktop,West,basic,groceries
102765,50.8,62.6,21.7,5.93,22.63,0.953,16.9,53.3,3,1,3.9,7.9,4.69,64.4,745,desktop,Northeast,plus,electronics
102766,33.9,120,17.5,4.87,48.27,0.372,19,80.1,3,2,43.7,3.2,,53.9,1758,mobile,Northeast,basic,groceries
102767,46.8,36.4,35.1,8.29,52.2,0.433,13.5,36.3,2,3,8.1,3.9,5,48.8,2092,mobile,Northeast,premium,groceries
102768,53.9,74.8,33.6,7.28,75.89,0.497,9.5,23.9,4,1,11.5,9,5,41.7,2247,mobile,South,plus,electronics
102769,33.1,103.1,27.6,0.64,57.21,0.238,18.9,72.5,4,1,44.6,14.9,3.12,44.7,1183,tablet,West,basic,beauty
102770,27,,25.5,7.72,34.26,0.741,18.6,,2,0,30.3,4.2,5,53.2,1219,mobile,Northeast,basic,beauty
102771,25.7,51.2,32.1,6.45,34.89,0.624,9.2,53,0,0,12.3,6.9,5,58.8,1736,mobile,Northeast,basic,groceries
102772,31.5,59.3,10,5.64,35.65,0.805,13.2,52,3,1,19,8.8,5,52.4,1311,desktop,Midwest,basic,groceries
102773,40.8,117,41.9,4.71,125.82,0.06,7.5,68.9,2,0,41.1,7.7,5,41.9,2417,mobile,West,plus,groceries
102774,42.6,71.7,38.6,6.88,64.55,0.442,6.3,75.7,1,0,13.7,11.6,5,40,2041,mobile,South,plus,groceries
102775,47.6,71.7,31.9,6.4,48.71,0.453,9.1,10,2,4,9.5,2.7,5,43.2,1365,mobile,Midwest,basic,home
102776,50.6,69.1,26,8.64,52.47,0.356,0.2,,4,5,1.4,9.1,5,39.1,1721,mobile,Midwest,plus,electronics
102777,22.5,77.2,12.7,7.44,26.42,0.426,9.2,66.5,1,1,29.8,2.8,4.91,57.4,1380,desktop,West,basic,groceries
102778,43.9,89.2,9.3,5.42,113.26,0.253,11.8,72.3,3,3,21,12.1,3.91,63.6,2957,mobile,Midwest,premium,electronics
102779,40.9,,24.9,11.06,57.04,0.71,14.5,10.2,4,1,5.6,13.3,5,64,2066,tablet,South,premium,groceries
102780,20.5,74.7,25,4.96,61.33,0.41,20.4,,6,1,30.4,11.9,4.82,50.4,1696,mobile,Northeast,basic,groceries
102781,42.2,31.6,19.9,3.2,39.86,0.553,15,58.6,1,2,14.1,7.8,,57.7,1349,mobile,West,plus,groceries
102782,43.2,63,26.3,7.67,45.75,0.257,15,51.7,2,2,13.2,10.8,5,64.9,1455,mobile,West,basic,groceries
102783,33.1,57.2,23.8,6.82,56.53,0.52,6.3,45.4,2,3,0,10.2,5,53.4,1827,desktop,Midwest,premium,electronics
102784,33.9,108.3,23.1,3.01,95.41,0.141,6.9,59.4,2,3,15.9,12.2,5,64.1,2161,mobile,West,plus,groceries
102785,23.3,69.3,24.4,5.27,40.48,0.773,17,39,1,0,27.7,8.3,5,62.6,1768,desktop,Midwest,plus,beauty
102786,59.8,56,42.8,7.84,45.8,0.282,9.6,77.3,0,1,22.2,4.3,5,62,1818,mobile,West,premium,home
102787,42.6,74.8,13.4,9.78,58.21,0.444,7,67.7,2,1,0,9.1,5,45.4,2764,mobile,South,premium,groceries
102788,35.6,68.8,14.6,5.82,36.89,0.553,11,95.6,3,1,20.9,2.6,5,69,1485,tablet,West,basic,home
102789,47.6,60.1,43.3,5.49,27.44,0.636,10,66.9,3,0,10.6,5.3,4.7,59,1155,desktop,South,basic,groceries
102790,29.8,75.6,24.8,5.96,30.54,0.706,11.5,41.9,1,1,3.7,14.3,5,49.4,1495,mobile,Midwest,plus,groceries
102791,31.4,115.4,20.3,6.64,73.58,0.043,12.1,92.3,8,6,40.1,14.1,5,50.5,2068,mobile,Northeast,basic,home
102792,38.4,97.8,30.7,5.64,103.88,0.331,7.9,51.2,1,1,10.9,12.9,5,33.3,2531,mobile,Midwest,premium,home
102793,40.5,82,17.5,9.56,44.59,0.421,7.8,56.5,4,4,16.1,6.1,5,43.4,1535,mobile,West,plus,home
102794,37.7,53.7,36.5,11.81,57.97,0.455,10.6,60.2,2,1,8.8,17.8,5,61.4,2595,mobile,West,plus,home
102795,39.1,58.1,29.1,6.77,35.13,0.443,9.1,55.3,1,2,10.9,7.3,5,58.8,1343,mobile,West,basic,groceries
102796,42.6,72.8,39.3,11.9,43.12,0.459,6.6,44.7,1,1,1.2,14.9,5,66.2,2139,mobile,South,basic,beauty
102797,34.5,67,18,3.18,21.86,0.472,11.8,50.7,1,1,10.6,5.8,5,63.6,564,mobile,South,plus,beauty
102798,31.5,48.9,16.1,5.59,50.14,0.66,10.3,,2,2,13.2,8.5,4.88,67.4,1963,mobile,Northeast,plus,groceries
102799,35.1,92.5,7.3,4.43,88.28,0.256,24.9,,5,4,28.1,7.1,,60.2,2332,mobile,South,plus,groceries
102800,44.1,,22.1,8.1,32.12,0.303,10.1,65.1,2,0,16.3,12.2,5,60.9,1538,desktop,West,basic,beauty
102801,28.4,,34.6,4.43,39.62,0.548,15.2,58.5,4,1,20,7.2,4.39,38.1,1489,desktop,Northeast,basic,electronics
102802,40.6,,17.4,9.12,56.59,0.449,9.3,39.7,3,2,2.3,16.3,5,47.9,2139,tablet,Midwest,plus,electronics
102803,59.1,107.2,54.2,3.44,98.76,0.213,11.2,60.1,2,3,8,12.9,5,62.7,2324,mobile,Northeast,premium,home
102804,25.5,85.1,36,9.19,63.74,0.329,17,32.1,1,2,8,10.8,5,43.6,2437,desktop,West,premium,groceries
102805,61.8,86.2,39.8,5.45,100.63,0.223,2.5,67.6,1,0,17,7.2,5,43.6,2006,mobile,Midwest,plus,beauty
102806,39.8,50,32,9.09,59.27,0.314,10.9,63.1,2,4,13.8,15.4,5,65.1,2165,mobile,West,plus,electronics
102807,29.1,97.1,14.7,6.4,96.25,0.304,31.4,110.4,3,2,48,7.3,4.25,71.8,2261,tablet,Northeast,basic,groceries
102808,42.3,45.9,38.4,7.23,20,0.448,13,66.6,0,0,5.7,7.7,5,54.4,1125,desktop,West,basic,groceries
102809,49.1,86.3,34.4,10.27,60.09,0.544,11.9,25.5,2,2,14.1,12.7,5,52.7,2050,desktop,Midwest,plus,groceries
102810,44.7,95.5,47.4,5.63,83.09,0.146,10.5,77.9,1,3,5.4,15.2,4.79,67.8,2300,mobile,Northeast,basic,electronics
102811,43.3,122.5,34.5,4.18,121.74,0.132,16,102.7,3,0,6.7,11.7,5,61.7,2831,desktop,South,basic,groceries
102812,31.3,93.7,14.6,7.53,44.76,0.654,12.4,48.1,0,2,9.1,10.4,5,64.3,1842,desktop,South,basic,groceries
102813,31.2,68.7,22.2,3.52,99.31,0.409,20.8,,4,4,31.9,8.9,,54.7,2589,mobile,West,plus,home
102814,53.8,96.7,16.8,5.31,91.12,0.287,10.4,50.1,1,0,4,15.8,5,60.5,2031,mobile,West,plus,groceries
102815,39.1,69.1,23.3,4.52,36.3,0.811,3.1,38.1,2,1,21.5,7.8,5,73.1,1296,mobile,West,plus,groceries
102816,47.1,,31.3,1.21,95.71,0.563,9.2,67.1,3,6,15.8,20.9,1.45,50.1,1991,tablet,South,plus,groceries
102817,62,72.7,32.6,6.62,62.33,0.463,14.5,65.1,1,1,14.2,6,5,60.1,2069,mobile,Northeast,basic,electronics
102818,45.6,48,25.8,5.55,43.22,0.668,11.2,30.9,4,0,10.1,9.1,4.58,51.3,1635,desktop,Midwest,basic,home
102819,38.8,94.8,36.3,7.01,100.53,0.117,3.6,85.7,1,2,16.3,11.5,5,60.9,2578,desktop,Northeast,premium,electronics
102820,47.8,83.3,31.8,8.7,31.24,0.414,17,54.9,3,3,7.2,12.1,5,61.6,1646,desktop,South,premium,electronics
102821,24.2,87.7,22.3,2.72,60.08,0.41,22.1,106.9,1,2,29.8,10.5,4.65,72.4,1737,mobile,Northeast,plus,home
102822,48.4,76,23.6,11.41,54.57,0.683,16.9,69.4,3,2,9.5,5.4,5,61.7,2092,desktop,West,basic,electronics
102823,37.4,96.1,10.9,8.58,32.04,0.53,11.4,72.9,2,2,16.1,11.4,5,63.3,1726,desktop,Midwest,basic,beauty
102824,29,51.6,34.5,5.47,32.58,0.699,8.7,45.9,1,2,27,4.3,4.62,42.1,1248,mobile,South,plus,groceries
102825,26.5,55.5,4.2,2.84,57.14,0.354,18.3,,3,2,34.4,10,4.81,56.3,1702,mobile,South,basic,home
102826,40.8,55.5,28,4.93,27.89,0.649,13.5,,2,0,6.8,9.9,4.83,46.6,1770,mobile,South,premium,home
102827,44,58.6,13.3,3.31,29.86,0.654,17.3,,1,2,24.1,13.2,4.36,73.5,1365,desktop,West,basic,groceries
102828,34.9,78.9,30.5,3.72,91.95,0.375,3.6,84.5,0,2,13.2,20,4.03,54.1,2388,mobile,Northeast,premium,electronics
102829,26.4,85.3,68,6.59,85.48,0.202,5.8,,0,0,0,14.3,5,59.2,2010,mobile,Northeast,plus,beauty
102830,36.1,127,25.8,6.43,108.3,0.151,19.7,,2,1,0,12.5,5,41.1,2534,desktop,Northeast,basic,home
102831,42.7,114.1,27.2,1.23,95.83,0.203,0.7,68.8,4,4,40.5,12.2,3.96,52.8,1952,,South,premium,electronics
102832,41.4,65.5,15.2,4.68,25.65,0.586,11,31.8,2,0,17.8,11.8,4.64,49.4,1017,desktop,Midwest,basic,groceries
102833,35.9,122.4,30.4,4.7,105.5,0.222,11.4,75.1,1,0,22.5,10.3,5,47.4,2148,desktop,Northeast,basic,groceries
102834,36.4,103.7,31.8,4.67,123.94,0.278,2.6,68.6,1,3,24.5,11,5,47.5,2980,desktop,Northeast,basic,electronics
102835,36.2,99.9,43.5,7.3,61.65,0.383,3.8,76.4,3,5,2.2,18.3,4.44,53.1,1825,desktop,West,plus,electronics
102836,44.8,71.5,52.4,6.15,83.83,0.077,2.2,73.6,0,0,10.6,6.8,5,44,2216,desktop,West,plus,groceries
102837,57.7,84.5,51,9.95,83.84,0.37,10.6,19.6,2,4,23.2,9.7,5,43.5,2344,,Midwest,basic,groceries
102838,30.6,92.8,19.8,6.51,62.72,0.373,9.5,46.3,0,1,13.2,10.1,5,41.2,1898,mobile,South,basic,groceries
102839,38.7,62.7,18.5,7.89,22.22,0.549,1.7,79.6,3,0,10.6,10.5,5,56.1,1263,mobile,South,basic,groceries
102840,22.6,134.8,15.7,2.97,84.58,0.224,30.8,,4,3,20.1,3.3,,54.5,1807,mobile,Northeast,plus,beauty
102841,31.8,,36.4,10.77,72.64,0.324,9.1,18.8,2,4,9.4,12,5,61,2505,mobile,West,plus,groceries
102842,37.8,96.1,20.2,4.42,69.16,0.159,19.5,55.1,1,2,21.3,4.5,5,53.7,2094,mobile,Midwest,basic,home
102843,46.5,66,29,9.23,63.45,0.52,0.8,20.5,2,2,6.8,8.2,5,41.1,2400,mobile,West,basic,groceries
102844,35.7,97.6,21.6,6.54,70.36,0.244,10.3,59.8,6,2,8.5,8.4,,39.5,2015,desktop,Midwest,basic,electronics
102845,49.3,123,34.6,3.48,119.67,0.16,7.7,43.7,2,1,22.3,19,3.3,62.2,2672,mobile,West,premium,electronics
102846,36.1,71.1,4.9,5.1,33.52,0.787,17.6,34.5,5,1,10,6.1,3.98,49.1,1443,mobile,Midwest,basic,home
102847,43.6,92.5,23.6,7.98,57.15,0.295,10.5,54.8,3,0,6.5,21.8,4.77,56.3,1535,desktop,West,basic,home
102848,52.2,49.8,5.4,5.45,35.93,0.821,7.1,24.6,0,1,15.9,7.3,5,58.2,1186,,West,basic,home
102849,37.2,75,22.6,5.73,27.6,0.532,12.4,37,2,0,5.1,0.7,5,49.5,1873,mobile,South,premium,groceries
102850,42.8,84.9,22,5.79,86.99,0.171,12.2,117.8,1,0,14.2,8.3,5,60.2,2373,mobile,West,premium,groceries
102851,28.4,96.8,25.3,4.7,50.35,0.241,16.7,,3,5,24.1,7.9,4.65,54,1690,mobile,South,plus,beauty
102852,36.3,73,30.4,4.93,36.81,0.523,17.6,60.4,2,0,12.3,0.2,5,57.2,1272,desktop,South,basic,groceries
102853,36.7,103.8,33.2,3.74,118.67,0,5.7,64.1,2,2,18.7,5.5,4.1,54.4,2712,mobile,Midwest,basic,electronics
102854,36.6,65.1,38.8,10.05,48.2,0.376,5.8,57.2,5,3,10.4,13,5,50.7,1700,,West,basic,home
102855,52.3,141,46.7,4.32,136.01,0.101,6.2,103,1,1,25.1,15.3,5,50.6,2574,mobile,Northeast,basic,home
102856,24.5,79,16.1,6.46,23.87,0.496,18.4,29.3,1,0,24,7.6,5,67.8,1393,mobile,South,plus,home
102857,39.1,87,15.4,4.74,47.83,0.618,14.7,70.8,3,1,13.7,13.3,5,52.2,1354,desktop,West,basic,groceries
102858,31.6,,45.9,9.56,19.93,0.914,9.5,44.8,1,1,20.1,0.2,5,40,1384,mobile,South,premium,beauty
102859,47.7,91,39.1,3.23,92.53,0.282,9.4,61.2,3,3,2.1,12.4,5,47.8,2079,desktop,Northeast,plus,beauty
102860,30.9,51.6,18.2,4.92,34.07,0.407,22.1,41.9,4,3,15.7,11.7,5,51,1333,,Northeast,plus,groceries
102861,40.8,54.7,34.9,1.89,21.15,0.775,7.6,44.9,2,1,22.3,14,4.08,56.1,826,mobile,Northeast,basic,electronics
102862,48.7,,22.3,10.71,10.66,0.671,7.3,31,2,3,3.5,10.1,5,62.6,1068,mobile,South,basic,electronics
102863,45.1,106,40.5,4.52,107.88,0.181,6.8,80.4,2,3,4,4.6,5,70.1,2392,mobile,Midwest,basic,beauty
102864,42.2,,26.9,1.55,86.4,0.127,12.2,73.3,0,1,15.4,17.4,3.66,51.1,1580,mobile,Midwest,basic,electronics
102865,44.9,88.6,41,8.15,69.09,0.516,9.3,75.7,2,3,2.7,17,4.71,54.5,1751,mobile,Northeast,plus,electronics
102866,49.9,47.4,20.2,4.35,41.48,0.391,17.9,23.3,2,2,6.9,14.3,4.69,63.5,1237,,West,basic,groceries
102867,61.1,79.4,39.4,5.98,78.22,0.325,8.2,43,2,1,27,5.2,,39.4,2007,desktop,West,premium,
102868,39.6,87.6,17.1,2.83,84.76,0.352,28.7,115.3,2,2,0,10.4,,68.6,2285,mobile,Northeast,plus,beauty
102869,41.5,32.6,36.5,6.18,25.83,0.516,13.8,32.4,0,0,13.1,13.9,5,59.4,1130,mobile,Midwest,basic,beauty
102870,35.1,95,10.7,3.79,27.98,0.332,21.6,124.8,3,1,26.4,4.4,4.84,74.1,1149,tablet,West,basic,groceries
102871,46.4,98.8,40.8,1.42,76.29,0.149,5.8,76.1,4,3,9.9,13.4,,60.1,1954,desktop,Northeast,premium,electronics
102872,56.7,83.6,39,13.17,68.53,0.338,13.5,44.4,2,3,1.6,17.8,5,54.8,1993,tablet,South,basic,
102873,45.3,92.5,55.5,4.61,121.31,0.183,0.7,79.7,1,1,33.6,10.3,5,51.9,2913,mobile,Midwest,premium,beauty
102874,27.2,85,33.5,6.55,56.96,0.52,9,70.8,4,4,16.6,13.8,3.88,54.3,1339,desktop,Northeast,basic,electronics
102875,30,,31,7.6,33.35,0.873,2.1,43.5,3,0,27.1,10.1,5,51.9,1461,tablet,South,plus,beauty
102876,58.2,121.9,16.4,3.27,112.65,0.119,3.2,43.1,2,2,25.9,13.3,5,38.4,2546,mobile,Northeast,basic,groceries
102877,29.2,67.6,19.7,6.17,66.72,0.555,10.1,,2,4,11.6,9.9,4.55,41.8,1571,mobile,South,plus,groceries
102878,32.5,73,33.9,6.18,46.5,0.586,11.7,29.3,2,4,11.3,18.6,4.48,65.3,1772,desktop,West,premium,
102879,40.2,47.9,25.1,5.88,20.2,0.811,14.6,,2,1,16.8,10.2,5,56,1358,mobile,South,plus,groceries
102880,42.7,,5.9,3.65,16.46,0.65,9.4,32.3,1,0,12.7,7.3,5,53.3,926,mobile,Midwest,basic,groceries
102881,40.9,73.6,44.8,10.05,83.83,0.456,1.5,34.8,1,1,18.6,14.4,5,58,2407,tablet,West,plus,home
102882,26.4,55.1,20.8,3.71,37.05,0.605,3,27.4,0,0,13.1,9.2,4.36,37.9,1175,desktop,Northeast,basic,home
102883,22.9,66.2,20,6.42,29.56,0.536,8.3,23.6,2,4,17.7,12.2,5,41,1501,tablet,South,basic,home
102884,36.7,80.1,14.7,4.18,46.81,0.044,16.4,120.9,2,1,13.3,16.6,3.38,64.8,1413,mobile,West,plus,groceries
102885,32.1,,44.2,5.38,143.59,0.333,5.4,62.4,5,3,18.1,12.1,4.96,52.6,3492,mobile,Midwest,premium,electronics
102886,28.1,58,26.9,5.93,28.45,0.548,4.5,63.8,1,0,4.9,1.6,5,58.2,1264,desktop,West,plus,groceries
102887,51.2,,17,4.7,118.01,0.31,0.1,85.1,0,1,13.9,10.3,5,43,3075,mobile,Midwest,premium,groceries
102888,41.2,118.8,22.6,5.52,59.16,0.084,12.2,56.3,1,4,17,10.4,4.63,58.8,1494,mobile,Northeast,basic,groceries
102889,41.1,49.4,27.6,5.28,36,0.583,8.3,,1,3,23.2,8.6,4.77,68.9,1392,mobile,West,plus,beauty
102890,44.2,61.2,17.7,8.93,74.93,0.43,3.3,25,1,2,0,12.3,5,47.2,1714,tablet,Northeast,plus,electronics
102891,43.5,104.6,23.2,4.69,33.34,0.424,11.3,54.2,5,2,6.7,16.3,4.05,59,1169,desktop,Northeast,plus,electronics
102892,33.8,124.1,12.9,4.76,92.95,0.171,6.7,77.4,1,2,20,15.3,5,54.5,2499,desktop,West,plus,
102893,22.6,53.7,36.2,5.1,39.5,0.614,9.8,35.6,5,4,18.9,9.3,4.34,64.1,1728,desktop,South,basic,groceries
102894,29.7,140.9,38.9,2.88,129.66,0.21,0.1,62.5,3,3,11.5,8.5,5,48.7,2729,desktop,West,premium,electronics
102895,23.9,79.5,20,7.19,35.68,0.38,16.4,54.5,1,0,7.3,5.1,5,53.6,1829,desktop,West,plus,groceries
102896,42,89.9,2.6,5.58,76.34,0.292,15.2,72.3,4,2,33.2,10.1,4.7,54,2050,mobile,Northeast,basic,groceries
102897,42.8,94,36.8,4.91,27.36,0.615,14,,1,1,11,10,5,46.3,1151,desktop,South,basic,groceries
102898,47.8,75.5,33.5,4.1,38.26,0.668,8,60.7,1,1,11,11.5,5,56.1,1270,tablet,South,plus,groceries
102899,55.6,54.7,23,2.29,34.18,0.574,4.5,,0,1,24.3,16.1,3.52,37.5,1451,tablet,Northeast,basic,beauty
102900,28.9,86.5,29.4,5.73,29.87,0.774,5.4,28.2,3,3,32.3,6.5,5,46.5,1295,mobile,South,plus,electronics
102901,33.7,57.6,30.8,3.07,24.35,0.534,16,32.8,1,2,18.3,4.8,3.7,59.6,928,desktop,West,basic,beauty
102902,47.9,119.1,33.5,4.88,121.71,0.228,6.8,52.7,1,0,37.2,3.7,,48.2,3400,mobile,Northeast,premium,home
102903,34,78.8,30,9.17,61.93,0.326,2.3,,3,1,4.3,9.5,5,54.7,2406,mobile,South,premium,groceries
102904,41.8,120.3,27.7,5.81,102.38,0.12,6.2,38.4,1,0,25,7,5,51.3,2909,mobile,Northeast,premium,beauty
102905,52.2,58.9,34.7,4.01,35.13,0.771,18.1,76.3,2,2,28.3,8,4.78,63.5,1407,mobile,West,basic,beauty
102906,37.5,64.4,20.9,9.88,46.48,0.387,8.5,8.2,2,1,4.2,10.8,5,60.2,1706,tablet,South,plus,home
102907,42.2,,6.4,4.83,68.73,0.194,17.5,,6,1,18.8,6.8,5,68.4,1999,mobile,South,basic,
102908,39.2,84.4,15.3,4.25,51.74,0.495,13.3,27.4,0,0,4.9,13.8,4.84,47.5,1570,desktop,South,plus,home
102909,39.1,103.1,41.1,3.95,91.55,0.254,0.1,17,1,0,17.6,9,5,35.3,2201,mobile,West,premium,groceries
102910,18,80.8,31,8.4,45.06,0.634,16.1,55.7,1,2,11.7,13.5,5,55.7,1930,,South,basic,groceries
102911,37,80.5,34.5,5.73,66.1,0.523,16,53.8,2,4,0,9.2,5,63.3,1687,desktop,South,basic,electronics
102912,38.6,82.8,40.3,6.51,50,0.585,11.7,59.7,4,5,10.5,11.9,4.2,53.9,1447,tablet,South,basic,
102913,22.7,53.4,17.3,3.3,28.95,0.788,14.1,,2,1,14.1,6.6,4.63,56.3,1222,mobile,West,plus,groceries
102914,40.4,91.2,8.3,2.61,89.31,0.223,16.8,60.8,5,4,27.8,12.7,3.16,73,1903,mobile,Northeast,plus,home
102915,35.3,119.9,28.1,5.74,126.66,0.356,0.1,59.9,1,0,15.8,9.4,5,41,3185,tablet,West,premium,beauty
102916,51.1,94,39.3,5.64,109.46,0.079,0.1,124,1,1,19.8,12.8,4.83,62.3,2630,mobile,Northeast,plus,electronics
102917,51.2,102.5,26.8,3.4,116.02,0.087,3.5,,4,1,16.3,7,4.93,47.8,2497,mobile,Midwest,premium,beauty
102918,55.8,86.4,25.3,7.74,75.7,0.371,8,31.7,0,2,3.2,13.8,5,42.1,1742,desktop,Midwest,basic,home
102919,46.5,56.9,16.2,5.4,85.89,0.192,8.5,,2,0,12.8,10.9,5,42.6,2362,mobile,West,basic,groceries
102920,43.2,91.8,43.5,8.76,58.87,0.23,14.5,33.4,2,1,10,9.5,5,54.3,2161,mobile,South,premium,groceries
102921,47,82.3,15.6,8.14,26.34,0.561,11.5,45.6,1,0,23.7,3.6,5,52.9,1684,tablet,South,basic,home
102922,18,52.9,18.1,5.85,20.38,0.6,15,63.9,2,0,10.7,11.8,5,57,1327,desktop,Northeast,plus,home
102923,42.1,,19.3,4.97,68.98,0.443,15.9,51.5,2,2,4.3,12.5,5,43.5,2055,desktop,Midwest,plus,electronics
102924,46.9,51.8,13.3,2.04,130.15,0.032,20.6,69.5,1,5,14.1,13.8,5,65.4,1616,desktop,South,plus,home
102925,35.4,78.3,34.3,7.89,87.54,0.487,11.5,72.4,2,0,9.8,11.4,5,51.5,2652,mobile,South,plus,beauty
102926,42.7,,28,6.44,112.63,0.248,8.9,94.9,1,0,11.8,14.5,5,56.7,2892,mobile,Northeast,basic,groceries
102927,34.5,86.8,11.1,3.32,31.97,0.195,29.5,115.9,2,5,52,10.2,4.08,31.5,1221,mobile,Northeast,basic,groceries
102928,47.9,100.9,36.7,4.16,91.6,0.195,9.1,99.7,2,2,25.1,15.6,4.38,54.9,2022,mobile,Northeast,plus,groceries
102929,33,130.8,17.2,3.58,55.45,0.261,15.2,106,4,2,33.7,11.4,4.5,33.8,1799,mobile,West,premium,groceries
102930,43.8,78.4,13.2,4.21,45.63,0.672,12.5,32.6,1,0,16.2,6.1,5,60.7,1170,tablet,West,basic,groceries
102931,34.9,66.1,21.3,2.57,31.93,0.637,7.8,33.6,3,1,23.4,6.3,3.66,49.7,1224,desktop,Midwest,basic,home
102932,18.1,71.8,18.4,1.82,119.68,0.334,16.8,144.6,4,1,29.1,8,3.59,44.2,2412,mobile,West,premium,groceries
102933,49.8,54.4,9.8,3.98,45.42,0.445,3.3,55,0,2,0.7,5.3,5,44.2,1508,mobile,Midwest,basic,groceries
102934,38,54.6,1.9,6.35,11.91,0.942,7,,2,0,9.7,7.4,5,52.4,1437,mobile,West,basic,groceries
102935,31.5,88.1,13.8,9.54,59.7,0.471,11,43.1,2,2,15.8,20,4.58,63.5,2038,mobile,West,plus,electronics
102936,26.1,97.2,22.1,7.58,70.72,0.385,0.1,68.5,1,2,18.5,5,5,51.2,2591,desktop,West,plus,electronics
102937,43.5,73.3,28.4,5.35,66.65,0.39,10,45.1,1,0,6.4,11.3,5,46.6,2123,mobile,Midwest,plus,groceries
102938,46.9,41.2,31.8,5.9,26.83,0.717,13,37.1,2,0,14.6,10.7,5,66.4,1092,mobile,West,basic,groceries
102939,50.2,72.3,36.1,5.19,73.94,0.085,6.1,69.7,1,1,17.8,6.7,5,55.5,2296,desktop,West,premium,home
102940,27.5,88.1,10.5,4.1,76.12,0.573,25.3,121,4,3,34.7,8.8,4.21,53.9,2123,mobile,West,basic,
102941,37.3,77.7,24,3.38,39.1,0.495,13.8,,1,0,16.2,12.9,4.45,48.1,1808,mobile,South,basic,groceries
102942,35.2,99.7,47.2,5.42,81.26,0.414,7,38.7,2,0,8,9.5,4.48,46,1886,desktop,Northeast,basic,groceries
102943,33.5,72.5,19.9,6.95,36.67,0.642,11.9,53.5,1,1,14.8,5.4,5,51.5,1801,mobile,Midwest,premium,groceries
102944,38,69.9,22.5,4.86,38.14,0.515,16.8,44.9,2,0,7.7,3,5,55.9,1061,mobile,West,plus,groceries
102945,45.1,117.3,55.3,5.84,68.32,0.268,6,62.9,1,1,17.4,8.9,5,62.7,1918,tablet,West,premium,electronics
102946,32.6,80.9,26.7,5.53,37.87,0.72,3.4,48.9,1,0,7.1,0.2,5,56.4,1057,desktop,Midwest,plus,groceries
102947,45.1,67.7,16.1,6.44,19.93,0.545,15.7,,0,2,12.2,9.9,5,48.1,866,mobile,West,basic,home
102948,42.6,57.9,33.7,7.21,31.3,0.657,16.4,67.9,0,1,7.7,13.3,5,53.4,1182,mobile,South,basic,home
102949,40.8,73.6,20.6,5.21,27.14,0.727,13.3,34.5,1,0,12.5,9.1,5,58.1,1680,mobile,Midwest,premium,home
102950,40.5,92.5,1,4.21,54.77,0.28,16.3,52.7,2,2,30.3,5,5,56.3,1477,mobile,South,plus,home
102951,30.3,120.5,6.8,3.76,67.83,0.073,22.3,69.5,8,6,25.3,11.7,3.74,68.1,2119,mobile,West,plus,home
102952,37.4,59.5,27.3,6.2,37.74,0.449,19.2,32.3,3,0,0,6.8,5,54.1,1592,desktop,South,basic,home
102953,42.7,59.4,17.5,5.46,21.25,0.76,15.3,53.2,0,1,11.5,7.5,5,52.2,879,desktop,Midwest,basic,home
102954,42.2,61.4,22.8,7.19,33.5,0.346,13.3,,5,3,30.6,9.2,5,47.9,1340,desktop,Midwest,basic,home
102955,55.5,82.5,41.3,3.42,95.75,0.167,10.2,71.7,2,1,24.6,6.7,4.99,51.8,2484,tablet,South,premium,electronics
102956,47.8,,25.4,10.99,23.82,0.73,11.6,24.4,1,0,5.9,5.8,5,57.1,1621,mobile,Midwest,plus,groceries
102957,37.7,81.4,44.5,5.77,56.17,0.634,15.3,29.2,0,0,0.7,13.4,5,50.4,1927,desktop,West,plus,groceries
102958,45.6,145.9,35.3,4.04,82.61,0.119,3.4,87.3,1,1,26.8,4.5,5,48.7,1797,desktop,South,plus,electronics
102959,49.5,106.7,43.3,2.55,117.63,0.087,9.1,104.8,1,2,23.3,11.8,4.54,59.5,2636,desktop,West,plus,
102960,46.1,93.6,39.4,6.59,75.48,0.442,13,44.6,1,1,0,13.2,5,54.1,2298,desktop,South,basic,beauty
102961,39.4,79,1,7.34,57.05,0.449,14.3,98.4,0,2,3.2,9.5,5,52.2,1652,mobile,Midwest,plus,home
102962,34.1,71,33.1,8.89,51.44,0.349,6.8,73,5,2,3.4,12.4,5,56.5,1729,desktop,Midwest,basic,groceries
102963,37.6,,1,3.79,38.71,0.529,15.2,51.4,4,4,10.3,7.3,4.22,48.8,2178,desktop,South,premium,groceries
102964,49,102.8,37.6,8.48,79.43,0.488,6.7,38,1,5,0,6.9,5,31.8,2143,desktop,Midwest,basic,electronics
102965,31.6,67.9,24.7,7.9,41.84,0.477,13.3,67.7,1,1,15.1,7.2,5,57,1220,mobile,Northeast,plus,groceries
102966,64.6,98.1,1,4.26,87.41,0.192,12.9,,1,2,15.1,14.2,4.65,52.4,2478,mobile,West,premium,electronics
102967,43.7,,44.5,3.55,84.81,0.194,5.4,52.1,3,4,11.3,9.8,5,54.9,2268,mobile,West,premium,electronics
102968,45.2,122.4,21.5,4.41,101.16,0.349,13.7,56.5,1,1,19.9,5.4,5,55.3,2007,mobile,Midwest,premium,home
102969,33,97.4,25.7,10.99,64.21,0.457,13.5,55,4,4,7.9,6.7,5,58.6,2401,desktop,West,basic,home
102970,50,39.9,16.6,6.86,41.8,0.791,8.5,36.9,3,0,9.3,6.9,5,35.8,1622,mobile,Midwest,basic,home
102971,46.7,72.5,17.4,9.16,54.73,0.422,9.5,31.4,3,1,6.8,10.9,5,42.6,1922,mobile,South,plus,home
102972,33.3,55.2,31.8,9.62,65.71,0.438,3.8,13.3,1,0,7.5,15.9,5,38.4,1917,desktop,West,basic,groceries
102973,32,,40.3,8.05,58.78,0.508,7.2,49.3,1,2,15.4,6.2,,45.4,2033,tablet,West,plus,home
102974,40.3,96.3,24.1,2.57,90.34,0.076,7.3,91.6,0,1,18.2,4.7,,38.6,2380,mobile,Northeast,premium,beauty
102975,53.5,87.1,37.6,10.83,43.34,0.545,8.6,43.7,2,1,0,11.9,5,46.4,1932,desktop,Northeast,plus,groceries
102976,29.9,86.4,43.2,4.4,74.57,0.101,5.1,91.5,0,1,17.9,14.9,4.37,59.4,1570,desktop,Northeast,plus,home
102977,60.2,98.5,23,4.81,120.79,0.128,13.1,84,0,1,4.9,12.4,5,49.2,2637,desktop,Midwest,premium,beauty
102978,25.2,62.7,1,8.15,16.84,0.483,4.4,,5,0,11.9,6.6,5,61.3,1266,mobile,West,plus,
102979,27.3,,10.2,3.08,49.24,0.235,16.1,117.2,4,4,43.5,11.4,2.88,59,1733,mobile,Midwest,basic,groceries
102980,38.9,90,11.7,4.77,121.42,0.234,19.2,60,0,0,11.6,14.9,5,63.1,2920,mobile,West,premium,home
102981,29.7,49.6,27.4,6.6,19.6,0.565,8.1,,0,1,0,10.8,5,29.1,1547,mobile,West,basic,groceries
102982,46.8,88.4,5.8,4.1,31.65,0.629,8.3,68.7,1,0,13.2,7.6,5,49,913,tablet,Northeast,plus,home
102983,48.4,129.3,38.3,11.08,60.98,0.459,10.2,67.9,3,2,4.7,16.3,5,56,2350,mobile,South,basic,home
102984,39.6,93.1,32.6,7.02,66.99,0.23,2.6,62.4,1,1,3.4,11.2,5,47.1,1810,desktop,South,basic,home
102985,33.4,81.5,21.6,3.19,94.85,0.487,18.3,,5,4,21.7,12.5,3.66,57.9,2676,mobile,West,basic,beauty
102986,50.3,67.5,42.3,4.65,60.14,0.475,16.7,60.8,2,3,4.8,15.6,3.87,72.2,1910,mobile,West,plus,groceries
102987,53.2,100.7,23.3,6.56,145.47,0.287,5.5,77.4,0,2,24.2,7.4,5,58.2,3665,mobile,South,premium,electronics
102988,27.7,51.9,13,8.59,43.31,0.378,5.7,,4,2,12.4,13.5,5,45.5,1924,mobile,Midwest,basic,electronics
102989,35.5,,33.5,4.72,34.74,0.26,12.5,22.3,1,0,7.9,10.2,5,69.6,1246,tablet,West,basic,home
102990,45.4,75.6,31.6,7.38,61.64,0.42,10.1,,2,2,9.6,1.9,5,42.2,2098,mobile,South,plus,beauty
102991,49.9,124.5,15,4.6,81.14,0.247,5.7,,1,2,22.9,12.7,5,41.6,2111,mobile,West,premium,electronics
102992,50.7,91.4,28.4,4.99,78.45,0.263,10.4,87.5,2,1,17.2,11.3,5,57.8,1773,mobile,Midwest,plus,electronics
102993,56.7,99.1,31.1,5.35,80.37,0.447,7,69.2,1,4,4,9.3,5,48.5,1757,desktop,Midwest,basic,electronics
102994,51.6,108.7,34.2,4.82,94,0.378,5.7,85.8,1,5,15.1,12.7,5,38.7,2732,desktop,West,premium,beauty
102995,38,78.9,27.8,7.56,39.7,0.284,3.6,57.8,1,2,15.1,19.9,5,51.4,1608,mobile,West,premium,groceries
102996,37.6,85.3,18.4,13.41,39.29,0.565,8.5,73.1,6,1,10,7.9,5,55.5,2063,desktop,West,basic,electronics
102997,47,64.3,55.4,7.76,44.61,0.434,5.7,39.7,2,2,7,8.9,5,65.4,1802,desktop,West,premium,beauty
102998,46.2,,27.9,5.31,123.1,0.304,7.1,98.3,0,0,16.2,9.1,5,59.2,2989,desktop,Northeast,plus,groceries
102999,49.7,73.1,19.5,6.6,27.45,0.538,7.2,79,1,2,2.7,10.5,5,51.6,1006,mobile,South,plus,home
103000,30.4,48.5,28.7,6.15,30.97,0.704,15.8,40.1,4,3,23.7,4.4,4.84,44.1,699,mobile,Northeast,basic,electronics
103001,42,81.1,31.1,6.27,87,0.479,14.8,71.6,2,3,2.2,8,4.71,39.4,2317,tablet,South,basic,home
103002,30.6,76.5,37.1,9.19,37.14,0.647,6.8,52.3,0,2,12.4,0.6,5,42.7,1814,mobile,South,plus,groceries
103003,45.3,112,2.7,3.92,71.92,0.433,15,70.9,4,3,44.1,0.2,5,69.5,1956,,Midwest,basic,groceries
103004,40.4,77.2,31,6.04,33.49,0.708,11.6,27.2,0,0,5,5.1,5,44.1,873,mobile,Midwest,basic,home
103005,31.4,,4.8,3.68,24.5,0.673,1.8,34.9,1,1,3.1,4.5,4.29,28.3,1037,mobile,South,basic,groceries
103006,45.7,57.7,39.4,8.51,47.17,0.293,8.3,27.9,3,1,10.7,9.3,5,60.7,1509,mobile,West,plus,groceries
103007,35.2,107.5,15.6,2.19,84.35,0.251,7.9,,1,1,12.7,11.8,5,66.5,1804,mobile,Northeast,basic,home
103008,46.4,99.7,49.5,4.79,103.66,0.197,6.7,50.8,1,1,6.2,11.2,5,47.9,2713,mobile,Northeast,premium,home
103009,44.5,101.6,44.6,7.09,44.04,0.324,2.3,51.2,1,2,3.1,11.2,5,46.5,1594,tablet,South,plus,electronics
103010,51.6,,28.6,8.25,74.57,0.588,16.5,,3,2,3.7,12.7,5,59.2,2434,mobile,West,basic,electronics
103011,26.1,72.6,31.4,5.24,76.44,0.268,12.3,95.1,2,1,19.8,10.4,4.6,58,1759,tablet,West,plus,groceries
103012,53.3,96.6,39.8,3.6,100.27,0.353,7.2,,0,0,18.9,8.7,5,57.3,2343,desktop,Northeast,premium,home
103013,35.7,79,31,4.85,71.53,0.294,16.5,57.5,5,2,41.6,9.2,5,50.5,2134,mobile,West,premium,home
103014,44.6,88.9,31.5,4.52,51.29,0.064,9.7,,0,1,20.8,4.1,5,62.1,1412,mobile,West,plus,home
103015,46.2,75.1,36.6,1.94,129.54,0.112,7,65.6,1,2,7,13.3,,60.1,2635,mobile,West,premium,groceries
103016,51.5,120.4,35,3.96,83.55,0.2,10.8,,0,2,20.1,13.2,5,47.3,2138,mobile,Midwest,premium,electronics
103017,36.7,39.3,16.4,2.73,61.14,0.268,14.1,82.6,0,2,18.8,15.3,3.28,58.9,1652,mobile,Northeast,basic,beauty
103018,33.4,79.1,34.1,5.02,89.69,0.213,9.9,69.6,1,1,13.1,6,5,48.4,2308,desktop,West,premium,home
103019,48.1,43.3,37.3,8.38,44.43,0.74,12.2,33.8,0,0,1.5,2.1,5,55.9,1667,mobile,South,basic,beauty
103020,42,55.1,21.6,5.1,57.67,0.433,20.7,91.7,5,3,33.9,4.5,,59.9,1550,mobile,West,basic,groceries
103021,46.7,49.2,32.5,7.64,46.52,0.367,10.5,34.9,1,0,8,9.1,5,44.5,1278,desktop,Midwest,plus,groceries
103022,21.6,76.1,6.6,8.82,42.57,0.954,7.8,38.5,1,0,11.8,6.5,,51,1537,mobile,Midwest,basic,groceries
103023,33.8,65.5,23.4,5.37,28.87,0.436,2.5,68.3,0,1,21.2,5.8,5,35.2,1648,desktop,Northeast,plus,home
103024,44.2,86.6,37.9,8.86,65.65,0.344,11.9,51.1,1,2,10.2,6.3,5,65.7,1805,tablet,Midwest,basic,groceries
103025,33.8,,9,5.38,26.88,0.549,8.6,45.6,2,3,1.3,5.9,4.92,55.5,1267,,Midwest,basic,groceries
103026,54.3,116.1,10,3.31,80.54,0.217,6.6,68.8,1,0,19.5,12.1,5,50,2160,mobile,Northeast,premium,beauty
103027,32.8,81.4,37.5,5.45,39.43,0.787,13.6,,1,0,4.2,9,5,44.3,1458,mobile,West,basic,beauty
103028,42.3,56.1,36.1,6.1,38.68,0.41,17.3,28,1,1,21.6,2.9,4.78,53,1650,tablet,Midwest,basic,electronics
103029,40.3,75.3,13.9,8.51,71.84,0.503,7.8,75.1,3,1,8.6,13.6,5,70.5,2358,desktop,West,premium,groceries
103030,45.4,80.4,7.1,2,52.25,0.286,0.5,63.3,4,3,27.9,4.9,4.37,43.7,1748,tablet,Northeast,basic,groceries
103031,18,111.3,11,3.36,99.34,0.135,21.5,64.8,5,4,28.7,7.1,4.08,63.9,2424,mobile,West,basic,
103032,28.2,84.2,22.1,5.33,42.07,0.68,20.6,,0,1,10,6.9,5,61.7,1490,mobile,South,plus,home
103033,55.5,77.4,19.3,12.47,67.53,0.649,8.5,38.7,5,0,10.1,8.8,5,42.9,2009,desktop,Midwest,basic,groceries
103034,58.8,,14.5,5.43,106.5,0.322,13.2,66.1,1,4,21.2,14,4.64,45.4,2541,mobile,South,plus,electronics
103035,27,81,14.9,9.94,40.81,0.333,11.3,53.2,2,0,8.9,8.9,5,56.2,1916,desktop,Northeast,basic,
103036,49.7,26.5,13.9,3.92,24.05,0.752,15.9,42,1,0,10.5,4.4,5,57.5,1461,mobile,West,premium,groceries
103037,61.5,61.2,49.9,4.68,98.05,0.102,5,126.6,3,3,12.2,10.2,5,51.9,3144,mobile,Midwest,premium,electronics
103038,35.3,84.5,20.5,3.32,48.59,0.218,12.9,69.5,2,0,26.4,1.6,4.71,77.8,1295,mobile,West,basic,home
103039,40.6,48.7,41.3,7.28,28.65,0.777,10.8,72.2,0,1,12.7,14.9,5,50.1,1172,mobile,West,basic,home
103040,36.5,49.1,6.3,7.91,65.72,0.48,15.1,40.1,0,1,8.7,8.8,5,63.5,2241,desktop,South,basic,electronics
103041,28.7,107.8,30.8,7.47,52.81,0.399,1.5,27.8,4,5,11.7,6.3,5,44,1745,mobile,Midwest,basic,home
103042,50.6,125.7,44.8,1.68,89.53,0.068,4,47.1,1,2,24.9,5.2,4.68,53.5,2353,desktop,Northeast,premium,beauty
103043,40.4,74.7,23.1,8.64,39.27,0.642,9.9,48.1,4,1,3.8,16.6,4.95,47.5,1827,tablet,South,premium,electronics
103044,39.5,58,33.5,6.5,31.37,0.716,6.7,60.6,1,0,7.7,7.2,5,63.3,1191,desktop,South,plus,beauty
103045,44.5,,5.8,3.51,88.88,0.161,7.5,92.7,3,4,22.1,10.7,5,49.4,2475,desktop,West,premium,groceries
103046,43.7,80.1,47.2,2.7,92.15,0.226,2.5,53.3,0,1,7.8,8.2,5,59.7,2521,mobile,Northeast,premium,groceries
103047,42.9,65.4,17.5,9.9,36.71,0.841,6.2,46.6,3,4,28.2,12.2,,61.8,1560,desktop,South,basic,electronics
103048,39,,1,5.16,65.22,0.343,27.9,118.9,1,1,0,7.7,5,65.1,2463,desktop,Northeast,premium,beauty
103049,37.9,77.6,35.1,10.81,50.68,0.62,7.6,54.3,4,1,13.5,14.6,5,48.3,1930,,Midwest,basic,home
103050,22.9,81.9,10.7,1.67,43.69,0.257,6.9,115.6,0,2,22.6,11.2,4.41,61.7,1171,desktop,Northeast,basic,electronics
103051,34.6,114,16.8,5.5,131.51,0.32,16.9,107.7,3,2,31.1,1.5,5,62.2,2952,mobile,South,plus,beauty
103052,55,111.9,36.7,5.29,90.16,0.2,5.6,41.3,0,2,13.2,11.7,5,49.4,2693,,South,premium,
103053,50.4,78.3,29.3,10.77,59.08,0.369,5.9,51.8,8,2,4.4,9.6,5,43.6,2210,,West,plus,beauty
103054,43.2,54.7,18.6,7.16,60.31,0.284,7.3,62.6,3,0,18.3,19.9,4.45,56.3,1584,desktop,Midwest,basic,groceries
103055,48.6,25.4,30.2,4.9,29.95,0.611,14.4,44,1,0,4.4,10,5,67.5,1163,mobile,Northeast,basic,groceries
103056,28.2,69.3,10.4,2.87,56.45,0.197,24.3,129,3,2,29.9,1.7,4.55,56.6,1865,mobile,West,premium,groceries
103057,39.8,85,20.3,3.03,49.44,0.232,6.5,38.3,1,2,0.6,8.9,5,45.2,1704,desktop,South,plus,groceries
103058,33.5,139.3,35.9,4.22,99.27,0.086,5.4,72.4,1,1,33,1.7,5,57.5,2342,desktop,West,premium,groceries
103059,22.7,63.6,25.8,7.44,25.41,0.453,9.2,54.1,1,0,21,7.1,5,61.2,1498,mobile,South,premium,groceries
103060,34.5,,20,3.93,73.94,0.346,19.2,37.2,1,0,28.5,2.1,4.89,45.3,1826,mobile,Northeast,basic,beauty
103061,37.2,90.7,12.4,0.3,66.72,0.236,26.8,100.2,3,2,29.5,6.7,3.68,64.5,1668,mobile,South,basic,home
103062,46.1,55.3,21.1,1.45,39.17,0.438,20.9,78.1,2,3,37.4,3.6,4.24,63.2,890,mobile,West,plus,groceries
103063,45.3,33.2,8.8,5.81,25.4,0.609,18,65.2,2,0,6.6,12.3,5,69.5,1499,mobile,South,basic,home
103064,40.7,72.4,12.8,5.83,58.29,0.33,10.3,47.8,4,4,8.5,17.6,,63.8,1891,mobile,Midwest,plus,groceries
103065,32.9,85,4,2.55,91.4,0.282,25.8,83.8,3,1,4.8,10.1,5,67.3,2288,tablet,Northeast,basic,groceries
103066,40.8,72.6,38.1,6.47,72,0.271,0.1,32.4,4,4,4,1.4,5,39.6,2236,desktop,South,basic,home
103067,31,42,1,6.01,15.95,0.498,7.9,45,1,1,24.1,0.2,4.88,54.3,1135,mobile,South,basic,groceries
103068,35,110.1,20.2,3.6,92.67,0.17,5.5,,1,2,7.9,12.7,5,55.7,2644,mobile,Northeast,premium,electronics
103069,34.2,,24.1,7.72,47.61,0.567,13.7,87.7,2,1,4.6,5.8,5,62.7,1654,tablet,West,basic,
103070,38.7,61.5,17.8,2.55,91.06,0.313,18.5,69.9,3,2,30.4,8.4,4.24,63.8,1947,mobile,South,basic,electronics
103071,42.9,,39.7,4.36,53.45,0.482,11.5,52.9,3,3,7.9,21.8,3.4,59,1708,desktop,South,plus,electronics
103072,34.1,112,14.3,8.2,80.44,0.373,10,60.6,2,0,4.3,19.7,,49.6,2076,desktop,Northeast,plus,home
103073,34.4,65.4,7.9,4.78,96.38,0.218,9.5,18.6,0,1,3.6,9.6,4.77,52.2,1657,mobile,Midwest,basic,groceries
103074,39,70.2,50.1,5.37,37.16,0.595,5,64.5,0,2,8.7,9.6,5,38.5,1042,mobile,Midwest,basic,groceries
103075,36.9,59.8,16.2,7.95,32.4,0.403,10,52,2,0,15.9,7.3,5,55.9,1710,mobile,Northeast,plus,groceries
103076,41.9,62.9,41.7,5.61,27.5,0.798,15.6,40.3,2,1,9.2,3.7,4.98,57.8,1346,mobile,Midwest,basic,electronics
103077,30.1,114.6,19.2,4.26,109.86,0.203,18.2,79.1,2,1,55.5,13.3,4.73,58.8,2471,tablet,South,basic,groceries
103078,53.1,,25.5,6.06,102.23,0.027,3.4,75.2,1,1,11.8,6.7,,38.1,2681,desktop,Northeast,premium,home
103079,32.2,50.7,32.5,4.89,27.28,0.459,18.4,24.6,1,1,23.2,10.6,5,54.7,1171,tablet,Northeast,plus,home
103080,33.9,81.4,11.8,10.79,39.16,0.545,6.6,23.6,4,0,6,12.9,5,41.9,1488,mobile,West,basic,home
103081,28,76.3,21.4,4.68,30.34,0.596,13,,1,0,0.3,10,5,42.1,1777,mobile,South,basic,beauty
103082,42.5,96.3,26.5,5,123.31,0.13,14.9,54.3,3,3,13.4,8.8,5,67,2779,tablet,West,plus,home
103083,48.9,87.8,16.9,5.06,152.86,0.051,6,89.5,2,0,9,19.4,5,55.1,3500,desktop,Northeast,basic,groceries
103084,37.7,71.3,27.4,9.22,60.43,0.338,9.5,60.7,4,1,8.9,9,5,48.5,2171,mobile,Midwest,plus,groceries
103085,61.1,94.3,53.5,3.34,105.69,0.176,6.4,54.7,3,3,19.3,5.3,5,52.8,2579,mobile,South,premium,electronics
103086,24.9,100.1,14,7.66,70.3,0.728,15.8,28.8,1,1,9.7,14.5,4.92,55.7,2038,mobile,South,plus,groceries
103087,24.9,45.9,18.2,8.3,23.72,0.58,12.9,9.4,1,2,3.2,5.7,4.69,51.4,1120,mobile,West,basic,groceries
103088,33.4,61.6,11.6,8.98,18.54,0.67,9.5,41.7,1,1,11.9,12.4,5,63.7,1283,mobile,West,plus,beauty
103089,46.8,129.8,48.5,5.42,90.9,0.244,8.5,35,1,2,20.9,9.4,5,66.9,2413,mobile,West,premium,groceries
103090,35.3,73.8,17.7,1.17,74.73,0.253,29.1,,3,3,28,2.7,4.58,46.3,1531,mobile,West,basic,home
103091,34,74.5,1,4.65,109.45,0.155,14.8,93.8,5,4,35,13.7,4.61,43.3,2501,desktop,Midwest,basic,groceries
103092,30,54.7,26.5,8.03,42.7,0.526,14.6,36.7,1,2,21.2,6,5,54.6,1842,desktop,Midwest,plus,home
103093,33.2,58.3,36.6,7.91,51.5,0.509,8.7,42.9,7,3,11.2,16,4.91,40.7,1726,mobile,South,plus,groceries
103094,37.3,85.8,24.6,3.86,77.78,0.253,21.3,130.7,2,2,22.9,4.2,4.9,59.1,1932,desktop,Midwest,plus,groceries
103095,38.7,122,14.2,7.4,113.46,0.223,8.3,101.6,2,4,28.4,7.6,5,50.7,2643,mobile,South,plus,electronics
103096,28.4,99.8,28.6,0.5,63.65,0.538,19.2,,0,1,15.7,9.3,5,55.9,1167,mobile,West,basic,home
103097,44.7,,4.7,7.28,58,0.571,6.1,45.6,1,0,8.4,13,5,62.5,1717,mobile,West,basic,groceries
103098,54,81.8,22.2,4.64,39.01,0.699,9.4,50.7,1,0,27.5,9.4,5,50.3,1447,desktop,Midwest,basic,groceries
103099,49.3,,24.5,5.03,117.77,0.025,9.1,78.3,2,3,20.1,16.6,4.49,54.2,3143,,South,premium,groceries
103100,27.8,,1,2.51,116.51,0.437,8.9,74,2,1,10.7,16.3,3.08,53.2,2217,mobile,South,basic,groceries
103101,28.7,80,22.1,9.5,55.94,0.406,5.8,23.8,2,0,0,6.2,5,53.6,1769,tablet,West,basic,beauty
103102,34.6,100.4,23.6,7.35,30.29,0.676,9.2,82.4,1,2,11.8,5.6,5,34.4,1493,desktop,Midwest,basic,electronics
103103,45.2,120.2,11.2,4.58,76.89,0.173,8.4,65.5,2,3,3.3,10.9,5,50.6,2119,tablet,Northeast,basic,electronics
103104,37.1,117.9,45.9,5.01,79.85,0.181,14.9,83.9,2,3,24.4,5.8,,64.7,2064,mobile,South,premium,electronics
103105,39.1,127.8,16.2,6.15,58.31,0.135,6,61.8,1,0,18.2,5,5,63.9,2104,desktop,West,premium,home
103106,44.7,60,17.8,9.28,36.67,0.551,11.8,32.7,3,2,23.7,8.7,4.43,51.5,1496,desktop,South,premium,electronics
103107,33.7,110,16.9,3.59,86.16,0.287,13.4,67.6,5,2,13.1,10.9,5,64.4,2071,mobile,West,basic,beauty
103108,34.7,80.1,43.1,7.6,34.7,0.407,14.3,33.4,3,2,20.2,10.6,5,55.6,1359,mobile,Northeast,basic,groceries
103109,29.1,64.1,24.7,5.87,59.18,0.63,6.3,52.9,0,2,0,6.7,5,73.1,2146,mobile,West,premium,groceries
103110,39.4,98.2,49.3,5.04,70.33,0.063,6.1,,1,0,18.5,16.7,4.55,60.4,1954,mobile,Northeast,basic,beauty
103111,51.9,61.2,47.5,7.68,53.24,0.598,11.3,51.5,1,2,23.3,11.9,5,46.9,1789,tablet,Midwest,basic,electronics
103112,31.1,62,20,3.04,67.51,0.256,14.5,70.5,7,3,37.3,11.8,,51.7,1891,mobile,Midwest,basic,beauty
103113,43.3,,25.4,3.2,29.31,0.7,19.4,38.5,6,0,9.8,6.2,5,59.8,1415,mobile,West,basic,home
103114,47.9,61.2,25.9,9.29,57.25,0.466,9.7,,3,1,5.1,8.7,,44.9,2258,mobile,Midwest,premium,groceries
103115,27.7,,7.9,5.32,57.94,0.428,27.2,94.3,3,2,25.8,2.6,5,60.6,2067,mobile,Midwest,premium,electronics
103116,42.7,30.6,24.7,4.96,19.37,0.841,17.3,49.3,0,1,4.2,5.2,,66.6,651,mobile,West,plus,groceries
103117,33.9,65.3,18.8,2.6,28.01,0.6,18.1,54.7,0,0,11.7,3,5,48.4,1550,desktop,Midwest,premium,groceries
103118,39.7,93.4,17,9.92,79.86,0.42,1.9,52,2,0,9.4,12.9,5,60.5,2531,mobile,South,basic,groceries
103119,54.6,83.9,34.3,6.95,147.45,0.129,8.1,49,0,0,16.4,9.7,,37.5,3514,tablet,South,premium,home
103120,37.3,104.7,7.7,4.63,30.55,0,16.3,61.6,5,2,33.3,3,4.88,57.4,796,tablet,West,basic,groceries
103121,38.9,86.7,25.4,2.45,79.81,0.232,17.5,71.9,3,4,30.4,16.5,3.85,50.2,1643,mobile,South,plus,groceries
103122,39.8,94,40.1,8.91,92.01,0.483,5.6,69.4,0,1,5.3,5.1,5,49.7,2357,mobile,Midwest,plus,groceries
103123,29,115.7,42.5,6.26,71.08,0.285,13.1,79.7,0,1,17.5,11.3,5,60.7,2566,desktop,Midwest,plus,home
103124,36.9,120.7,45.7,10.57,90.23,0.237,10.9,20.3,0,1,14.3,13,5,52.4,2813,mobile,Midwest,basic,home
103125,42.4,116.7,44.6,6.28,43.6,0.341,12,66.3,0,2,9.1,9.1,5,61.3,1641,desktop,Northeast,plus,groceries
103126,36.6,80.8,37.8,7.76,54.44,0.591,11.7,50.5,4,2,14.9,12.9,5,63,1760,desktop,Northeast,basic,home
103127,43.3,71.1,21.9,6.43,38.84,0.545,12.7,65.6,2,0,10.5,6.5,5,56.5,1384,tablet,Midwest,plus,
103128,39.1,57,4.3,6.96,36.36,0.937,17.6,,1,1,13,7.5,5,60.8,863,mobile,South,basic,groceries
103129,29.2,95.4,6,2.78,81.52,0.459,18.1,,5,4,2.9,8.8,4.17,66.6,2173,mobile,West,plus,home
103130,28.8,59.7,23.5,7.04,24.78,0.666,3.8,46.2,0,1,8.9,8.3,5,46.8,1045,mobile,West,plus,groceries
103131,48,,24.7,9.25,28.81,0.405,13.1,50.1,1,2,15.1,9.5,5,56.4,1934,mobile,West,plus,groceries
103132,48.8,95.7,19.6,5.84,31.42,0.511,12.4,42.5,1,1,3.2,3.7,5,55.8,929,mobile,Midwest,basic,groceries
103133,42.4,94.3,1,4.15,109.1,0.237,22.1,123.7,5,1,35.2,4.8,,57.7,2460,tablet,West,plus,home
103134,27.9,68.9,23.1,5.94,75.6,0.342,10,99.5,2,2,41.1,2.3,4.39,42.9,1945,mobile,Northeast,basic,home
103135,59.1,80,42.1,3.8,94.45,0.247,11.8,74,1,1,16.8,14,3.89,52.8,2264,tablet,Northeast,basic,electronics
103136,51.2,76,33.1,4.59,29.73,0.568,7.3,71.6,1,2,8.1,12.2,4.77,52.3,1211,mobile,South,premium,groceries
103137,41.7,80.3,6.7,8.44,70.63,0.179,13.6,55.2,4,4,27.5,9.9,5,52.1,2127,,Northeast,basic,
103138,26.4,73.7,38.8,7.52,32.22,0.672,8.2,70.2,4,0,30.4,3.8,5,65.1,1591,tablet,Midwest,plus,groceries
103139,24.2,60.7,4.1,3.08,36.8,0.644,3.3,38.5,0,0,5.6,6.5,5,66.3,1182,tablet,Midwest,plus,groceries
103140,50.8,98.4,44.6,3.15,108.84,0.084,11.5,54.8,0,0,10.9,9.5,5,70.4,2308,tablet,West,premium,groceries
103141,32.8,70.6,22,6.6,60.74,0.47,9.5,66.4,3,4,9.5,20.6,,60.2,1962,mobile,South,premium,groceries
103142,45.2,64.2,16.1,9.53,32.08,0.346,10.7,82,0,1,19.5,4,,56.3,2052,mobile,South,premium,home
103143,44.8,69.6,7.7,9.19,28.51,0.719,7.4,67.7,0,2,1.7,12.1,5,59.4,1404,,South,basic,home
103144,46.8,112.7,39.3,1.94,85.7,0.088,7.1,96.2,2,2,11.8,12.8,5,59.5,2251,tablet,Northeast,premium,electronics
103145,32.6,48.5,25.5,8.39,37.48,0.726,3.2,60.1,1,0,14.9,5.8,5,52.3,1537,mobile,South,plus,beauty
103146,41.7,101.8,5,5.63,23.79,0.366,17,80,4,1,9.4,12.5,4.49,54.8,982,desktop,Midwest,plus,groceries
103147,35.9,105.1,15.2,4.52,74.28,0.496,2.7,86.1,3,0,27.6,11.8,5,48,1749,mobile,Northeast,premium,home
103148,43.7,121.6,30.8,1.03,70.03,0.236,9.2,,0,1,18.4,13.2,4.17,68.1,1717,mobile,Northeast,plus,home
103149,39.9,63,13,4.35,31.39,0.62,20.8,,0,0,11.9,6.5,4.59,53.4,1172,mobile,South,plus,
103150,34,124.8,22.3,2.71,52.12,0.272,8.3,,5,4,14.2,6.2,,67.1,1724,mobile,Midwest,premium,beauty
103151,34.6,47,15.1,3.86,22.81,0.716,11.3,65.8,2,1,15.5,8,5,68.2,1138,mobile,Northeast,plus,beauty
103152,51.1,99.6,43.4,3.31,116.76,0.191,11.1,57.8,1,3,15.5,12.9,,57.4,2752,desktop,South,premium,groceries
103153,52.6,115.7,35.8,10.55,55.91,0.567,5.1,36.7,5,1,8.1,17.2,,48.9,2754,desktop,Northeast,basic,home
103154,44.8,46.2,24.3,6.1,25.82,0.488,10.1,68.9,0,1,2.9,6.9,5,47.7,873,desktop,Northeast,basic,groceries
103155,64.9,111.6,18.3,4.19,115.41,0.264,7.4,,1,2,17.7,6.3,5,53.5,2401,mobile,Northeast,premium,
103156,31.8,48.9,23.6,9.64,28.58,0.722,16.2,34.7,2,3,17.6,7.1,5,52.4,1394,mobile,South,basic,electronics
103157,29.7,,1,6.53,60.78,0.476,12.5,58.3,2,3,19.9,9.6,4.81,60.3,2019,desktop,South,basic,groceries
103158,30.9,90,6.5,3.58,84.05,0.281,15.1,,1,4,15.1,8.2,5,50.8,2044,mobile,Midwest,basic,groceries
103159,50.6,102.7,41.7,4.31,70.94,0.115,8.1,51.7,2,3,19.4,12.4,5,67.6,1620,mobile,West,plus,beauty
103160,41.6,60,31.8,4.32,33.77,0.506,15.1,67.6,1,0,1.7,5.2,5,60.3,1569,tablet,Northeast,plus,groceries
103161,22.7,67.8,31,7.04,42.41,0.514,4.5,22.2,3,0,10.9,8,5,47.1,1937,mobile,Midwest,basic,groceries
103162,43.9,61.5,29.4,4.34,27.61,0.741,10.7,28.6,1,1,14.4,4.8,5,55,1400,mobile,West,premium,beauty
103163,43.9,93.2,12.8,9.86,52.23,0.344,6,26.1,4,6,11.6,11.2,5,61.9,1840,,West,basic,electronics
103164,44.8,112.7,40,4.74,63.81,0.405,10.3,39.6,1,2,13.3,7.3,5,46.1,2046,mobile,West,premium,
103165,30.7,108.8,25.3,4.42,84.18,0.245,5.2,96.7,1,1,24.4,3.7,5,56.5,1872,mobile,Northeast,premium,electronics
103166,60,103.5,38.5,3.72,94.02,0.201,8.6,54.6,0,1,23.7,9.3,5,46.2,2514,mobile,Northeast,plus,
103167,50.3,44.3,15.9,3.8,26.81,0.615,16.5,62.8,0,0,22,6.5,5,74.4,1248,tablet,West,plus,groceries
103168,33.5,,30.6,7.67,20.53,0.639,20,63,2,2,8.3,8.1,4.46,50.1,1216,,South,basic,groceries
103169,39.4,86.3,30.8,6.31,56.6,0.559,9.7,29.5,3,2,16.4,10,4.9,65.2,1696,mobile,South,plus,groceries
103170,39.5,89.1,34.7,6.67,60.27,0.223,7.8,13.3,2,0,10.5,14.3,5,61.2,1913,mobile,West,plus,groceries
103171,54.1,134.5,25.8,5.89,81.38,0.094,4.3,30.9,0,0,21.8,1.9,5,39.8,2620,mobile,Midwest,premium,home
103172,33,72.2,24.9,4.31,65.84,0.308,15.7,65.2,1,2,36,9.1,5,59.8,1320,mobile,West,plus,groceries
103173,45.3,93.5,28.9,9.4,59.83,0.455,14.5,50,1,3,12.8,7.7,5,69.3,2527,mobile,South,premium,beauty
103174,36.1,89.5,14,1.36,48.84,0.072,15.5,67.6,4,5,10.4,12.6,4.75,58.6,1454,mobile,West,basic,electronics
103175,41.2,,23.1,9.75,58.62,0.458,9.1,28.4,5,3,12.4,10.1,5,52.1,2072,tablet,Midwest,premium,home
103176,32.2,57.9,29.4,6.89,26.1,0.964,14,62.1,2,1,0,2.9,5,56.1,1316,desktop,Midwest,basic,groceries
103177,43.4,53.2,41.2,7.03,30.19,0.55,12.3,,1,1,2.1,3,5,51.8,1412,mobile,Midwest,basic,groceries
103178,29.2,71.4,20.5,4.45,78.89,0.296,11.7,50.9,3,2,43,8.5,4.88,58.1,1971,mobile,West,basic,groceries
103179,57,125.4,33.9,6.33,119.06,0.472,6.5,75,0,1,19.1,11.8,4.92,56.2,3269,tablet,West,premium,groceries
103180,42.2,123.5,17.7,4.94,103.39,0.172,7.3,103.7,1,1,14.1,12.7,5,65.4,2661,mobile,South,premium,electronics
103181,35.6,56.6,25,4.79,27.15,0.635,8.9,31.4,2,2,0.4,6.7,4.99,55.4,975,mobile,South,basic,groceries
103182,28.1,91.6,25.7,6.47,88.29,0.348,13.5,88.3,6,3,43,13.5,3.55,59.1,2264,mobile,West,basic,groceries
103183,41.8,100.9,23.4,8.8,76.2,0.354,15.2,83.1,2,1,14.5,12.1,5,62.8,2548,mobile,Midwest,plus,groceries
103184,35.7,60.6,31.5,1.34,83.13,0.115,17.3,66.1,1,2,11.4,0.2,4.82,68.3,2192,desktop,South,premium,electronics
103185,39.3,90.2,26.3,5.86,108.17,0.236,6,58.1,1,0,19.1,6.7,5,48.1,2852,mobile,West,premium,home
103186,46.3,,21,9.38,63.35,0.308,4.7,,3,3,10.5,8.6,5,49.6,1930,mobile,South,plus,groceries
103187,28.9,82.6,12.5,7.02,47.46,0.452,11.6,38.9,2,1,10.6,22.6,4.63,50.6,2031,desktop,Midwest,plus,beauty
103188,40.1,95.5,9.7,5.18,94.83,0.132,9.5,20.5,2,1,10.9,4.8,5,43.8,2759,mobile,West,premium,groceries
103189,44.8,111.7,51.5,7.24,72.99,0.12,5.2,47.9,0,1,17.9,12.3,,64.3,2161,desktop,Northeast,premium,home
103190,38.4,86.7,18,5.41,61.08,0.279,10.9,63.2,2,2,9.1,12,5,61.4,1729,desktop,West,basic,groceries
103191,48.5,81.8,31.4,4.32,90.51,0.232,5.9,61.1,1,2,27.9,9.1,5,54.9,2342,mobile,West,premium,beauty
103192,40.5,92.1,16.1,5.04,66.92,0.286,9.4,71.5,2,1,23.8,9.8,5,57.7,1911,desktop,Northeast,premium,electronics
103193,39,76.7,30.3,5.7,26.72,0.673,5.7,54.9,1,0,21,7.8,5,63.7,1162,mobile,Northeast,plus,groceries
103194,47.8,,43.1,6.94,55.32,0.314,12.7,63.6,0,2,10,16.6,5,60.4,1981,mobile,West,basic,home
103195,39,83,16.2,7.51,39.32,0.502,12.4,,1,4,16.6,18.1,4.81,50.9,1016,mobile,South,basic,groceries
103196,46.4,85.5,35.2,6.56,86.75,0.068,2.9,67.6,2,2,14.8,8.8,5,60.8,1981,mobile,West,plus,groceries
103197,56.2,128.2,20.8,3.29,100.06,0.318,6.6,54.1,2,1,23.5,10,4.72,41.1,2417,desktop,Midwest,plus,home
103198,66.3,110.6,20.8,3.65,95.8,0.182,2.7,101.7,1,1,6,10.3,5,57.6,2347,mobile,Northeast,premium,home
103199,35.1,48.7,28.2,8.07,29.82,0.654,10.2,,0,0,22,4.4,5,57.3,1776,mobile,West,premium,home
103200,24,117.3,22.6,4.29,87.9,0.178,17.4,83.2,4,0,38,4.8,5,59.9,2102,mobile,West,plus,home
